produto,total_vendas,receita_total
SABAO EM PO OMO LAVAGEM PERFEITA 800G,1293019.0,18390828.08
"SABAO EM PO OMO LAVAG PERF CX 1,6KG",534324.0,13398055.44
SABAO EM PO BRILHANTE LIMPEZA TOTAL 2.2KG,582459.0,13086530.92
DETERGENTE LIQUIDO YPE NEUTRO 500ML,4574277.272,11463686.99
DETERGENTE LIQUIDO YPE CLEAR 500ML,4210826.289999999,10573412.08
"SABAO EM PO OMO LAVAG PERF CX 2,2KG",319448.0,10052382.13
"SABAO EM PO BRILHANTE LIMP TOTAL CX 1,6KG",464791.83900000004,8889596.48
"SABAO EM PO TIXAN YPE PRIMAVERA CX 1,6KG",447406.8,8520996.28
"SABAO EM PO TIXAN YPE MACIEZ CX 1,6KG",404095.0,7726962.49
SABAO EM PO TIXAN YPE PRIMAVERA 2.2KG,328782.0,7466373.67
AMACIANTE DILUIDO YPE ACONCHEGO 2L,681912.7650000001,6611267.56
AGUA SANITARIA QBOA 2L,833956.16669,6590758.16
SABAO EM PO TIXAN YPE PRIMAVERA CX 800G,518905.745,6018656.85
DETERGENTE LIQUIDO LIMPOL NEUTRO 500ML,2416116.66,5929214.62
SABAO EM PO BRILHANTE LIMPEZA TOTAL 800G,514054.0,5862914.39
SABAO EM PO TIXAN YPE MACIEZ 800G,469356.55,5411135.15
SABAO EM PO TIXAN YPE PRIMAVERA GTS 10% 2.2KG,253544.0,5373399.0
DETERGENTE LIQUIDO YPE COCO 500ML,1996860.182,5117107.47
SABAO EM PO BRILHANTE LIMPEZA TOTAL 1.6KG,257916.69999999998,5115701.22
AGUA SANITARIA QBOA 1L,1211342.5599,5079065.26
SABAO EM PO TIXAN YPE MACIEZ CX 2.2KG,200760.0,4645962.78
DETERGENTE LIQUIDO YPE MACA 500ML,1714858.5539999998,4346459.8
AMACIANTE DILUIDO YPE INTENSO 2L,446449.0,4345449.57
DETERGENTE LIQUIDO YPE LIMAO 500ML,1652638.513,4173355.14
SABAO LIQUIDO OMO LAVAGEM PERFEITA 900ML,257659.0,4007514.83
DETERGENTE LIQUIDO LIMPOL CRISTAL 500ML,1594724.993,3927122.41
SABAO EM PO SURF ROSAS/FLOR DE LIS 1.6KG,251149.0,3917694.42
SABAO EM PO BRILHANTE LIMPEZA TOTAL 2.4KG,163976.0,3909496.94
AGUA SANITARIA QBOA 5L,235685.5,3867396.7
AGUA SANITARIA YPE FRASCO 2L,490610.0,3851993.08
SABAO LIQUIDO OMO LAVAGEM PERFEITA 3L,85443.0,3667383.12
AMACIANTE CONCENTRADO DOWNY BRISA INTENSO 500ML,278316.00006,3447075.32
AMACIANTE CONCENTRADO DOWNY BRISA DE VERAO FRASCO 500ML,273899.18678000005,3399944.73
DETERGENTE LIQUIDO LIMPOL COCO SQUEEZE 500ML,1358786.4719999998,3359637.38
AMACIANTE CONCENTRADO DOWNY BRISA DE VERAO FRASCO 1L,134392.0,3168518.07
OUTROS PRODUTOS,342736.0,3113732.63
DETERGENTE LIQUIDO YPE CAPIM LIMAO 500ML,1224369.167,3086460.16
SABAO EM PO BRILHANTE SPERFUME SC 4KG,99201.6,3081816.42
SABAO LIQUIDO BRILHANTE LIMPEZA TOTAL 3L,98893.0,3064515.75
SABAO EM PO TIXAN YPE MACIEZ SC 400G,528724.594,3021680.01
SABAO EM PO TIXAN YPE PRIMAVERA SC 4KG,87628.0,2990805.45
AMACIANTE DILUIDO YPE ACONCHEGO 5L,147660.0,2982820.87
"SABAO EM PO OMO LAVAG PERF SC 2,4KG",91769.0,2935834.51
LIMPADOR MULTIUSO VEJA ORIGINAL SQUEEZE 10%DESC 500ML,559025.0009999999,2887314.13
DETERGENTE LIQUIDO LIMPOL MACA SQUEEZE 500ML,1096758.711,2683850.85
DETERGENTE LIQUIDO LIMPOL LIMAO SQUEEZE 500ML,1088442.9470000002,2681133.52
DETERGENTE LIQUIDO YPE CLEAR CARE 500ML,1050256.5,2646162.16
AMACIANTE CONCENTRADO DOWNY BRISA INTENSO FRASCO 1L,109887.0,2597793.39
AGUA SANITARIA DRAGAO 1L,1176116.0,2459460.73
AGUA SANITARIA YPE GALAO 5L,162427.0,2431700.37
SABAO EM PO TIXAN YPE PRIMAVERA SACHE 1.6KG,122067.0,2378473.71
SABAO EM PO ALA LAVANDA 400G,669777.0,2338086.79
"SABAO EM PO TIXAN YPE PRIMAVERA 10% DESC CX 1,6KG",132249.0,2336862.3
SABAO LIQUIDO UAU ROSAS SEDUCAO 3L,85387.0,2240708.71
AMACIANTE CONCENTRADO DOWNY LIRIOS DO CAMPO FRASCO 500ML,168813.9999,2125448.27
"SABAO EM PO URCA MAXX 2,2KG",121831.5,2097857.44
SABAO EM PO ALA ROSAS E FLOR DE LIS SACHE 400G,598056.0,2088674.24
SABAO LIQUIDO UAU ACTIVE 3L,78610.0,2088383.88
AGUA SANITARIA CLORITO 1L,1086362.0,2084156.77
AGUA SANITARIA YPE FRASCO 1L,452351.0,2039877.59
SABAO EM PO BRILHANTE ALTA PERFORMACE PRO 4KG,51457.9999,2010709.62
SABAO EM PO TIXAN YPE MACIEZ CX 1.6KG,100897.3602,1980934.29
AMACIANTE CONCENTRADO DOWNY BRISA DE VERAO FRASCO 450+50ML,162146.0,1929745.9
AMACIANTE CONCENTRADO DOWNY LIRIOS DO CAMPO FRASCO 1L,80382.0,1917462.19
DETERGENTE LIQUIDO MINUANO NEUTRO 500ML,804100.0,1889631.61
SABAO EM PO SURF 5EM1 FLOR DE LIS PCT 800G,201362.0,1887003.77
LIMPADOR MULTIUSO VEJA ORIGINAL SQUEEZE 500ML,360855.0,1847127.96
SABAO LIQUIDO AQUAFAST MULTIACAO 3L,84155.4,1842334.88
AMACIANTE CONCENTRADO COMFORT FRESCOR INTENSO FRASCO 500ML,160592.0,1780333.24
SABAO EM PO TIXAN YPE PRIMAVERA2.4KG,68972.0,1770124.25
"SABAO EM PO OMO LAVAG PERF 5,6KG",24153.0,1759624.83
SABAO EM PO ALA CUIDADO DO COCO 400G,501612.0,1756974.19
AGUA SANITARIA TUBARAO 1L,722449.0,1753690.13
SABAO EM PO BRILHANTE CUIDADO TOTAL 800G,149197.0,1753643.83
SABAO EM PO TIXAN YPE MACIEZ SC 4KG,42902.0,1720238.6
SABAO LIQUIDO BRILHANTE LIMPEZA TOTAL SC 900ML,131644.0,1719063.03
AMACIANTE CONCENTRADO COMFORT INTENSIVO FRASCO 900ML,90830.0,1687364.85
SABAO EM PO OMO LAVANDA CART 800G,98621.0,1625822.89
SABAO EM PO TIXAN YPE PRIMAVERA SACHE 400G,311260.0,1619564.86
AMACIANTE CONCENTRADO GIRANDO SOL  COCO BAUNILHA 1L,95083.0,1606716.08
SABAO EM PO GIRANDO SOL OPTICAL WASH FLORAL PARIS 4KG,60482.0,1602527.33
AMACIANTE CONCENTRADO DOWNY FRESCOR DA PRIMAVERA FR 500ML,127323.7869,1597752.59
LAVA ROUPAS LIQ BRILHANTE LIM TOTAL BRANC COLORID GL 5000ML,42358.0,1586062.81
"SABAO EM PO SURF CUIDADO DO COCO PCT 1,6KG",96882.0,1581732.41
AMACIANTE DILUIDO YPE TERNURA 2L,162205.0,1568703.12
SABAO EM PO TIXAN YPE MACIEZ SC 800G,137737.0,1552300.04
SABAO EM PO TIXAN YPE PRIMAVERA SC 800G,138506.0,1550232.77
SABAO EM PO TIXAN YPE PRIMAVERA CX 400G,234915.91460000002,1503990.03
SABAO EM PO OMO PURO CUIDADO CX 800G,89267.0,1485320.68
SABAO EM PO OMO SCH LAVAGEM PERFEIT 400G,151321.31089999998,1474761.99
DESINFETANTE PINHO SOL ORIGINAL 1L,91201.0,1473094.31
AGUA SANITARIA GIRANDO SOL VERDE 2L,232811.5,1447172.27
"AMACIANTE CONCENTRADO DOWNY BRISA DE VERAO FRASCO 1,5L",47669.0,1436035.18
AGUA SANITARIA OLIMPO 1L,668498.5,1426659.57
SABAO EM PO BRILHANTE LIMP TOTAL PCT 800G,112384.0,1403569.55
AMACIANTE CONCENTRADO DOWNY BRISA SUAVE 500ML,111823.2499,1397880.75
AMACIANTE CONCENTRADO DOWNY BRISA SUAVE FRASCO 1L,60246.0,1396316.76
AGUA SANITARIA CANDURA 2L,229536.0,1372924.2
SABAO LIQUIDO OMO PURO CUIDADO 900ML,84787.935,1364513.39
SABAO EM PO OMO LAVAGEM PERFEITA 400G,154790.0,1343640.23
AMACIANTE DILUIDO YPE CARINHO 2L,134882.0,1312650.74
SABAO LIQUIDO TIXAN YPE PRIMAVERA 3L,47600.479999999996,1307548.6
"AMACIANTE CONCENTRADO GIRANDO SOL COCO E BAUNILHA 1,5L",59264.0,1292470.95
AMACIANTE DILUIDO BABY SOFT TOQUE DE CARINHO 2L,159084.0,1290809.16
SABAO EM PO SURF CUIDADO DO COCO 5EM1 800G,132923.005,1261513.48
LIMPADOR ESSENCIA COALA CONCENTRADO CHA BRANCO 120ML,86717.0,1260348.9
AGUA SANITARIA GIRANDO SOL VERDE 5L,97835.0,1257728.16
"AMACIANTE CONCENTRADO DOWNY BRISA INTENSO FRASCO 1,5L",42868.0,1251908.36
LIMPADOR MULTIUSO UAU CLORO ATIVO SQZ 500ML,120717.0,1228472.9
AGUA SANITARIA SUPREMA GF 2L,236431.0,1223026.13
SABAO EM PO TIXAN YPE MACIEZ SC 2.4KG,46221.78,1216657.85
AMACIANTE CONCENTRADO DOWNY FRESCOR DA PRIMAVERA FRASCO 1L,50854.999,1203069.0
DETERGENTE LIQUIDO MINUANO CLEAR 500ML,503119.9999,1182589.85
SABAO EM PO ASSIM TRIPLA ACAO 800G,134543.0,1176948.46
AMACIANTE CONCENTRADO DOWNY POUCH BRISA DE VERAO 750ML,68226.0,1166997.23
SABAO EM PO MINUANO MAXIMA LIMPEZA 2.2KG,53574.0,1158259.63
AMACIANTE DILUIDO YPE DELICADO 2L,118469.0,1150390.95
DESINFETANTE PINHO SOL ORIGINAL 500ML,124302.0,1148625.9
AMACIANTE DILUIDO GIRANDO SOL AZUL 5L,61180.0,1136701.55
LIMPADOR PERFUMADO UAU LAVANDA E CONFORTO PROMO20% 1L,135647.015,1134721.47
SABAO LIQUIDO URCA MAXX AZUL 3L,67959.0,1133884.43
"BRILHANTE SABAO EM PO HIG TOTAL SC 1,6KG",55314.0,1128178.23
SABAO LIQUIDO OMO PURO CUIDADO FR 3L,25650.0,1123237.92
AMACIANTE CONCENTRADO DOWNY POUCH BRISA INTENSO 750ML,65324.0,1120380.5
SABAO EM PO BRILHANTE LIMPEZA TOTAL LV1.6KG PG1.45KG 1.6KG,54849.0,1119782.35
SABAO LIQUIDO BRINORT SUPER CONCENTRADO 2L,109099.0,1093676.61
SABAO EM PO ASSIM TRIPLA ACAO COM BICARBONATO 2.2KG,54055.0,1088428.76
TIRA MANCHA VANISH PO S/CLORO OXI ACT CRYSTAL WHITE REF 400G,48833.0,1083828.14
"LIMPEZA PESADA CIF EM PO PROFISSIONAL SC 2,4KG",52721.0,1079869.68
SABAO EM PO BEM TE VI LAVANDA 400G,360566.3,1078688.43
AMACIANTE CONCENTRADO COMFORT FRESCOR INTENSO FRASCO 1L,44607.002,1076320.92
AGUA SANITARIA BRILUX LV1L PG900ML 1L,364075.0,1070805.15
SABAO EM PO BEM TE VI COCO CUIDADO ESTENDIDO 400G,355801.0,1068351.01
SABAO EM PO SURF 5EM1 LAVANDA PCT 800G,112028.0,1065587.24
DETERGENTE LIQUIDO MINUANO COCO 500ML,447097.735,1057755.04
SABAO EM PO ALA LAVANDA 800G,131220.0,1052178.51
"SABAO EM PO BRILHANTE CUIDADO TOTAL SC 1,6KG",50638.0,1051248.65
SABAO EM PO ASSIM BICARBONATO TRIPLACAO 1.6KG,72950.0,1049874.74
LIMPADOR MULTIUSO VEJA GOLD CAMPESTRE 10%DESC SQZ 500ML,191269.0,1038609.02
SABAO LIQUIDO AQUAFAST MULTIACAO 5L,31674.0,1038273.62
TIRA MANCHA VANISH GEL S/CLORO CRYSTAL WHITE 500ML,89824.499,1038129.99
LIMPADOR PERFUMADO UAU FLORES VERMELHAS PROMO20% 1L,123176.0,1034544.22
"SABAO EM PO BRILHANTE CUIDADO TOTAL CX 1,6KG",50344.0,1027777.14
AMACIANTE CONCENTRADO COMFORT TRADICIONAL FRASCO 500ML,82685.0,1023817.15
SABAO EM PO GIRANDO SOL OPTICAL WASH FLORAL PARIS 1.6KG,78309.5,1021883.48
SABAO EM PO ALA ERVA DOCE E BICARBONATO SACHE 400G,283617.0,1012706.65
AMACIANTE CONCENTRADO GIRANDO SOL AZUL 1L,60018.0,998932.22
"SABAO LIQUIDO UAU CHA BRANCO PERFUMADO 2,7L",37517.0,986600.97
AMACIANTE CONCENTRADO  DOWNY ALFAZEMA 500ML,90403.0,986370.04
TIRA MANCHA VANISH GEL REFIL 500ML,85261.0,983190.39
AMACIANTE CONCENTRADO COMFORT FRESCOR INTENSO SCH 400ML,137860.33333,982023.64
TIRA MANCHA GIRANDO SOL SEM CLORO 2L,79052.0,961897.47
DESENGORDURANTE VEJA COZINHA GOLD LIMAO 20%DESC 500ML,69865.0,961417.87
LIMPEZA PESADA DIABO VERDE DESENTUPIDOR PIAS E RALOS 300G,40548.81,960869.91
LIMPADOR PERFUMADO UAU CHA BRANCO PROMO20% 1L,113296.0,956954.0
LIMPADOR MULTIUSO UAU ROSAS E SEDUCAO SQZ 500ML,195821.999,956275.35
LIMPADOR MULTIUSO VEJA LAVANDA PG450ML LV500ML,175094.65,956233.24
SABAO EM PO MINUANO MAXIMA LIMPEZA 1.6KG,60993.0,943893.45
LIMPADOR MULTIUSO UAU LAVANDA 500ML,197229.0,936371.91
SABAO LIQUIDO OMO MULTIACA PODER ACEL 5L,15323.0,934718.78
"SABAO LIQUIDO OMO ULTRA POWER FRASCO 1,8L",29513.0,928474.21
LIMPADOR MULTIUSO VEJA GOLD FLORAL 10%DESC SQZ 500ML,169733.0,926876.87
SABAO EM PO GIRANDO SOL OPTICAL WASH COCO BAUNILHA 4KG,35693.0,918984.63
SABAO EM PO OMO LAVAGEM PERFEITA 1.6KG,37877.9999,918888.49
SABAO EM PO ALA ROSA E FLOR DE LIS 800G,113159.0,910743.16
SABAO EM PO GIRANDO SOL OPTICAL WASH FLORAL PARIS 800G,125007.0,909145.55
SABAO LIQUIDO OMO LAVANA SACHE REFIL ECON 900ML,56601.0,907023.07
SABAO LIQUIDO BECKER LAVA ROUPAS VERSATIL 3L,54414.0,901899.5
"AMACIANTE DILUIDO COMFORT TRADADICIONAL EXPLOSAO AZUL 1,8L",34852.0,899684.06
AMACIANTE CONCENTRADO DOWNY VERAO TROPICAL 500ML,72760.99994000001,896409.6
AMACIANTE DILUIDO YPE ACONCHEGO 500ML,223559.43800000002,895058.64
TIRA MANCHA VANISH PO S/CLORO OXI ACTION REFIL 400G,40692.0,894303.72
DESINFETANTE UAU ANTIBAC FLORES/FRUTAS VERMELHAS 10% DESC 2L,93765.954,890094.02
DETERGENTE LIQUIDO MINUANO MACA 500ML,372970.026,889671.3
SABAO EM PO BRILHANTE SC LIMPEZA TOTAL 400G,158042.0,888047.52
DESINFETANTE UAU ANTIBAC LAVANDA E ROSAS 2L,91079.0,879674.4
"SABAO EM PO OMO SANIT&HIG CX 1,6KG",31415.0,873444.23
SABAO EM PO BRILHANTE HIGIENE TOTAL SC 800G,70397.0,871343.97
AMACIANTE CONCENTRADO GIRANDO SOL HIPOALERGÊNICO 1L,52104.0,869597.08
DESINFETANTE PINHO SOL LAVANDA 1L,54061.0,868330.65
SABAO EM PO OMO LAVANDA 1.6KG,29786.9234,864985.53
SABAO EM PO OMO SANIT HIGIENIZA 800G,53262.0,863664.93
SABAO LIQUIDO BRILHANTE LIMPEZA TOTAL REFIL 1.8L,45215.0,857794.13
SABAO EM PO ALA CUIDADO DO COCO 5 EM 1 800G,106229.0,856583.35
AGUA SANITARIA SUPREMA GALAO 5L,87425.0,850934.43
OMO LAVA ROUPAS LIQ LAVAG PERF PRO GL 7L,11982.0,850093.38
AMACIANTE DILUIDO GIRANDO SOL AZUL 2L,98253.0,845142.65
AMACIANTE DILUIDO YPE INTENSO 5L,43951.0,843384.93
DESINFETANTE PINHO SOL ORIGINAL LV500ML PG450ML,100059.0,843179.68
DETERGENTE LIQUIDO MINUANO LIMAO 500ML,354628.0,841666.39
LIMPADOR ESSENCIA COALA LAVANDA 120ML,58837.0,826274.18
DESINFETANTE LYSOFORM BRUTO 1L,48968.0,823214.72
AMACIANTE CONCENTRADO DOWNY VERAO TROPICAL 1L,35993.0,819813.46
SABAO EM PO GIRANDO SOL OPTICAL WASH CUIDA PROTEGE 4KG,32168.5,818798.9
SABAO EM PO GIRANDO SOL OPTICAL WASH ROSA FLORAL 4KG,29098.5,815313.03
SABAO EM PO BRILHANTE CUIDADO TOTAL PCT 800G,63445.0,811802.64
SABAO EM PO OMO LAVAGEM PERFEITA GTS150G 1.6KG,30746.0,806825.94
"SABAO EM PO BRILHANTE 2,2KG",35619.0,805197.44
AMACIANTE CONCENTRADO COMFORT PURO CUIDADO FRASCO 900ML,42988.0,804974.86
"OMO SABAO EM PO SANIT&HIG CX 2,2KG",25738.0,804192.79
SABAO LIQUIDO GIRANDO SOL COCO BAUNILHA 2L,40353.0,800040.61
SABAO EM PO TIXAN YPE PRIMAVERA 2X800G+AMACIANTE CONC 500ML,35669.0,799392.67
DESINFETANTE UAU ANTIBAC FLORES E FRESCOR 10% DESC 2L,81507.0,783721.41
DETERGENTE LIQUIDO YPE NEUTRO 5L,30503.0,781452.57
LIMPADOR ESSENCIA COALA ORQUIDEA 120ML,54784.0,779820.68
"AMACIANTE CONCENTRADO DOWNY LIRIO DO CAMPO FRASCO 1,5L",24846.0,774321.68
"OMO SABAO EM PO LAVAG PERF SC 1,6KG",26886.0,769811.67
DESINFETANTE PINHO SOL ORIGINAL LV1L PV900ML 1L,50962.0,766398.0
"SABAO EM PO OMO PURO CUIDADO CX 1,6KG",25988.124,765041.61
SABAO EM PO TIXAN YPE PRIMAVERA LV4KG PG3.6KG 4KG,20189.0,763041.45
SABAO EM PO GOTA LIMPA HARMONIA 4KG,39376.0,761440.73
"AMACIANTE CONCENTRADO DOWNY BRISA SUAVE 1,5L",25607.0,759731.81
"AMACIANTE DILUIDO MON BIJOU MAIS PERFUME 1,7L",78017.0,759056.26
SABAO LIQUIDO TIXAN YPE PRIMAVERA RF 900ML,60890.0,746825.53
SABAO EM PO BRILHANTE HIGIENE TOTAL 1.6KG,37668.0,746757.64
SABAO LIQUIDO GIRANDO SOL ACAO TOTAL 3L,29551.0,746442.6
SABAO EM PO MINUANO AZUL 800G,76392.0,742380.35
AMACIANTE DILUIDO BABY SOFT TOQUE DE CARINHO 5L,41876.0,735766.36
AMACIANTE DILUIDO URCA BRISA PRIMAVERA 5L,55100.0,735443.97
LIMPADOR MULTIUSO VEJA POWER FUSION SQUEEZE LIMAO 500ML,73753.1,730329.02
LIMPADOR PERFUMADO CASA E PERFUME SENSUALIDADE 500ML,129516.0,724981.99
"AMACIANTE CONCENTRADO GIRANDO SOL AZUL 1,5L",33359.0,723722.23
LIMPEZA PESADA VEJA X-14 CLORO 2 EM 1 ATIVO 20%DESC 1L,39007.0,723064.57
"SABAO EM PO BRILHANTE LIMP TOTAL PCT 1,6KG",34051.0,710076.82
SABAO LIQ BRILHANTE ALTA PERFORMANCE 7L,12858.0,706383.99
SABAO LIQUIDO VIDA MACIA 1L,28013.0,703328.52
SABAO EM PO OMO BRANCO ABSOLUTO 720G,40384.0,699857.03
AMACIANTE CONCENTRADO DOWNY BRISA DE VERAO LV1 PG900 1L,30970.0,698686.43
"SABAO EM PO TIXAN YPE PRIMAVERA SC 1,3KG",43722.0,697688.54
LIMPADOR PERFUMADO UAU LAVANDA E CONFORTO 500ML,131840.0,696335.78
LIMPADOR PERFUMADO CASA E PERFUME SENSUALIDADE 1L,66643.0,694222.52
LIMPADOR PERFUMADO UAU BRISA E FRESCOR PROMO20% 1L,80281.725,692239.16
OMO LAVA ROUPAS LIQ LAVANDA GL 3L,15613.0,691659.38
"SABAO EM PO ACE SC 1,5KG",58502.0,689174.72
AMACIANTE CONCENTRADO DOWNY POUCH BRISA SUAVE 750ML,40136.076,685915.83
AMACIANTE DILUIDO VIDA MACIA CAMOMILA 1L,48890.0,681400.77
"AMACIANTE CONCENTRADO DOWNY ALFAZEMA 1,5L",27876.0,680036.86
SABAO EM PO BEM TE VI SUPER BRANCO 400G,226704.0,673152.97
SABAO LIQ OMO LAVAGEM PERFEITA SC REFIL 700ML,51601.0,671668.12
SABAO LIQUIDO GIRANDO SOL GLICERINA 2L,34386.5,670446.43
LIMPADOR PERFUMADO UAU FLORES VERMLEHAS 500ML,127731.78899999999,670419.86
DETERGENTE LIQUIDO MINUANO MARINE 500ML,281943.0,670044.02
AGUA SANITARIA CANDURA 5L,58724.0,668669.56
LIMPADOR PERFUMADO CASA E PERFUME AGRADABLE 1L,63716.0,667135.93
SABAO EM PO GIRANDO SOL OPTICAL WASH ROSA FLORAL 800G,89812.2,666652.73
LIMPEZA PESADA VEJA X-14 CLORO ATIVO 2 EM 1 20%DESC 500ML,55550.0,659801.13
SABAO EM PO GIRANDO SOL OPTICAL WASH ROSA FLORAL 1.6KG,50050.0,656633.59
"AMACIANTE DILUIDO SONHO MAGIC GARRAFA LV2L PG1,8L",61292.0,654143.5
AMACIANTE DILUIDO GIRANDO SOL ROSA 5L,35308.0,649890.61
SABAO LIQUIDO UAU ROSAS E SEDUCAO 800ML,65184.995,644092.15
SABAO EM PO URCA CONCENTRADO SACHE 800G,109125.0,643529.45
DETERGENTE LIQUIDO LIMPOL LAVANDA 500ML,260203.194,643294.62
AMACIANTE CONCENTRADO DOWNY BRISA SUAVE 450+50ML 500ML,55561.0,640050.18
"AMACIANTE CONCENTRADO COMFORT INTENSE CUID ESSENCIAL 1,5L",21513.0,639560.84
AMACIANTE DILUIDO AQUAFAST FRESCOR DA MANHA 5L,44230.8,635196.42
SABAO LIQUIDO OMO ACAO TOTAL 750ML,35018.0,634599.06
"SABAO EM PO MINUANO CONCENTRADO MX  LIMP 1,6KG",36368.0,632453.75
LIMPADOR PERFUMADO CASA E PERFUME AGRADABLE 500ML,112183.0,632183.42
AMACIANTE DILUIDO URCA BRISA PRIMAVERA 2L,85580.0,631367.96
SABAO EM PO OMO L800P600 800G,44828.0,631101.46
ARIEL LAVA ROUPAS LIQ CLASSICO REFIL SC 700ML,43787.0,630356.73
DESINFETANTE UAU ANTIBAC FLORES DE PRIMAVERA 2L,63965.0,627477.77
SABAO LIQUIDO VIDA MACIA 500ML,45871.0,625606.62
DESINFETANTE PINHO SOL LAVANDA 500ML,67044.927,624857.09
SABAO LIQUIDO GIRANDO SOL HIPOALERGENICO 2L,31895.5,624780.23
SABAO LIQUIDO AQUAFAST GLICERINA 3L,28023.0,619976.19
LIMPEZA PESADA AJAX FRESH LEMON LUMINOL CM 500ML,59812.0,616026.5
SABAO EM PO BEM TE VI PERFUME DAS FLORES 400G,203918.5,607203.68
"SABAO EM PO ACE ROUPAS BRANCAS 2,2KG",31549.0,605876.13
SABAO EM PO SURF 5EM1 LIMAO E BICARBONATO PCT 800G,63394.0,599662.31
DESENGORDURANTE DIABO VERDE LIMPA FORNO 250G,35362.375,595291.33
SABAO EM PO AMACITEL TOQUE DE POESIA 1.6KG,50063.0,594132.12
SABAO EM PO ASSIM MICELAR TRIPLACAO CX 800G,67041.0,593141.0
LIMPADOR PERFUMADO UAU CHA BRANCO 500ML,111595.0,589137.68
LIMPADOR MULTIUSO PERFUMADO UAU CHA BRANCO 480ML,121225.0,587178.25
SABAO EM PO BRILHANTE LIMPEZA TOTAL PCT TAM FAM 4KG,16287.0,586859.47
SABAO EM PO OMO CLINICAL PRO 4KG,10632.0,583379.1
SABAO LIQUIDO GIRANDO SOL COCO 3L,22591.5,582457.14
SABAO LIQUIDO OMO CICLO RAPIDO ACAO ANTIODOR FC 750ML,31794.0,579516.3
DESINFETANTE LYSOFORM LAVANDA 1L,34974.0,578827.81
AMACIANTE DILUIDO AMACITEL TOQUE DE POESIA 2L,57301.0,578649.95
SABAO EM PO TIXAN YPE PRIMAVERA 1.7KG,35850.0,577124.95
"LIMPADOR PERFUMADO UAU LAVANDA E CONFORTO PROMO20% 1,8L",49601.0,575793.48
AGUA SANITARIA ACTUALY 5L,61125.0,571618.17
SABAO EM PO TIXAN YPE PROFISSIONAL PRIMAVERA SC 8KG,6685.0,570046.2
SABAO EM PO BRILHANTE HIGIENE TOTAL 800G,47594.0,569414.5
DESINFETANTE PINHO BRIL SILVESTRE PLUS 1L,47935.0,565263.4
LIMPADOR ESSENCIA COALA ALGODAO 120ML,39995.0,563258.86
TIRA MANCHA VANISH SUPER BARRA S/CLORO WHITE 75G,64409.0,558729.88
SABAO EM PO OMO PURO CUIDADO 2.2KG,16764.0,557782.63
"SABAO EM PO BABY SOFT CONCENTRADO SACHE 1,6KG",50385.0,556714.1
SABAO EM PO AMACITEL ALEGRES ENCANTOS 1.6KG,47216.0,556460.26
AGUA SANITARIA DRAGAO 2L,114682.0,548279.71
SABAO EM PO TIXAN YPE PRIMAVERA SC LV800G PG720G,51206.0,546323.62
LIMPADOR PERFUMADO UAU REQUINTE PROMO20% 1L,63790.0,545068.34
LIMPADOR ESSENCIA COALA CITRONELA 120ML,37652.0,543696.52
LIMPEZA PESADA PEDREX LIMPA PEDRAS 2L,23803.295,539155.89
SABAO LIQUIDO GUIMARAES MIL FLORES AZUL 5L,21484.0,537470.95
SABAO LIQUIDO GIRANDO SOL GLICERINA 3L,21674.0,537068.33
LIMPADOR PERFUMADO VEJA PERFUMES LAVANDA DA FRANCA 2L,34581.0,534802.66
DETERGENTE LIQUIDO YPE CLEAR DESC 10% C/6 500ML,41475.0,533001.08
AMACIANTE CONCENTRADO COALA CHA BRANCO 1L,39731.0,532102.85
SABAO EM PO ASSIM TRIPLA ACAO EMB ECONOMICA 800G,69642.0,531576.07
AGUA SANITARIA CANDURA 1L,149455.0,530453.22
SABAO EM PO GIRANDO SOL OPTICAL WASH CUIDA PROTEGE 1.6KG,40429.0,530156.76
"LIMPADOR PERFUMADO UAU FLORES VERMELHAS SEDUCAO PROMO 1,8L",44960.0,529473.7
AMACIANTE CONCENTRADO DOWNY ALFAZEMA LAVANDA EXTRA 1L,22774.0,522150.58
DESINFETANTE PINHO SOL LIMAO 500ML,56016.0,521230.8
DESINFETANTE PINHO BRIL CAMPOS LAVANDA 1L,43789.0,520321.04
AGUA SANITARIA GUIMARAES 5L,48764.0,516766.79
DESINFETANTE BAK YPE LAVANDA 2L,47670.0,516549.56
CLORO EM GEL QBOA 1L,43932.0,515476.12
SABAO LIQUIDO UAU ACTIVE 800 ML,51749.0,515064.75
LIMPADOR PERFUMADO UAU BRISA E FRESCOR 500ML,98933.0,514612.12
DETERGENTE LIQUIDO LIMPOL NEUTRO 5L,23220.0,511836.66
AMACIANTE CONCENTRADO COMFORT PURO CUIDADO FRASCO 500ML,38587.0,509172.74
LIMPADOR ESSENCIA COALA EUCALIPTO CITRIODORA 120ML,36029.0,508919.15
AMACIANTE CONCENTRADO COALA ORQUIDEA 1L,37728.066999999995,506895.07
SABAO EM PO ALA ERVA DOCE E BICARBONATO 800G,62819.0,505609.67
"AMACIANTE CONCENTRADO DOWNY VERAO TROPICAL 1,5L",18837.0,505474.91
SABAO LIQUIDO AQUAFAST TERNURA 3L,22610.0,505374.0
AMACIANTE DILUIDO AQUAFAST SEDUCAO VERMELHO 5L,34578.99996,504241.52
LIMPADOR MULTIUSO VEJA ORIGINAL SQUEEZE 750ML,69637.0,503212.45
LIMPEZA PESADA VEJA ORIGINAL COM ALCOOL 20%DESC 500ML,42251.0,501981.0
AMACIANTE CONCENTRADO DOWNY BRISA INTENSO DRA 1L,22686.0,499749.48
LIMPADOR MULTIUSO UAU LIMAO COM CANFORA SQZ 500ML,101811.99900000001,497331.95
SABAO LIQUIDO GIRANDO SOL ACAO TOTAL 2L,24800.0,495844.06
DETERGENTE LIQUIDO YPE NEUTRO DESC 10% 6X500ML,36661.0,495267.65
"SABAO EM PO ALA LAVANDA 1,6KG",31157.0,493890.43
TIRA MANCHA VANISH SUPER BARRA S/CLORO 75G,58446.66666,491492.73
SABAO EM PO ASSIM MICELAR TRIPLACAO 1.6KG,33681.0,489074.33
SABAO EM PO COQUEL NATUREZA LIMPA 800G,45163.035,488681.74
DETERGENTE LIQUIDO YPE CLEAR 5L,19620.0,486317.12
SABAO EM PO MINUANO MAXIMA PERFUMACAO 1.6KG,31469.0,486025.79
TIRA MANCHA GIRANDO SOL SEM CLORO 5L,19088.6,484817.89
AGUA SANITARIA BRILUX 1L,153541.0,481903.17
DESENGORDURANTE VEJA LIMAO 30% DESC GATILHO 500ML,21909.0,480949.34
SABAO EM PO BEM TE VI LAVANDA 800G,73832.0,477714.27
SABAO LIQUIDO ALA LAVANDA 700ML,64729.0,476786.91
AGUA SANITARIA SUPER CANDIDA 2L,64935.0,476029.9
AGUA SANITARIA DRAGAO 5L,63974.0,475041.12
SABAO LIQUIDO GUIMARAES COM BICARBONATO LAVANDA 5L,19066.0,473623.19
AMACIANTE CONCENTRADO DOWNY PERF COLLEC MISTICO FRASCO 450ML,36277.0,473084.28
TIRA MANCHA VANISH PO OXI ACTION CRYSTAL WHITE POTE 450G,13804.0,472776.49
DESENGORDURANTE VEJA COZINHA LIMAO SACHE REFIL 400ML,39598.0,471486.12
AMACIANTE CONCENTRADO COMFORT GLAMOUR FRASCO 500ML,37384.99996,471444.93
LIMPEZA PESADA VEJA ORIGINAL COM ALCCOL 20%DESC 1L,24883.0,467323.93
SABAO LIQUIDO TIXAN YPE MACIEZ 3L,15342.0,463923.2
"SABAO EM PO BEM TE VI COCO 1,6KG",37335.0,462094.79
LIMPADOR PERFUMADO CASA E PERFUME AMABLE 1L,44220.0,460990.72
SABAO LIQUIDO TIXAN YPE MACIEZ RF 900ML,37579.0,460888.38
AMACIANTE CONCENTRADO COMFORT PURO CUIDADO FRASCO 1L,19022.0,460835.95
AMACIANTE DILUIDO MINUANO CLASSICO 2L,43371.9999,459011.65
AMACIANTE CONCENTRADO DOWNY  BRISA DE VERAO SACHE400ML,43194.0,458167.0
SABAO LIQUIDO JUA SUPER CONCENTRADO 2L,26239.0,457005.44
ALVEJANTE BRILUX MULTI LV1L PG900ML 1L,113110.0,455504.36
SABAO EM PO BRILHANTE CUIDADO TOTAL 400G,74389.0,454657.03
AMACIANTE DILUIDO GIRANDO SOL ROSA 2L,53200.0,454531.34
"DESINFETANTE PINHO SOL ORIGINAL 1,75L",20177.0,453385.42
"SABAO EM PO TIXAN YPE MACIEZ CX LV1,6KG PG1,52KG",23771.0,453375.72
"SABAO EM PO BEM TE VI LAVANDA 1,6KG",36266.0,451839.68
SABAO EM PO BRILHANTE HIGIENE TOTAL 400G,75118.0,451640.01
LIMPADOR PERFUMADO UAU FLORES E SONHOS PROMO20% 1L,52388.0,450745.35
DESINFETANTE PINHO BRIL SILVESTRE PLUS 500ML,67284.505,449759.08
AMACIANTE DILUIDO VIDA MACIA GLICERINA E AMENDOAS FRASCO 1L,32460.0,448963.06
SABAO EM PO GIRANDO SOL OPTICAL WASH COCO BAUNILHA 1.6KG,34455.5,448409.18
OMO SABAO EM PO LAVAG PERF SC 4KG,7843.0,448189.22
AGUA SANITARIA BARRA 2L,85657.0,448015.01
AGUA SANITARIA SANTA CLARA GF 2L,70962.0,443240.02
SABAO LIQUIDO BRILHANTE LIMPEZA TOTAL 700ML,48189.79,440969.45
DETERGENTE LIQUIDO GOTA LIMPA NEUTRO 500ML,232250.0,438580.12
AMACIANTE DILUIDO COMFORT PURO CUIDADO FRASCO 1.8L,16805.0,438407.52
SABAO EM PO BEM TE VI COCO 800G,67257.0,436350.47
SABAO LIQUIDO AQUAFAST TERNURA 5L,13375.0,436335.17
SABAO LIQUIDO GIRANDO SOL HIPOALERGENICO 3L,17310.5,434254.21
LIMPADOR PERFUMADO AJAX FESTA DAS FLORES LAVANDA 500ML,62856.00004,434133.17
"AMACIANTE DILUIDO SONHO MAGIC GARRAFA LV2L PG1,6L",46471.0,433851.99
GENCO CLORO 3X1 MULTI-USO ACAO GRANULADO 10KG,2293.0,433533.45
AMACIANTE CONCENTRADO DOWNY BRISA SUAVE LV1 PG900ML 1L,19203.0,433482.46
SABAO EM PO TIXAN YPE SENSITIVE SC 4KG,11003.0,432610.27
SABAO LIQUIDO AQUAFAST FLORES BRANCAS E BAUNILHA 3L,19888.0,432443.64
SABAO EM PO GIRANDO SOL OPTICAL WASH CUIDA PROTEGE 800G,58599.0,429867.26
AGUA SANITARIA GIRANDO SOL VERDE 1L,109584.0,429841.2
DESENGORDURANTE CIF DERRETE GORDURA GATILHO 500ML,18712.34,427595.92
AMACIANTE CONCENTRADO YPE BLUE 500ML,41178.0,427455.45
DESINFETANTE GIRANDO SOL DESINF LAVANDA 2L,47141.002,427420.98
"TIRA MANCHA VANISH LAVANDA S/CLORO MULTIUSO 1,2L",18584.0,427122.55
"TIRA MANCHA VANISH GEL S/CLORO CRYSTAL WHITE REFIL 1,2L",18623.0,426577.76
DETERGENTE LIQUIDO GIRANDO SOL NEUTRO 500ML,189033.495,426360.72
LIMPADOR MULTIUSO UAU 3 EM 1 ACAO CLAREADORA SQZ 500ML,86629.0,425919.38
LIMPADOR MULTIUSO UAU FLORAL SQZ 500ML,86761.514,424531.13
SABAO EM PO GIRANDO SOL OPTICAL WASH AZUL FLORAL 7KG,9649.0,424129.96
SABAO LIQUIDO TIXAN YPE PRIMAVERA GTS10% 3L,15152.0,421247.71
ALVEJANTE GUIMARAES S/CLORO 5L,20897.0,419670.39
SABAO LIQUIDO URCA MAXX VERDE GARRAFA 3L,24040.0,418839.94
ALVEJANTE BRILUX MULTI 1L,97831.45,417023.19
DESINFETANTE PINHO SOL LIMAO 1L,26045.0,417016.11
LIMPADOR PERFUMADO CASA E PERFUME BELA FLORE 500ML,74845.0,416881.74
AGUA SANITARIA TRIEX VERDE 2L,80795.3,416122.64
LIMPADOR PERFUMADO UAU FLORES E SONHOS 500ML,80735.0,416034.53
DESINFETANTE BAK YPE LAVANDA 500ML,107012.0,415952.6
AMACIANTE CONCENTRADO UAU ROSAS E SEDUCAO 500ML,46314.0,415544.46
LIMPADOR PERFUMADO CASA E PERFUME BELA FLORE 1L,40066.0,414350.72
AGUA SANITARIA LIMPADUA 2L,83040.0,412980.12
SABAO LIQUIDO OMO CICLO RAPIDO ACAO CUIDADO 750ML,22748.0,412962.59
AMACIANTE CONCENTRADO YPE POR LOCCITANE BRESIL 1L,24287.0,410865.41
DESINFETANTE LYSOFORM BRUTO SUAVE 1L,24398.0,409778.4
"SABAO EM PO URCA CONCENTRADO SACHE 2,4KG",25188.5,409679.41
SABAO LIQUIDO OLA DELICADAS BEBE 500ML,23407.0,407992.72
LIMPADOR PERFUMADO UAU REQUINTE 500ML,78020.0,407441.38
SABAO EM PO TIXAN YPE PRIMAVERA LV1.6KG PG1.52KG 1.6KG,21196.0,404501.35
SABAO EM PO MINUANO MAXIMO CUIDADO 1.6KG,24841.2,403955.25
AMACIANTE CONCENTRADO YPE BLUE 1L,22235.0,403610.27
DETERGENTE LIQUIDO MINUANO MICELAR 500ML,173088.0,402916.05
SABAO EM PO YPE POWER ACT CX 800G,29661.0,399405.98
LIMPADOR PERFUMADO CASA E PERFUME MISTERIO DI AMORE 1L,38834.0,398937.3
LIMPADOR PERFUMADO CASA E PERFUME MISTERIO DI AMORE 500ML,70762.0,396472.89
AMACIANTE CONCENTRADO COMFORT  LAVANDA 900ML,21488.0,396421.95
LIMPADOR PERFUMADO CASA E PERFUME AMABLE 500ML,70626.0,395402.61
LIMPEZA PESADA AJAX FRESH LIMPEZA GERAL 500ML,37798.0,395028.68
LIMPADOR MULTIUSO UAU FLORES E FOLHAS 500ML,81620.99699999999,394578.06
AMACIANTE CONCENTRADO COMFORT BRISA ELEGANTE SC REFIL 900ML,21367.0,394477.57
ALVEJANTE VANISH GEL S/CLORO CRYSTAL WHITE 500ML,24840.0,394108.86
LAVA ROUPAS LIQ BRILHANTE HIG TOTAL C BIC D SOD GL 3000ML,11711.0,393429.86
AMACIANTE DILUIDO MON BIJOU MAIS PERFUME 5L,18070.0,392388.43
"SABAO LIQUIDO OMO CICLO RAPIDO ACAO TOTAL 1,4L",13301.0,391357.23
DETERGENTE LIQUIDO GIRANDO SOL NATURAL 500ML,173248.0,386587.94
DESINFETANTE PINHO SOL LAVANDA LV500ML PG450ML,45585.0,385849.51
DETERGENTE LIQUIDO ODD NEUTRO 500ML,171863.0,385039.06
AMACIANTE CONCENTRADO YPE POR LOCCITANE NINFA DAS AGUAS 1L,22800.0,384813.61
DESENGORDURANTE ECO SOLUTION LIMPA COZINHA 500ML,21054.0,383207.67
SABAO EM PO ALA CUIDADO DO COCO 1.6KG,24121.0,382373.7
DESINFETANTE GOTA LIMPA LAVANDA 5L,27139.0,378317.38
LIMPADOR MULTIUSO UAU ELIMINADOR DE ODORES SQZ 500ML,77201.0,378204.76
DESINFETANTE URCA LAVANDA 2L,57495.0,377845.5
SABAO EM PO MINUANO AZUL EMB ECONOMICA 800G,45786.0,376171.97
DESINFETANTE PINHO BRIL PLUS SILVESTRE 1L,32861.0,374430.1
SABAO EM PO BEM TE VI PERFUME DA NATUREZA 400G,125700.0,373296.69
LIMPADOR ESSENCIA COALA CEREJA E AVELA 120ML,25678.0,371796.33
"AMACIANTE CONCENTRADO DOWNY FRESCOR DA PRIMAVERA FRASCO 1,5L",11040.0,371659.94
LIMPADOR DE VIDRO VEJA VIDREX CRISTAL 30% DESC 500ML,16240.0,371031.71
"AMACIANTE CONCENTRADO DOWNY BRISA DE VERAO SACHE 1,2L",15011.0,370909.84
"SABAO EM PO TIXAN YPE ANTIBAC CX 1,6KG",18386.0,370573.24
LIMPEZA PESADA DIABO VERDE DESENTUPIDOR 1L,7370.0,370189.88
"SABAO LIQUIDO OMO CICLO RAPIDO ACAO ANTIODOR 1,4L",12422.0,369585.22
SABAO EM PO MINUANO ROXO 800G,37507.0,369205.5
SABAO LIQUIDO URCA LAVANDA 3L,21658.0,368910.63
AGUA SANITARIA TUBARAO 5L,36487.0,367657.4
"SABAO EM PO BRILHANTE  2,4KG",14251.0,366906.63
DETERGENTE LIQUIDO LIMPOL JABUTICABA 500ML,147894.993,365970.89
AGUA SANITARIA ECONOMICO BRANCO TOTAL 1L,123458.0,365791.27
ALVEJANTE AQUAFAST S/CLORO 2L,30458.89994,365174.59
LIMPADOR DE VIDRO VEJA VIDREX 20% DESC SQUEEZE 500ML,29693.0,363827.8
DESINFETANTE BAK YPE FLORAL 2L,33381.0,361718.77
AMACIANTE CONCENTRADO COMFORT LAVANDA FRASCO 500ML,28264.0,360347.41
SABAO LIQUIDO COALA CHA BRANCO 3L,13582.0,359356.99
SABAO LIQUIDO GIRANDO SOL GLICERINA 5L,8787.0,358711.57
"SABAO EM PO BRILHANTE LIMP TOTAL PCT GTS 150G 1,6KG",17300.0,358456.82
LIMPADOR MULTIUSO DESENGORDURANTE YPE SQUEEZE 500ML,76962.0,357837.46
SABAO LIQUIDO UAU COCO E VANILLA REFIL 750ML,35779.0,357751.85
AMACIANTE CONCENTRADO GIRANDO SOL HIPOALERGENICO 1.5L,15445.0,357083.97
LIMPADOR ESSENCIA COALA TALCO 120ML,24516.0,356090.38
AMACIANTE CONCENTRADO FOFO CONC AZUL TUDAO 500ML,36877.0,352616.23
"SABAO EM PO YPE POWER ACT CX 1,6KG",15628.0,351619.45
AMACIANTE CONCENTRADO UAU CARINHO E CONFORTO 500ML,39320.0,351121.08
SABAO LIQUIDO TIXAN YPE PRIMAVERA FRASCO 1L,23647.0,351005.42
LIMPADOR PERFUMADO VEJA PERFUMES LAVANDA DA FRANCA 1L,35090.999899999995,350448.32
AMACIANTE CONCENTRADO UAU ROSAS E SEDUCAO 1L,23205.999,350435.38
DETERGENTE LIQUIDO ODD CLEAR 500ML,155661.0,349901.22
DESINFETANTE PINHO BRIL BRISA DO MAR 1L,29520.0,346245.41
LIMPADOR ESSENCIA COALA BAMBU 120ML,23803.0,346154.84
TIRA MANCHA VANISH PO OXI ACTION MULTI POWER 450G,10017.0,346036.62
REMOVEDOR PERFECTO REMOVEX CONCENTRADO 2L,17079.0,346033.39
DESENGORDURANTE UAU COZINHA LIMAO SQUEEZE 500ML,36021.0,345013.05
ODORIZADOR DE ROUPAS COMFORT BOOM CRISTIAS EXPLOS FRESC 275G,18541.0,344432.37
LIMPADOR PERFUMADO CASA E PERFUME SENSAZIONE 1L,33105.0,343972.51
AMACIANTE CONCENTRADO DOWNY VERAO TROPICAL 750ML,20178.0,343405.19
SABAO LIQUIDO JUA SUPER CONCENTRADO 1L,37914.0,341693.27
SABAO LIQUIDO BRILHANTE HIG TOTAL 3L,17194.0,339195.32
AMACIANTE CONCENTRADO COMFORT BRISA ELEGANTE FRASCO 1L,14045.0,338603.63
AMACIANTE DILUIDO YPE PRO AZUL 7L,12733.0,338172.91
SABAO LIQUIDO BRILHANTE HIGIENE TOTAL 900ML,25498.0,337662.64
SABAO LIQUIDO COALA ORQUIDEA NEGRA 3L,12656.0,336193.31
LIMPADOR MULTIUSO UAU 3 EM 1 FLORES E FRESCOR SQZ 500ML,68463.99900000001,334617.52
AMACIANTE DILUIDO VIDA MACIA CAMOMILA 500ML,44489.0,333003.17
"ALVEJANTE VANISH GEL S/CLORO PARA ROUPAS COLORIDAS 1,5L",9903.0,332667.65
DETERGENTE LIQUIDO BRILUX NEUTRO 500ML,163151.0,332058.17
SABAO EM PO GIRANDO SOL OPTICAL WASH COCO BAUNILHA 800G,44977.0,330072.41
"AMACIANTE DILUIDO BABY SOFT TOQUE DE CARINHO REFIL  1,8L",44072.0,328878.33
SABAO EM PO GOTA LIMPA EQUILIBRIO 4KG,14008.0,328366.89
AMACIANTE CONCENTRADO DOWNY BRISA DE VERAO 350ML,34951.0,326721.38
AMACIANTE DILUIDO CANDURA CLASSICO GARRAFA 2L,46376.0,325911.24
AMACIANTE CONCENTRADO COMFORT ENERGIA FLORAL SC REFIL 900ML,18208.0,325306.87
AMACIANTE CONCENTRADO GIRANDO SOL COCO/BAUN  500ML,31918.0,324796.64
DESINFETANTE BAK YPE FLORAL 500ML,83862.0,324115.05
AMACIANTE CONCENTRADO AQUAFAST BRANCO TERNURA GTS 250ML 1.5L,19694.0,323651.97
LIMPADOR ESSENCIA COALA AMEIXA DOURADA 120ML,22240.0,322525.8
SABAO LIQUIDO AJU ORIENTAL 1900R00LL,31327.0,321719.71
DESINFETANTE LYSOFORM ORIGINAL SPRAY 360ML,10740.0,321300.5
"AMACIANTE CONCENTRADO COMFORT BRISA ELEGANTE FRASCO 1,5L",10969.0,321145.51
DESINFETANTE PINHO BRIL FLORES DE LIMAO 1L,27282.0,320644.19
SABAO EM PO URCA CONCENTRADO SACHE 4KG,12960.0,320244.95
AGUA SANITARIA ZUPP 2L,54234.0,320137.33
"AGUA SANITARIA SUPER GLOBO LV2L PG1,8L 2L",54028.0,320134.84
DESENGORDURANTE CIF COZINHA GATILHO 500ML,14709.0,319745.52
"TIRA MANCHA VANISH GEL S/CLORO MULTIUSO CRYSTAL WHITE 1,5L",9351.0,319472.96
TIRA MANCHA VANISH PO S/CLORO OXI ACT CRYSTAL WHITE REF 240G,20650.33333,319357.84
SABAO LIQ ALA CUIDADO DO COCO SC REFIL 700ML,42380.0,317352.97
AMACIANTE DILUIDO AMACITEL MOMENTO CARINHO 2L,31124.0,316684.91
ALVEJANTE QBOA LAVANDA 1L,57601.0,316454.61
LIMPADOR MULTIUSO VEJA POWER FUSION SQUEEZE LARANJA 500ML,32250.0,316423.57
SABAO EM PO SONHO LAVANDA 400G,108645.0,315912.05
SABAO EM PO GOTA LIMPA HARMONIA 800G,56332.0,314927.68
"SABAO EM PO BRILHANTE DELIC TOTAL 1,6KG",14649.0,314155.07
DESINFETANTE PINHO BRIL SILVESTRE L500ML PG450ML 500ML,49280.0,313568.05
SABAO EM PO BRILHANTE LAVA ROUPA CUIDADO EXTRAORDINARIO 4KG,9195.0,313408.12
DETERGENTE LIQUIDO GOTA LIMPA MACA 500ML,164884.0,312842.31
DETERGENTE LIQUIDO YPE PRO 7L,10957.0,312739.18
AMACIANTE DILUIDO BABY SOFT TERNURA 2L,37713.0,312223.77
DESINFETANTE PINHO BRIL CAMPOS LAVANDA 500ML,46902.811,311436.98
LIMPEZA PESADA QBOA CLORO GEL LAVANDA 1L,26518.0,310083.51
LIMPADOR PERFUMADO CASA E PERFUME SENSAZIONE 500ML,55394.0,309582.28
AGUA SANITARIA MARINA 2L,58988.0,309258.85
TIRA MANCHA ANIL IMPERIAL COLMAN PEDRA 90G,11600.76,308978.88
SABAO LIQ SURF LAVANDA REFIL 900ML,27461.0,308889.63
ALVEJANTE AQUAFAST S/CLORO 5L,12720.0,308776.41
AGUA SANITARIA CLORAL 1L,129377.0,306898.66
AMACIANTE DILUIDO SOFT PLUS FLORAL  5L,16397.0,306271.73
LAVA ROUPAS LIQ BRILHANTE DELICADEZA TOTAL GALAO 3000ML,9198.0,304384.62
AMACIANTE DILUIDO SONHO MAGIC GARRAFA LV500ML PG450ML,82696.2,304006.93
LIMPADOR PERFUMADO CASA E PERFUME PASSIONE 1L,29459.0,303600.49
AMACIANTE CONCENTRADO UAU CARINHO E CONFORTO 1L,20270.999,302472.21
AMACIANTE CONCENTRADO GIRANDO SOL PAIXAO SECRETA 1L,17913.0,302240.04
LIMPADOR DE VIDRO JIMO AEROSSOL TUBO 400ML,15511.5,301435.61
AMACIANTE CONCENTRADO COMFORT HYDRA SERUM FRASCO 500ML,23606.0,301048.51
AGUA SANITARIA SUPREMA GF 1L,88303.0,300843.27
"AMACIANTE CONCENTRADO COMFORT PURO CUIDADO FRASCO 1,5L",10110.0,300840.92
SABAO LIQUIDO TIXAN YPE PRIMAVERA 5L,5897.0,300676.21
AMACIANTE DILUIDO GIRANDO SOL HIPOALERGENICO 2L,34262.0,300059.61
TIRA MANCHA VANISH GEL S/CLORO 500ML,18722.0,297050.57
LIMPADOR ESSENCIA COALA CAPIM LIMAO 120ML,20594.0,296087.61
AGUA SANITARIA TRIEX GALAO 5L,24526.0,294193.04
AGUA SANITARIA TUBARAO 2L,57944.0,294145.24
SABAO EM PO BEM TE VI PERFUME DAS FLORES 800G,45332.0,293781.18
SABAO LIQUIDO GIRANDO SOL ACAO TOTAL 5L,7305.0,292919.59
DESINFETANTE GIRANDO SOL TALCO 2L,32194.0,291592.49
AMACIANTE CONCENTRADO DOWNY PERF COLLEC MISTICO FRASCO 900ML,11806.0,291217.0
AMACIANTE DILUIDO YPE TERNURA 500 ML,72642.0,290657.5
ODORIZADOR DE ROUPA COMFORT BOOM EUFORIA FLORAL 275G,15615.0,289627.58
TIRA MANCHA ANIL COLMAN BRANQUEADOR POS LAVAGEM 200ML,10507.0,289578.62
LIMPADOR PERFUMADO CASA E PERFUME INTUIZIONE 500ML,51875.0,289286.06
"AMACIANTE CONCENTRADO AQUAFAST HARMONIA AZUL 1,5L",17460.0,288479.81
"AMACIANTE CONCENTRADO DOWNY BRISA DE VERAO GTS150ML FR 1,5L",9521.0,288428.28
AMACIANTE CONCENTRADO FOFO AZUL TUDAO 900ML,19830.0,288422.12
SABAO LIQUIDO TIXAN YPE MACIEZ FRASCO 1L,19410.0,288363.87
AMACIANTE DILUIDO GIRANDO SOL VERMELHO 2L,33654.392,288361.79
"KIT SABAO EM PO OMO 1,6KG + AMACIANTE CONC COMFORT 500ML",9563.0,287862.2
AMACIANTE CONCENTRADO YPE BLUE 900 ML,18396.0,286400.0
ARIEL LAVA ROUPAS LIQ CONC FR 2L,8493.0,284839.78
DESINFETANTE AQUAFAST LAVANDA 5L,17029.0,284275.21
DESINFETANTE SANOL LAVANDA 2L,41231.0,284250.85
AMACIANTE CONCENTRADO DOWNY HIPOALERGENICO FRASCO 450ML,21179.0,283741.4
SABAO EM PO SONHO MULTI ACAO 10 EM 1 400G,97620.0,282011.05
DESENGORDURANTE VEJA COZINHA LAVANDA GATILHO 20%DESC 500ML,19448.0,281805.96
AMACIANTE CONCENTRADO PERFUMADO UAU CHA BRANCO 900ML,18932.0,281274.45
DETERGENTE LIQUIDO LIMPOL NEUTRO PAGUE MENOS 6X500ML,21519.955,281144.94
DETERGENTE LIQUIDO AQUAFAST NEUTRO 5L,17178.0,280971.02
DESINFETANTE URCA FLORAL 2L,43093.0,280229.94
LIMPADOR PERFUMADO CASA E PERFUME PASSIONE 500ML,50546.0,279311.17
SABAO LIQUIDO OLA DELICADAS ORIGINAL 500ML,16171.0,279226.98
SABAO EM PO TIXAN YPE ANTIBAC CX 800G,24623.5,278960.14
REMOVEDOR PERFECTO REMOVEX CONCENTRADO 1L,24788.0,278926.85
"SABAO LIQUIDO OMO CICLO RAPIDO CUIDADO 1,4L",9395.0,278687.04
SABAO EM PO BEM TE VI ERVA DOCE 400G,94405.0,278444.06
SABAO LIQUIDO URCA MAXX AZUL GALAO 5L,12043.0,277780.82
AMACIANTE DILUIDO BABY SOFT TOQUE SEDUTOR 2L,33274.0,275896.07
SABAO EM PO ASSIM MICELAR TRIPLACAO 800G,36045.0,275049.22
AGUA SANITARIA TRIEX 2L,54453.0,274902.49
DETERGENTE LIQUIDO ODD COCO 500ML,121272.0,274404.05
DESENGORDURANTE EASY OFF LIMPA FORNO 250ML,10413.0,274195.88
AMACIANTE DILUIDO CANDURA CLASSICO GARRAFA 5L,16018.0,273966.15
AMACIANTE CONCENTRADO GIRANDO SOL AZUL 500ML,27395.0,273601.31
AMACIANTE CONCENTRADO COMFORT PURO CUIDADO OFERTA 500ML,23052.0,271968.29
AGUA SANITARIA IGUAL 1L,124425.0,270961.17
"ARIEL LAVA ROUPAS LIQ CLASSICO SC 1,5L",9079.0,270920.4
SABAO EM PO OMO BRANCO ABSOLUTO 360G,26088.0,270246.26
DESINFETANTE AQUAFAST PAIXAO 5L,16385.0,270228.14
AMACIANTE CONCENTRADO FOFO AZUL TUDAO 1.5L,14092.0,269343.45
DETERGENTE LIQUIDO BRILHALUMINIO TRADICIONAL 500ML,68790.32500000001,268435.06
"ALVEJANTE SUPREMA SEM CLORO ULTRA BRANQUEADOR 1,5L",25653.0,267520.94
DESINFETANTE UTILIS COALA P/HORTALICAS 300ML,23414.0,265425.66
AMACIANTE DILUIDO SONHO MAGIC GARRAFA 2L,23979.0,265321.43
AMACIANTE DILUIDO AMACITEL SONHOS ENCANTADOS 2L,26231.0,264613.16
SABAO LIQUIDO VIDA MACIA + KIT 1L AMACIANTE 2L,8502.0,264508.09
LIMPADOR PERFUMADO CASA E PERFUME INTUIZIONE NEW 1L,25438.0,264302.9
LIMPEZA PESADA AJAX FRESH BLUE CM 500ML,25350.0,264286.29
AMACIANTE CONCENTRADO UAU LAVANDA E FRESCOR 500ML,29883.0,264086.3
SABAO LIQUIDO LIMPA JA EVA 5L,15780.0,263802.2
"SABAO EM PO ASSIM TRIPLA ACAO 1,6KG",16204.0,263744.68
"SABAO EM PO MINUANO CONCENTRADO ROXO 1,6KG",14569.0,262489.95
DETERGENTE LIQUIDO BRILUX MACA 500ML,127823.0,260696.72
SABAO LIQUIDO ODD LAVAGEM COMPLETA 3L,11196.0,260696.01
SABAO EM PO MINUANO ROXO EMB ECONOMICA 800G,30918.0,260132.38
AGUA SANITARIA OLIMPO 5L,42259.0,260054.82
"SABAO EM PO BEM TE VI PERFUME DAS FLORES 1,6KG",20782.0,259507.89
SABAO LIQUIDO SURF 5EM1 LAVANDA GL 3L,9085.0,259199.65
AMACIANTE CONCENTRADO DOWNY AGUA FRESCA 1L,10701.0,258707.24
AMACIANTE DILUIDO VIDA MACIA AMENDOAS 500ML,34745.0,258077.25
"SABAO EM PO YPE POWER ACT CX 2,2KG",10056.0,257880.13
"AMACIANTE DILUIDO AMACITEL TOQUE DE POESIA PG1,8L LEVE 2L",27422.0,257833.88
SABAO LIQUIDO OESTE 2L,19934.0,257233.6
SABAO EM PO SONHO COCO 400G,88354.0,257115.43
SABAO LIQUIDO GUIMARAES MIL FLORES 3L,14326.0,255841.54
LAVA ROUPAS LIQ OMO 900ML R. FINAS E DELICADAS,13120.0,255790.39
DESINFETANTE AQUAFAST LAVANDA 2L,32052.0,255719.55
AMACIANTE DILUIDO GIRANDO SOL VERMELHO PAIXAO SECRETA 5L,13212.0,254710.0
REMOVEDOR SUPREMA TRAD 1L,23064.0,254313.62
SABAO EM PO GEO 1.6KG,19842.0,254263.3
AMACIANTE DILUIDO BABY SOFT TOQUE DE CUIDADO 2L,30806.0,253309.6
AMACIANTE DILUIDO MON BIJOU MAIS PROTECAO 1.7L,25818.0,253304.04
SABAO LIQUIDO GUIMARAES COM BICARBONATO LAVANDA 3L,14552.0,252837.91
LIMPADOR ESSENCIA VEJA CONCENTRADO AMETISTA LAVANDA 100ML,19441.0,252806.14
AMACIANTE CONCENTRADO UAU FLORES E SONHOS 500ML,28222.745000000003,252778.46
LAVA ROUPAS LIQ ALA 3L LAVANDA,8851.48,252731.86
AMACIANTE CONCENTRADO DOWNY AGUA FRESCA 500ML,19188.0,252033.49
LIMPADOR PERFUMADO UAU NATUREZA E HARMONIA 500ML,49375.0,251687.38
AGUA SANITARIA TEIU GF  1L,93976.786,251299.58
DESENGORDURANTE GIRANDO SOL COZINHA 500ML,51412.0,251085.46
AGUA SANITARIA LIMPO MAIS 1L,141152.0,250722.42
LIMPADOR MULTIUSO UAU 2 CLORO ATIVO + MULTIUSO LAV 3X500ML,15003.0,249988.23
DESINFETANTE GIRANDO SOL PINHO 2L,27741.5,249965.4
DETERGENTE LIQUIDO LIMPOL CRISTAL PAGUE MENOS 6X500ML,19155.0,249723.29
DESINFETANTE LYSOFORM AEROSOL LAVANDA 360ML,8467.0,249630.77
LIMPADOR ESSENCIA COALA CRAVO E CANELA 120ML,17278.0,248350.5
AGUA SANITARIA OLIMPO 2L,55044.0,248310.45
TIRA MANCHA VANISH PO S/CLORO OXI ACTION REFIL 240G,16134.0,247635.65
AMACIANTE DILUIDO COMFORT PROFISSIONAL 5L,7005.0,246787.14
SURF LAVA ROUPAS LIQ 5EM1 CUIDADO DO COCO GL 3L,8217.0,245823.97
AMACIANTE CONCENTRADO DOWNY BRISA SUAVE 350ML,28936.0,244597.32
DESINFETANTE LYSOFORM CITRUS 1L,15137.0,244244.2
SABAO EM PO TIXAN YPE SENSITIVE SC 8KG,3572.0,243960.83
SABAO EM PO ACE SACHE 800G,31632.0,241979.6
"AGUA SANITARIA BRILUX LV2L PG1,8L 2L",36385.0,241927.62
LIMPADOR ESSENCIA UAU CONCENTRADA ROSA E CHA BRANCO 130ML,16551.0,241029.81
"AMACIANTE CONCENTRADO DOWNY BRISA INTENSO PROMO 1,5L",7923.0,240528.54
DETERGENTE LIQUIDO TRIEX NEUTRO 500ML,127650.0,240494.32
DESINFETANTE AQUAFAST PAIXAO FRASCO 2L,30229.0,240372.43
ALVEJANTE QBOA FLORAL C/CLORO 1L,43889.776,240321.59
REMOVEDOR SUPREMA FLORATA 1L,21917.0,239971.54
DESINFETANTE URCA TRADICIONAL 2L,36547.0,239945.18
AGUA SANITARIA ZAB 1L,107407.0,238821.12
LIMPADOR PERFUMADO VEJA PERFUMES FLORES DO MEDIT FRASCO 1L,23983.0,238508.8
DESENGORDURANTE CIF COZINHA REFIL 450ML,18648.0,238327.73
DESINFETANTE LIMPADUA CLOROLIMP LEITOSO 2L,30784.0,236435.55
AGUA SANITARIA AGIFACIL 2L,48526.0,236144.47
DESINFETANTE BAK YPE EUCALIPTO 500ML,60928.0,236084.6
DESINFETANTE VIM CLORO GEL ORIGINAL 700ML,14527.0,235677.07
AMACIANTE DILUIDO GUIMARAES SEDUCAO 5L,17137.0,234617.46
LIMPEZA PESADA SEMORIN TIRA FERRUGEM TECIDO E ROUPA 50ML,17853.0,233580.24
AMACIANTE CONCENTRADO DOWNY PERF COLLEC PAIXAO 450ML,17559.0,233317.17
SABAO LIQUIDO BRILHANTE PERFUME CUIDADO EXTRAORDINARIO 3L,7546.0,232872.43
DESINFETANTE GOTA LIMPA EUCALIPTO 5L,16933.0,232774.88
SABAO LIQUIDO SONHO FRESH REFIL 700ML,32509.0,232178.27
DESINFETANTE URCA FLOR DE LAVANDA 2L,35517.0,232046.17
AGUA SANITARIA ALVEX 5L,24014.0,231294.96
AMACIANTE CONCENTRADO DOWNY SENSITIVE HIPOALERG FRASCO 900ML,9649.0,230841.08
DESINFETANTE PINHO TROP ANTIBAC TRADICIONAL 10% DESC 1L,25270.0,230360.24
DESINFETANTE GOTA LIMPA LAVANDA 2L,32945.0,230303.95
DETERGENTE LIQUIDO BRILUX LIMAO 500ML,111948.0,230209.37
DESINFETANTE PINHO BRIL CAMPOS LAVANDA LV500 PG450 500ML,35915.0,229541.5
DESINFETANTE YPE PINHO TRADICAO 500ML,39799.0,229498.31
AMACIANTE CONCENTRADO COMFORT HYDRA SERUM FRASCO 1L,9523.0,228624.49
DESINFETANTE BAK YPE EUCALIPTO 2L,20632.0,227855.32
DESINFETANTE GIRANDO SOL EUCALIPTO 2L,25532.0,227757.74
AMACIANTE DILUIDO AMACITEL TOQUE DE CARINHO 5L,13652.6,227720.46
TIRA MANCHA VANISH PO S/CLORO OXI ACTION CRYSTAL WHITE 120G,25713.0,226695.58
DETERGENTE LIQUIDO BRILUX COCO 500ML,109530.0,226293.22
SABAO LIQUIDO GIRANDO SOL COCO BAUNILHA 1L,17360.0,226190.88
AMACIANTE CONCENTRADO YPE PINK GARDEN 500ML,21890.0,224641.65
SABAO LIQUIDO BECKER LAVA ROUPAS +EKONOMICO 3L,16851.0,224012.92
DETERGENTE LIQUIDO ODD ORIGINAL 500ML,99462.2,223739.97
LIMPADOR PERFUMADO AJAX FESTA DAS FLORES BOUQUET 500ML,31427.99984,222839.39
AMACIANTE CONCENTRADO AQUAFAST 1L,9063.0,222656.61
AGUA SANITARIA ZUPP TRADICIONAL 5L,17171.0,222613.48
AMACIANTE DILUIDO TRIEX AZUL 5L,14456.0,221918.08
SABAO LIQUIDO CLASSIC PLUS BRILHO TOTAL 3L,18747.0,221815.06
DESINFETANTE LYSOFORM BRUTO ORIGINAL 500ML,22685.0,221334.67
ALVEJANTE GUIMARAES S/CLORO 2L,23136.485,220513.23
DETERGENTE LIQUIDO GIRANDO SOL LIMAO 500ML,91752.0,219640.95
"ALVEJANTE SUPREMA SEM CLORO ULTRA REMOCAO DE MANCAHS 1,5L",20809.0,219247.41
SABAO LIQUIDO URCA MAXX AZUL 1L,27908.0,219117.3
AMACIANTE CONCENTRADO COMFORT FRASCO 500ML,18661.0,218792.73
ALVEJANTE ECONOMICO SEM CLORO 2L,15707.0,218663.63
AMACIANTE CONCENTRADO UAU FLORES E SONHOS 1L,14614.0,218541.81
LIMPADOR PERFUMADO CASA E PERFUME SENSUALIDAD L1L P900ML 1L,23102.0,218179.47
DESENGORDURANTE CIF COZINHA SQUEEZE 500ML,13433.0,217745.43
"SABAO EM PO BRILUX TRIPLA ACAO 1,6KG",14829.0,217506.5
AGUA SANITARIA AQUAFAST 5L,17616.33332,217168.29
ALVEJANTE ECONOMICO SEM CLORO 1L,27890.0,216604.98
AMACIANTE DILUIDO AMACITEL ENCANTOS ROSA 2L,21430.0,216538.29
AMACIANTE CONCENTRADO FOFO AZUL TUDAO OFERTA 500ML,26239.0,216354.16
AGUA SANITARIA LIMPADUA 5L,16797.0,216303.73
AGUA SANITARIA KI JOIA 5L,19510.0,216300.77
AMACIANTE CONCENTRADO MON BIJOU MAIS PERFUME 1.7L,24039.0,216182.43
SABAO LIQUIDO OLA DELICADAS COCO 500ML,12419.0,216180.68
ALVEJANTE QBOA C/CLORO E DETERGENTE PLUS 1L,39683.99992,215817.32
"AMACIANTE CONCENTRADO COMFORT CONC LAVANDA FRASCO 1,5L",7296.0,215798.93
LIMPADOR PERFUMADO CASA E PERFUME SPECIALE 500ML,38766.0,215046.52
AMACIANTE DILUIDO MON BIJOU MAIS CUIDADO 1.7L,21927.0,214962.06
AMACIANTE DILUIDO MON BIJOU MAIS MACIEZ 1.7L,21987.0,214502.21
"SABAO EM PO BABY SOFT CONC 1,6KG",16939.0,213559.71
AGUA SANITARIA TAY 2L,48258.0,212772.57
AGUA SANITARIA SANTA CLARA GALAO 5L,16784.985,212506.63
"SABAO EM PO GEO 1,6KG",16336.0,212219.8
"SABAO LIQUIDO BEM TE VI LAVANDA 2,7L",13372.0,211794.02
DESINFETANTE GIRANDO SOL JASMIM 2L,23341.5,211605.28
LIMPADOR PERFUMADO VEJA PERFUMES FLORES DO MEDIT FRASCO 2L,12815.085,211243.82
DETERGENTE LIQUIDO SUPREMA NEUTRO 500ML,107494.0,211113.09
SABAO LIQUIDO SURF CUIDADO DO COCO REFIL 900ML,18416.0,210451.23
"AMACIANTE CONCENTRADO YPE BLUE 1,5L",9416.0,210218.77
DESINFETANTE URCA EUCALIPTO FRESH 2L,32180.0,209089.2
AMACIANTE DILUIDO URCA PAIXAO SEDUTORA 2L,27645.0,208629.58
AMACIANTE CONCENTRADO YPE PINK 1L,11682.0,208383.58
AMACIANTE DILUIDO BABY SOFT TOQUE DE MACIEZ 2L,25484.0,208339.03
AMACIANTE CONCENTRADO UAU LAVANDA E FRESCOR 1L,13910.999,208225.24
"SABAO EM PO SURF ROSAS E FLOR DE LIS PCT 2,4KG",8655.0,208219.31
LIMPADOR PERFUMADO VEJA PERFUMES LAVANDA DA FRANCA 500ML,32809.0,208028.83
AGUA SANITARIA CLORITO 2L,49574.0,207808.01
DESINFETANTE BATUTA LAVANDA 2L,24341.0,207742.83
LIMPADOR PERFUMADO CASA E PERFUME SENSUALIDADE 2L,11573.0,207638.92
AMACIANTE DILUIDO URCA LAVANDA 2L,27465.0,206977.16
AMACIANTE CONCENTRADO PERFUMADO UAU CHA BRANCO 450ML,22677.0,206800.73
AGUA SANITARIA CLORITO 5L,22594.0,206789.21
AGUA SANITARIA SUPER CANDIDA 1L,44052.0,206374.21
"SABAO EM PO BRILUX LAVANDA 1,6KG",14085.0,206199.1
DETERGENTE LIQUIDO TRIEX CLEAR 500ML,109718.0,206056.04
SABAO EM PO TIXAN YPE POWER ACT SC 1.6KG,9930.0,206007.73
"ALVEJANTE BRILUX MULTI LV2L PG1,8L 2L",24248.0,205069.39
DESINFETANTE PINHO SOL LAVANDA MELALEUCA 1L,12697.0,204986.7
"LIMPADOR PERFUMADO UAU BRISA E FRESCOR PROMO20% 1,8L",15536.0,204935.1
"AMACIANTE DILUIDO SONHO MAGIC GARRAFA 1,5L",20713.0,204644.42
DESENGORDURANTE MR MUSCULO COZINHA LARANJA REFIL 400ML,16421.0,204362.78
DESINFETANTE BAK YPE LAVANDA 1L,29983.0,203945.7
ARIEL LAVA ROUPAS LIQ GL 3L,3576.0,203221.17
AMACIANTE CONCENTRADO GIRANDO SOL ROSA 1L,12115.0,202006.52
DESINFETANTE YPE PINHO LAVANDA 500ML,34897.0,201560.01
"AMACIANTE DILUIDO URCA BRISA PRIMAVERA LV2L PG1,8L",30740.0,201343.33
AGUA SANITARIA SANOL 2L,37207.0,201306.62
"DESINFETANTE PINHO SOL LAVANDA 1,75L",9029.0,200887.95
SABAO EM PO URCA CONCENTRADO COCO SACHE 800G,32961.0,200786.88
TIRA MANCHA BRILHANTE UTILE FRESH 2L,6725.0,200693.16
LIMPADOR MULTIUSO AZULIM ORIGINAL SQZ 500ML,57934.0,200374.71
AMACIANTE CONCENTRADO YPE DELICADO 1L,11302.0,200135.89
SABAO LIQUIDO OMO COCO ROUPAS FIN E DELIC 900ML,10037.0,199973.61
AMACIANTE CONCENTRADO DOWNY PERF COLLEC PAIXAO 900ML,8107.0,199804.4
DESINFETANTE PINHO BRIL BRISA DO MAR 500ML,29884.0,199368.94
LIMPADOR ESSENCIA CONCENTRADO COALA ORQUIDEA 120ML,13838.0,198722.42
SABAO EM PO GIRANDO SOL OPTICAL WASH FLORAL PARIS 2.4KG,10128.0,198483.01
SABAO LIQUIDO COQUEL COCO 500ML,14760.0,198465.53
LIMPADOR PERFUMADO VEJA PERFUMES LIRIO DO NILO 2L,13181.0,198282.38
AMACIANTE CONCENTRADO FOFO CONC AZUL TUDAO FRASCO 1L,11098.0,197661.38
LIMPADOR PERFUMADO CASA E PERFUME AGRADABLE 2L,11055.0,197435.43
SABAO EM PO BRILHANTE DELICADEZA TOTAL PCT 800G,15821.0,197276.24
LIMPADOR MULTIUSO YPE SQUEEZE PACK 4X500ML,14869.0,197018.97
LIMPADOR MULTIUSO YPE BRANQUEADOR TIRA MANCHAS 500ML,41553.0,196630.86
LAVA ROUPAS LIQ ALA 3L COCO,6935.44,196549.88
AGUA SANITARIA MARINA GALAO 5L,16413.0,196343.09
SABAO EM PO ASTRA FLORAL AMADEIRADO 1.6KG,24030.0,195987.11
DESINFETANTE GIRANDO SOL LAVANDA 5L,11055.0,195032.58
DETERGENTE LIQUIDO ODD BICARBONATO DE SODIO 500ML,86585.0,194928.08
AMACIANTE CONCENTRADO CONC COMFORT SEGREDO 48 500ML,14659.0,194062.57
AMACIANTE DILUIDO URCA FLORAL BOUQUET 2L,25931.940000000002,193671.2
SABAO LIQUIDO TEIU TRAD 3L,7085.0,192624.11
SABAO EM PO GOTA LIMPA EQUILIBRIO 800G,31855.0,192505.76
DEFINTETANTE PET CREOLINA PEARSON 50ML,10291.0,192310.11
AMACIANTE DILUIDO GUIMARAES ENCANTO 5L,14184.0,192287.21
AGUA SANITARIA BARRA 1L,61737.0,191041.08
DETERGENTE LIQUIDO GIRANDO SOL MACA 500ML,79078.0,190968.61
AMACIANTE CONCENTRADO DOWNY PERF COLLEC ADORAVEL FR 450ML,14477.0,190676.64
AMACIANTE DILUIDO SUPREMA ALEGRES ENCANTOS 5L,12305.0,189445.69
AGUA SANITARIA APYCE 5L,20334.0,188604.14
LIMPADOR PERFUMADO UAU NATUREZA E HARMONIA PROMO20% 1L,21914.0,188512.17
DETERGENTE LIQUIDO AQUAFAST NATURAL 5L,11473.0,187746.65
"SABAO EM PO AQUAFAST MULTIACAO 1,6KG",15634.0,186821.56
LIMPADOR ESSENCIA VEJA CONCENTRADO RUBELITA CEREJA 100ML,14427.0,186659.27
DETERGENTE LIQUIDO BRILUX CRISTALINO 500ML,91577.0,186164.92
AMACIANTE CONCENTRADO YPE DELICADO 500 ML,18120.0,186110.56
"ARIEL LAVA ROUPAS LIQ CONC FR 1,2L",5781.0,185480.19
DESINFETANTE BAK YPE LAVANDA 5L,7828.0,185230.4
"SABAO EM PO INVICTO ACTION SUPERACAO 1,6KG",13870.0,184359.73
DESINFETANTE SANOL EUCALIPTO 2L,26001.0,184045.31
SABAO EM PO ACE SC 400G,61823.0,183893.44
AGUA SANITARIA BRILUX 2L,28549.0,183855.43
LIMPADOR MULTIUSO UAU 5 EM 1 LAVANDA C/CLORO SQZ 500ML,17923.0,183636.39
AMACIANTE DILUIDO SOFT PLUS NATURAL 2L,23186.0,183627.91
SABAO LIQUIDO OMO PERFECT WHITE 7L,2854.0,183246.27
DESINFETANTE PINHO TROP LAVANDA 500ML,37814.0,182936.8
DESINFETANTE VIM CLORO GEL ADITIVADO LAVANDA 700ML,10801.0,182448.13
LIMPADOR PERFUMADO YPE PREMIUM JARDIM SECRETO 1L,21859.0,182383.15
SABAO LIQUIDO AQUAFAST MULTI 2L,10896.5,182274.37
"SABAO EM PO INVICTO LAVANDA SACHE 1,6KG",13830.0,181997.53
AGUA SANITARIA KI JOIA 2L,36047.0,181949.44
LIMPADOR ESSENCIA COALA ALECRIM 120ML,12533.0,181766.47
AMACIANTE DILUIDO TRIEX BLUE 2L,27936.0,181658.06
SABAO LIQUIDO TIXAN YPE COCO/BAUNILHA 3L,7326.0,181177.65
AMACIANTE DILUIDO BABY SOFT TOQUE DE FRESCOR 2L,21801.0,180406.86
LIMPADOR MULTIUSO SUPER GLOBO CLORO ATIV 2X500ML+ORIG 500ML,16796.0,180236.04
DESINFETANTE AQUAFAST MARINE L5L P4.5L 5L,10799.0,180071.52
LIMPADOR ESSENCIA COALA ALGAS MARINHAS 120ML,12297.0,179426.33
TIRA MANCHA VANISH PO S/CLORO OXI ACTION 120G,20392.0,179173.68
AMACIANTE DILUIDO GIRANDO SOL HIPOALERGENICO 5L,9356.0,178518.35
"AMACIANTE CONCENTRADO COMFORT ENERGIA FLORAL FRASCO 1,5L",6157.0,178389.19
SABAO EM PO TRIEX MULTIACAO 800G,38289.0,178116.2
"ARIEL LAVA ROUPAS LIQ TQ DE DOWNY FR 1,2L",5469.0,177186.34
REMOVEDOR SUPREMA VERBENA 1 LITRO,16099.0,176680.79
AGUA SANITARIA ECONOMICO BRANCO TOTAL 2L,29046.0,176553.11
AGUA SANITARIA BRINORT 1L,85373.0,176207.17
SABAO LIQUIDO BRILUX TRIPLA ACAO 3L,5399.0,176121.07
LIMPADOR PERFUMADO CASA E PERFUME AGRADABLE PG900ML LV1L 1L,18743.0,175547.66
AMACIANTE DILUIDO GIRANDO SOL VERDE 2L,21037.0,175392.45
DESINFETANTE PINHO TROP LAVANDA LV1L PG900ML 1L,19485.0,175391.43
SABAO EM PO OMO LAVANDERIA PRO PCT 8KG,1763.0,175246.78
DESINFETANTE MAZZAROLLO CONCENTRADO TIRA MOFO 1L,13841.0,174965.32
LIMPADOR PERFUMADO YPE CHA BRANCO 1KG,20222.0,174643.14
AGUA SANITARIA ECONOMICO BRANCO TOTAL 5L,12340.0,174631.86
ODORIZADOR DE ROUPA COMFORT BRIDGERTON 275G,9449.0,174631.63
TIRA MANCHA GIRANDO SOL SEM CLORO 1L,23117.6,174463.44
"AMACIANTE CONCENTRADO DOWNY PERF COLLEC MISTICO FRASCO 1,35L",5002.0,174357.57
ALVEJANTE BRILUX LAVANDA 1L,49561.0,173513.55
SABAO EM PO JUA BRANCO INTENSO SACHE 500G,55341.0,173323.03
ALVEJANTE TRIEX SEM CLORO MULTIUSO 2L,14411.0,172266.12
SABAO EM PO AMACITEL TOQUE DE POESIA 800G,21282.0,172002.62
SABAO LIQUIDO GIRANDO SOL GLICERINA 1L,13444.0,171977.34
"AMACIANTE DILUIDO YPE ACONCHEGO LV2L PG1,6L 2L",17794.0,171338.87
"SABAO LIQUIDO ALA LAVANDA 1,8L",10457.0,170782.6
DESINFETANTE GOTA LIMPA FLORAL 2L,24706.0,170693.67
LIMPADOR ESSENCIA COALA PINHO 120ML,11826.0,170600.42
DESINFETANTE LIMPADUA CLOROLIMP LEITOSO 5L,9733.0,170135.07
AGUA SANITARIA DA CASA VERDE 1L,84244.0,169702.44
AGUA SANITARIA BRILUX 5L,16019.0,169696.89
LIMPADOR ESSENCIA COALA FLOR DE CACTO 120ML,11747.0,169339.01
DESINFETANTE BAK YPE TURQUESA 500ML,43381.0,169042.26
AGUA SANITARIA TEIU GALAO  5L,12682.948,168892.67
AMACIANTE CONCENTRADO AQUAFAST TERNURA 1L,12079.0,168438.38
DESINFETANTE LYSOFORM LEMBRANCAS DE INFANCIA SPRAY 360ML,5490.0,168384.8
ALVEJANTE QBOA C/CLORO LAVANDA 2L,17453.0,167480.61
SABAO LIQUIDO GIRANDO SOL ACAO TOTAL 1L,13063.0,167386.86
AMACIANTE CONCENTRADO YPE ALQUIMIA LIBERDADE 500 ML,16040.0,166947.13
LIMPADOR MULTIUSO GIRANDO SOL C/BICARBONATO 5 EM 1 500ML,42568.0,166916.43
AGUA SANITARIA CLORADA BRANCO 1L,66118.789,166750.36
"DESINFETANTE PINHO SOL LIMAO 1,75L",7328.0,165383.85
LIMPADOR ESSENCIA VEJA CONCENTRADO AGUA MARINHA ALG 100ML,12674.0,165186.8
DETERGENTE LIQUIDO TEIU NEUTRO 500ML,71452.0,165183.12
DESINFETANTE URCA PINHO BACTERICIDA LAVANDA 5L,16675.0,165163.93
DESINFETANTE LYSOFORM BRUTO ORIGINAL 2L,6924.0,165041.53
SABAO EM PO AMACITEL ALEGRES ENCANTOS 800G,20384.0,165038.88
DETERGENTE LIQUIDO SUPREMA CLEAR 500ML,82308.0,164996.42
DETERGENTE LIQUIDO BARRA NEUTRO 500ML,93099.0,164975.17
AMACIANTE DILUIDO AMACITEL OCEAN PROF2L,16382.0,164824.77
SABAO EM PO SURF ROSAS E FLOR DE LIS 5EM1 SC 16X800G,1294.0,164283.04
DETERGENTE LIQUIDO YPE PLATINUM 2X LIMPEZA 500ML,53472.0,164005.07
DESINFETANTE PINHO BRIL FLORES DE LIMAO 500ML,24432.0,164002.03
DESENGORDURANTE VEJA COZINHA LARANJA SACHE REFIL 400ML,13074.0,163884.73
AGUA SANITARIA ZUPP 1L,44915.0,163735.13
SABAO EM PO OESTE 5KG,7493.0,163622.6
SABAO EM PO MINUANO AZUL EMB ECONOMICA 400G,35464.0,163314.59
AGUA SANITARIA LIMPADUA 1L,54015.0,163006.65
DETERGENTE LIQUIDO GIRANDO SOL COCO 500ML,68057.0,162703.96
SABAO EM PO SURF R E FLOR DE LIS 16X800G,1324.0,162480.48
DETERGENTE LIQUIDO INVICTO NEUTRO 500ML,88863.0,162006.02
SABAO EM PO URCA CONCENTRADO LAVANDA SACHE 800G,27114.0,161524.58
SABAO LIQUIDO BRILHANTE PERFUME CUIDADO EXTRAORDINARIO 900ML,12445.8,161384.9
SABAO EM PO SONHO LAVANDA 800G,26348.0,161262.63
DESENGORDURANTE CIF DERRETE GORDURA REFIL 450ML,11963.0,160897.23
AMACIANTE CONCENTRADO COMFORT BRIDGERTON REFIL 900ML,8752.0,160342.59
AMACIANTE DILUIDO GIRANDO SOL AMARELO 2L,18707.0,159790.3
AMACIANTE DILUIDO URCA FLORAL BOUQUET 5L,11241.0,159400.95
AMACIANTE CONCENTRADO DOWNY BRISA DE VERAO GALAO 3L,2586.0,158314.63
ALVEJANTE YPE C/CLORO ATIVO 2L,15110.0,157490.24
LIMPADOR PERFUMADO CASAFLOR CHA BRANCO 1.75L,12981.0,157331.23
LIMPADOR PERFUMADO YPE DOCE VIDA 1L,19315.0,156919.06
LIMPADOR MULTIUSO YPE NATUREZA SQUEEZE 500ML,33082.0,156897.43
SABAO LIQUIDO GIRANDO SOL COCO BAUNILHA 5L,3740.0,155994.12
"AGUA SANITARIA BRILUX LV5L PG4,5L 5L",10810.0,155942.81
DESINFETANTE BATUTA OCEANO 2L,18192.0,155810.42
AMACIANTE CONCENTRADO AQUAFAST HARMONIA 1L,11284.0,155626.52
AGUA SANITARIA SUPER CANDIDA 5L,11201.0,155401.03
SABAO EM PO SONHO FLORAL 400G,54158.0,155270.79
"AMACIANTE CONCENTRADO GIRANDO SOL VERMELHO 1,5L",6802.0,155109.62
ALVEJANTE S/CLORO AQUAFAST 3L,7771.3,154881.36
LIMPADOR PERFUMADO YPE JARDIM SECRETO 500ML,27680.0,154511.27
"AMACIANTE DILUIDO SONHO LAVANDA GARRAFA LV2L PG1,6L",16275.0,154093.12
DESENGORDURANTE CIF COZINHA SQUEEZE LV500ML PG375ML 500ML,12477.0,154063.46
DETERGENTE LIQUIDO BRISA NEUTRO 500ML,80360.0,153893.71
"AMACIANTE DILUIDO SONHO AZUL PROFUNDO LV2L PG1,6L",16312.0,153669.42
LIMPADOR MULTIUSO VEJA POWER FUSION SQZ COCO 500ML,15530.0,153616.72
DETERGENTE LIQUIDO GOTA LIMPA CRISTAL 500ML,74790.0,153597.11
DESENGORDURANTE VEJA COZINHA LAVANDA GATILHO 30%DESC 500ML,6687.0,153214.1
AGUA SANITARIA VITRAL FRASCO 2L,33534.0,152690.43
DESINFETANTE BUFALO LAVANDA 2L,25931.0,152677.99
AGUA SANITARIA CLARINA GALAO 5L,16718.0,152651.3
SABAO EM PO GIRANDO SOL ROSA SC 2.4KG,7936.0,152595.87
DETERGENTE LIQUIDO AQUAFAST CLEAR 500ML,79845.0,152555.48
LIMPADOR ESSENCIA COALA FLORAL 120ML,10458.0,151776.39
ARIEL LAVA ROUPAS LIQ CONC TQ DE DOWNY FR 2L,3689.0,151613.83
AMACIANTE CONCENTRADO YPE ALQUIMIA ENCANTO 1L,8775.0,151439.02
AGUA SANITARIA GOTA LIMPA  2L,26028.0,151092.95
"LIMPADOR PERFUMADO CASA E PERFUME SENSUALID PG1,8L LV2L 2L",9077.0,151087.25
AGUA SANITARIA TEIU GF  2L,26481.0,151002.4
AMACIANTE CONCENTRADO GIRANDO SOL LILAS 1L,9115.0,150826.79
DESINFETANTE GIRANDO SOL LIMAO 2L,16723.5,150811.27
SABAO LIQUIDO BRILUX TRI ACAO REF 700ML,16394.0,150752.29
SABAO EM PO MINUANO MAXIMO CUIDADO 800G,17651.0,150570.99
LIMPADOR PERFUMADO CASA E PERFUME MISTERIO DI AMORE 2L,8488.0,150028.66
LIMPADOR PERFUMADO VEJA PERFUMES FLORES MEDIT FRASCO 500ML,23727.0,149788.46
AMACIANTE DILUIDO MINUANO LAVANDA E BAUNILHA 2L,14047.0,149767.95
AMACIANTE DILUIDO GIRANDO SOL LILAS 2L,17397.0,149448.63
"SABAO EM PO SURF CUIDADO DO COCO PCT 2,4KG",6297.0,149402.24
AMACIANTE CONCENTRADO YPE ALQUIMIA ENCANTO 500 ML,14751.0,149383.45
DETERGENTE LIQUIDO AQUAFAST NEUTRO 500ML,78011.0,149191.42
"SABAO EM PO GOTA LIMPA EQUILIBRIO 1,6KG",12533.0,148964.25
SABAO EM PO BEM TE VI COCO 4KG,5896.0,148646.86
"AMACIANTE DILUIDO MON BIJOU 3 EM 1 1,7L",15169.0,148086.42
SABAO LIQUIDO TOPAZIO ORIGINAL 2L,14907.0,148018.11
LIMPEZA PESADA AJAX FRESH 1L,8239.0,147866.11
"SABAO EM PO ACE 1,6KG",11066.0,147568.59
AGUA SANITARIA SUPER GLOBO 5L,10654.0,147476.92
LIMPADOR PERFUMADO AJAX DILUIVEL FESTA DAS FLORES LAVANDA 1L,11521.0,147360.75
LIMPADOR PERFUMADO VEJA PERFUMES LIRIO DO NILO 1L,15222.0,147227.99
"AMACIANTE DILUIDO AMACITEL MOMENTO DE CARINHO PG1,8L LEVE 2L",15736.0,147009.22
AMACIANTE DILUIDO CASAFLOR FRESCOR DA MANHA 1750L,15846.0,146713.01
SABAO LIQUIDO BRILHANTE PERFUME E CUIDADO EXTRAORDINARIO 5L,3631.0,146449.46
LIMPADOR PERFUMADO UAU FLORES VERMELHAS PROMO20% 2L,9502.0,146317.87
LIMPEZA PESADA VEJA POWER FUSION BICARB/ALCOOL/LIMAO 500ML,9925.0,146176.64
AMACIANTE CONCENTRADO YPE PINK 900 ML,9376.0,145980.03
LIMPADOR PERFUMADO AQUAFAST DOCE ROMANCE 2L,13724.0,145754.18
AMACIANTE DILUIDO SUPREMA ALEGRES 2L,21523.0,145698.32
DETERGENTE LIQUIDO OESTE NEUTRO 500ML,73573.0,145641.6
AMACIANTE CONCENTRADO GIRANDO SOL HIPOALERGENICO 500ML,14292.0,145578.65
LIMPADOR ESSENCIA CONCENTRADO COALA FLOR DE FIGO 120ML,10132.0,145479.12
AMACIANTE DILUIDO AQUAFAST FRESCOR DA MANHA 2L,18613.0,145436.64
DESINFETANTE CANDURA LAVANDA 2L,23837.0,145115.43
LIMPADOR MULTIUSO VEJA CAMPESTRE SQUEEZE 500ML,25304.0,144903.97
"SABAO EM PO INVICTO COCO SACHE 1,6KG",11176.0,144719.7
LIMPADOR MULTIUSO CIF + ANTIBAC 500ML,18359.0,144664.72
DET PÓ MINUANO AZUL EMB ECONOMICA 4KG,4082.0,144450.72
SABAO LIQUIDO COQUEL NATUREZA LIMPA 3L,6093.0,144386.81
AMACIANTE DILUIDO AMACITEL DIVERS 2L,14352.0,144359.97
"DESINFETANTE BAK YPE LAVANDA LV2L PG1,8L 2L",14178.0,143934.47
TIRA MANCHA SEMORIN PRE LAVAGEM 100ML,8533.0,143728.62
LIMPADOR DE VIDRO UAU BLINDEX SQZ 500ML,13657.0,143582.96
DESINFETANTE UAU ANTIBAC FLORES/FRUTAS VERMELHAS 10% DESC 1L,22430.0,143480.21
TIRA MANCHAS QBOA S/CLORO CORES 2L,6426.0,143430.01
AMACIANTE DILUIDO URCA TERNURA 2L,20109.0,143153.62
LIMPADOR PERFUMADO UAU LAVANDA E CONFORTO PROMO20% 2L,9054.0,143126.85
DESINFETANTE BAK YPE FLORAL 1L,20861.0,142456.39
AGUA SANITARIA TRIEX 5L,12488.0,141517.85
LIMPADOR MULTIUSO UAU CLORO 4 EM 1 2X500ML+PER LAV KIT 500ML,12163.0,141453.26
SABAO LIQUIDO AQUAFAST GLICERINA 5L,4050.0,141189.53
AGUA SANITARIA QBOA 12X1L,4121.1667,141104.46
"SABAO LIQUIDO COQUEL COCO 1,5L",4162.0,141058.88
SABAO EM PO SONHO MULTI ACAO 800G,22939.0,141019.3
AGUA SANITARIA RAJJA VERDE 2L,27193.0,140997.19
AMACIANTE CONCENTRADO FOFO CONC VEREMELHO SENSACAO 500ML,15427.0,140812.27
"AMACIANTE DILUIDO SONHO MAGIC GARRAFA MAGIC LV5L PG4,5L",7667.0,140755.88
SABAO LIQUIDO OLA DELICADAS BEBE 1L,5313.0,140713.32
SABAO LIQUIDO BEBE OMO ROUPAS FINAS E DELIC 450ML,10064.0,140528.98
DETERGENTE LIQUIDO BARRA CRISTAL 500ML,79271.0,139946.21
LIMPADOR PERFUMADO AQUAFAST MAGIA E SEDUCAO 2L,13145.0,139650.5
SABAO LIQUIDO YPE POWER ACT RF 900ML,10339.0,139180.66
DESINFETANTE BATUTA FLORAL 2L,16052.0,139078.24
DESINFETANTE GIRANDO SOL TALCO 5L,7997.0,138949.81
AMACIANTE DILUIDO SONHO FACILITADOR GARRAFA 2L,11957.0,138912.09
"SABAO EM PO GOTA LIMPA HARMONIA 1,6KG",11547.0,138864.55
DESINFETANTE SANOL ORIGINAL 2L,20339.0,138476.38
AGUA SANITARIA DICLORO 5L,15276.0,138449.68
LIMPEZA PESADA LIMPA FACIL ACIDO MURIATICO 1L,30198.0,138263.83
"AGUA SANITARIA YPE LV2L PG1,8L 2L",17934.0,137762.85
SABAO LIQUIDO SONHO FRESH DUPLA ACAO 3L,5136.0,137734.22
LIMPEZA PESADA AJAX FRESH LEMON 1L,7554.0,137626.57
ALVEJANTE QBOA C/CLORO FLORAL 2L,14301.0,137610.95
LIMPADOR PERFUMADO CASAFLOR DREAMS 1.75L,11209.0,137479.45
DESINFETANTE PINHO TROP ANTIBAC 10% DESC 500ML,28832.0,137366.64
AGUA SANITARIA PROEZA GF 2L,30345.0,137183.61
ALVEJANTE LOURO SEM CLORO 5L,6553.52,136721.48
LIMPADOR PERFUMADO CASAFLOR CHA BRANCO 1L,18160.0,136721.39
SABAO LIQUIDO VIDA MACIA GLICERINA E ERVA DOCE 1L,5592.0,136542.93
DESINFETANTE YPE PINHO TRADICAO 1L,13245.0,136502.73
PACE CLORO PASTILHAS TRIPLA ACAOTABLETES 200G,10383.0,136395.8
DESINFETANTE URCA EUCALIPTO 2L,21146.0,136369.46
"AMACIANTE CONCENTRADO DOWNY BRISA DE VERAO SACHE 1,6L",4222.0,136350.94
AMACIANTE CONCENTRADO DOWNY BRISA SUAVE L1.5L P1.35L 1.5L,4533.0,136245.34
SABAO LIQUIDO BUFALO ROUPAS BRANCAS E COLORIDAS 2L,12447.0,136129.35
AMACIANTE DILUIDO OESTE ORIGINAL 5L,8884.0,135574.57
SABAO LIQUIDO QUASAR 3L,9511.0,135568.89
DESINFETANTE YPE PINHO CITRUS 500ML,23772.0,135290.15
SABAO LIQUIDO BRILUX COCO 3L,4055.0,135185.45
DESENGORDURANTE VEJA LAVANDA REFIL 400ML,10886.0,135142.16
AMACIANTE CONCENTRADO BABY SOFT TOQUE DE CARINHO 500ML,21068.82,135125.38
SABAO LIQUIDO URCA MAXX VERDE GARRAFA 1L,17196.0,134847.08
AMACIANTE DILUIDO MINUANO NOITE DE LUAR 2L,12552.9999,134645.88
LIMPADOR PERFUMADO CASAFLOR INTUITIVE 1.75L,11025.0,134595.65
LIMPADOR PERFUMADO YPE CHA BRANCO  500ML,24490.0,134365.43
AMACIANTE DILUIDO MINUANO ROSAS E JASMIM 2L,12679.500900000001,134326.2
SABAO LIQUIDO UAU ACTIVE 5L,2927.0,134099.2
AMACIANTE DILUIDO SOFT PLUS FLORAL 2L,16306.0,133905.74
DETERGENTE LIQUIDO LIMPOL NEUTRO 24X500ML,2773.7917,133659.31
SABAO EM PO SONHO COCO 800G,21601.0,133312.01
SABAO EM PO BEM TE VI LAVANDA 4KG,5150.0,132987.09
AMACIANTE DILUIDO SONHO LAVANDA GARRAFA 2L,11381.0,132932.72
AGUA SANITARIA AQUAFAST 2L,21722.0,132878.88
DESINFETANTE SUPREMA LAVANDA 2L,21511.0,132401.85
SABAO LIQUIDO TANLUX BLUE CONFORT 3L,11705.0,132292.29
SABAO EM PO OMO LAVAGEM PERFEITA LV1.6KG PG1.45KG 1.6KG,4742.0,131851.41
LIMPADOR PERFUMADO CASAFLOR DREAMS 1L,17242.0,131807.57
DESINFETANTE MINUANO LAVANDA FRASCO 500ML,42889.0,131733.56
LIMPADOR ESSENCIA COALA EUCALIPTO/GLOBULOS 120ML,8976.0,131501.24
DETERGENTE LIQUIDO TEIU CLEAR 500ML,57328.0,131354.36
"LIMPADOR PERFUMADO CASA E PERFUME AGRADABLE PG1,8L LV2L 2L",7941.0,131326.97
DESINFETANTE PINHO BRIL BRISA DO MAR LV500ML PG450ML 500ML,20585.0,131243.1
AMACIANTE CONCENTRADO COMFORT 48 SEGREDOS FRASCO 1L,5283.0,131237.11
LAVA ROUPA LIQ BRILHANTE 5LI,2033.0,131001.72
DETERGENTE LIQUIDO TEIU COCO 500ML,55953.0,130970.58
LIMPADOR PERFUMADO UAU BRISA E FRESCOR PROMO20% 2L,8442.0,130846.4
DESINFETANTE SANOL FLORAL 2L,19156.0,130721.24
SABAO LIQUIDO ABSOLUTO TRADICIONAL 3L,9751.0,130665.71
DESINFETANTE UAU ANTIBAC LAVANDA E ROSAS 10% DESC 1L,20636.0,130167.83
SABAO EM PO APYCE MULTIACAO SACHE 800G,28502.0,129969.87
DESINFETANTE CIF ANTIB L500 P425 SQUEZZE 500ML,19808.0,129832.99
AGUA SANITARIA ZAB 5L,11871.0,129758.54
DETERGENTE LIQUIDO INVICTO MACA 500ML,71595.0,129701.41
DESINFETANTE UAU ANTIBAC FLORES E FRESCOR 10% DESC 1L,21421.0,129674.34
SABAO LIQUIDO GIRANDO SOL HIPOALERGENICO 1L,10093.0,129573.27
AMACIANTE DILUIDO AQUAFAST SEDUCAO 2L,16454.0,129326.19
TIRA MANCHA SAIF SEM CLORO MULTIUSO 2L,9614.0,129240.94
DETERGENTE LIQUIDO GOTA LIMPA LIMAO 500ML,62221.72,129047.36
DESINFETANTE AQUAFAST MARINE FRASCO 2L,16089.0,128914.55
ALVEJANTE TRIEX SEM CLORO WHITE 2L,10783.0,128722.53
AMACIANTE CONCENTRADO COMFORT CONC SEGREDO 36 500ML,9668.0,128701.03
LIMPADOR PERFUMADO CASAFLOR INTUITIVE 1L,17126.0,128491.45
DESINFETANTE LYSOFORM BRUTO SUAVE 500ML,12921.0,128404.14
SABAO EM PO MINUANO ROXO EMB ECONOMICA 400G,27928.0,128115.29
AMACIANTE DILUIDO AMACITEL PAIXAO ENVOL  2L,12626.0,127806.72
AGUA SANITARIA SANTA CLARA GF 1L,36751.0,127675.07
SABAO EM PO YPE POWER ACT SC 800G,10120.0,127629.69
"AMACIANTE CONCENTRADO YPE DELICADO 1,5L",6039.0,127487.23
SABAO EM PO JUA BRANCO INTENSO 400G,41361.0,127393.19
LIMPADOR PERFUMADO AJAX FESTA DAS FLORES CAMPO 500ML,18162.0,127357.52
AMACIANTE DILUIDO AMACITEL MOMENTO CARINHO 5L,7063.0,127328.48
SABAO EM PO SURF CUIDADO DO COCO 16X800G,1016.0,127281.6
LIMPADOR PERFUMADO CASAFLOR DESIRE 1.75L,10340.0,126827.77
DESINFETANTE PINHO SOL FLORAL 500ML,13410.0,126765.1
DESINFETANTE YPE PINHO LAVANDA 1L,12082.0,126514.35
AGUA SANITARIA AGIFACIL 5L,10794.0,126316.16
"SABAO EM PO BRILUX FLORAL 1,6KG",8440.0,126206.0
AMACIANTE DILUIDO SONHO MAGIC REFIL 900ML,20857.0,125915.33
SABAO LIQUIDO YPE POWER ACT 3L,3457.0,125710.79
AMACIANTE CONCENTRADO YPE COCO E BAUNILHA 1L,8205.0,125414.41
TIRA MANCHA VANISH RESOLV PRE-LAVAGEM 450ML,5620.0,124882.94
DETERGENTE LIQUIDO BARRA MACA 500ML,70667.0,124811.3
DETERGENTE LIQUIDO SUPREMA COCO 500ML,61781.0,124736.03
DESINFETANTE PINHO BRIL FLORES DE LIMAO LV500 PG450 500ML,19842.0,124566.91
AMACIANTE DILUIDO TUFF AZUL 5L,7286.0,124566.55
LIMPEZA PESADA VEJA POWER FUSION BICARB/ALCOOL/LIMAO 1L,5871.0,124123.21
SABAO LIQUIDO ISIS AZUL 5L,8024.0,124079.65
"AMACIANTE DILUIDO COMFORT BRISA TROPICAL 1,8L",4862.0,124073.16
DESINFETANTE AQUAFAST CHA BRANCO 5L,7534.0,123982.92
ALVEJANTE BRILUX FRESH 1L,35665.0,123818.58
AMACIANTE DILUIDO MINUANO ALGODAO E BAUNILHA 2L,11547.999899999999,123708.25
"AMACIANTE DILUIDO SONHO LAVANDA LV2L PG1,8L",11696.0,123631.65
SABAO EM PO TIXAN YPE MACIEZ SC 24X400G,1133.0,123410.52
AMACIANTE DILUIDO SONHO AZUL PROFUNDO GARRAFA 2L,10346.0,123058.52
LIMPEZA PESADA VEJA CAMPESTRE 500ML,8235.0,122863.47
ALVEJANTE CANDURA SEM CLORO ROUPAS BRANCAS E COLORIDAS 2L,9538.0,122857.02
DESINFETANTE CLEAN PLUS LAVANDA 2L,15958.0,122806.64
REMOVEDOR SUPREMA FLORATA 500ML,17502.0,122542.96
"AMACIANTE DILUIDO COMFORT BRISA FLORAL 1,8L",4728.0,122211.91
ALVEJANTE BRILUX FLORAL 1L,34927.0,122210.03
SABAO EM PO OMO DT PERFECT WHITE 4KG,2142.0,122206.63
SABAO LIQUIDO APYCE TUDO EM 1 5L,5125.0,122035.77
"AMACIANTE CONCENTRADO COMFORT 48 SEGREDOS FRASCO 1,5L",4298.0,121712.71
AMACIANTE CONCENTRADO GIRANDO SOL VERMELHO 500ML,12098.0,121622.67
SABAO LIQUIDO LIMPEZA FELIZ 3L,9190.0,121612.87
LIMPEZA PESADA VANISH KARPEX CARPETE E TAPETE FRASCO 500ML,4207.0,121598.3
TIRA MANCHA VANISH GEL S/CLORO CRYSTAL WHITE SACHE 200ML,17235.152000000002,121569.3
"AMACIANTE CONCENTRADO BABY SOFT TOQUE DE CARINHO 1,5L",8151.0,121528.43
AMACIANTE CONCENTRADO DOWNY PERF COLLEC ADORAVEL FR 900ML,4829.0,121387.53
AGUA SANITARIA CLORAL 2L,22074.0,121312.21
SABAO LIQUIDO BRILUX LAVANDA REFIL 700ML,13319.0,121233.94
"SABAO LIQUIDO BEM TE VI PERFUME DAS FLORES 2,7L",7621.67,121135.68
LIMPADOR PERFUMADO CASA E PERFUME BELA FLORE 2L,6765.0,120999.6
DESINFETANTE SANOL LEITOSO LAVANDA 5L,8088.0,120934.71
LIMPADOR ESSENCIA VEJA CONCENTRADO QUARTZO ROSA JAS 100ML,9415.0,120928.27
AMACIANTE CONCENTRADO DOWNY  BRISA INTENSO RF 1.6L,3691.0,120855.03
LIMPADOR PERFUMADO CASA E PERFUME DI AMORE 1L,13170.0,120798.19
DETERGENTE LIQUIDO INVICTO LIMAO 500ML,66556.0,120784.32
SABAO LIQUIDO APYCE LAVA ROUPAS 3L,7752.0,120705.91
AMACIANTE DILUIDO MON BIJOU MAIS FRESCOR 1.7L,12372.0,120504.13
AGUA SANITARIA Q LAR 5L,14232.0,120029.99
AMACIANTE DILUIDO SONHO MAGIC GARRAFA 500ML,31221.0,119857.59
DETERGENTE LIQUIDO BRISA MACA 500ML,61812.92,119777.03
SABAO LIQUIDO ACTUALY BRANCAS E COLORIDAS 5L,4787.0,119436.16
AMACIANTE DILUIDO AQUAFAST ROXO MAGIA 5L,6866.0,119252.57
AGUA SANITARIA CLASSIC 2L,22016.0,119106.54
SABAO LIQUIDO UAU ROSAS SEDUCAO 5L,2603.0,118872.03
"AMACIANTE CONCENTRADO URCA AZUL 1,5L",9398.0,118723.33
DETERGENTE LIQUIDO ZUPP NEUTRO 500ML,68913.0,118697.85
LIMPADOR ESSENCIA CONCENTRADO COALA SOFT 120ML,8210.0,118664.96
LIMPADOR PERFUMADO CASA E PERFUME BELA FLORE L1L P900ML 1L,12823.208,118446.43
AGUA SANITARIA GOTA LIMPA  1L,36347.0,118348.17
TIRA MANCHA VANISH PO S/CLORO OXI ACT CRYSTAL WHITE REF 1KG,2230.0,118192.4
REMOVEDOR SUPREMA TRAD 500ML,16555.0,118189.88
LIMPADOR MULTIUSO VEJA LAVANDA/ALCOOL SQUEEZE 500ML,20771.0,118177.22
DETERGENTE LIQUIDO BARRA LIMAO 500ML,66576.0,118138.25
SABAO LIQUIDO GOTA LIMPA ORIGINAL 3L,5555.0,118051.29
DETERGENTE LIQUIDO TRIEX LIMAO 500ML,61986.0,118013.48
DET. PO ASSIM TRIPLACAO EMB. ECONOMICA 4 0KG,3480.0,117894.08
DESINFETANTE CLEAN PLUS FLORAL 2L,15011.0,117841.81
SABAO EM PO AQUAFAST FLORES E BAUNILHA 1.6KG,9726.0,117008.46
DETERGENTE LIQUIDO GIRANDO SOL HIPOALERGENICO 500ML,49828.5,116683.89
SABAO LIQUIDO TUFF 3L,5069.0,116656.74
AGUA SANITARIA TRIEX VERDE 1L,34590.0,116554.03
AMACIANTE CONCENTRADO MON BIJOU CLASSICO 500ML,11798.0,116448.07
LV ROUP LIQ ARIEL 1800ML,4348.0,116427.01
LIMPADOR PERFUMADO CASAFLOR ORQUIDEA 1.75L,9557.0,116296.91
LIMPADOR MULTIUSO YPE C/ALCOOL SQUEEZE 500ML,24225.0,116269.54
LIMPADOR MULTIUSO YPE FLORAL SENSES 500ML,25111.0,116022.75
SABAO EM PO INVICTO ACTION LAVANDA 800G,14050.0,116015.24
SABAO EM PO ALA LIMAO E BICARBONATO PACOTE 400G,32842.0,115928.42
AGUA SANITARIA IGUAL 5L,10658.0,115804.12
AMACIANTE CONCENTRADO BRINORT AMAZON 2L,8030.0,115722.17
DETERGENTE LIQUIDO TRIEX MACA 500ML,60593.0,115521.23
"SABAO EM PO BRILHANTE LIMP TOTAL CX 2,2KG",5283.0,115277.59
DESINFETANTE GIRANDO SOL PINHO 5L,6734.0,114994.49
LIMPADOR MULTIUSO YPE DESENGORDURANTE SQUEEZE P450ML L500ML,26206.0,114740.58
TIRA MANCHA ANIL IMPERIAL BRANQUEADOR SACHE 44G,4279.0,114704.65
DETERGENTE LIQUIDO YPE TITANIUM 2X LIMPEZA 500ML,30669.0,114161.12
REMOVEDOR BUFALO LAVANDA 500ML,6533.0,114146.05
SABAO LIQUIDO ODD COCO 3L,4769.0,114117.24
LIMPADOR MULTIUSO VEJA FLORAL SQUEEZE 500ML,19713.0,114056.85
SABAO LIQUIDO DRAGAO ACTION 3L,5787.0,114046.56
"SABAO EM PO YPE POWER ACT SC 2,4KG",4025.0,113978.59
SABAO EM PO APYCE MULTIACAO SACHE 4KG,5579.0,113421.55
DESENGORDURANTE MR MUSCULO COZINHA LARANJA SQUEEZE 500ML,8269.0,113280.43
AMACIANTE DILUIDO SOFT PLUS LAVANDA 5L,6014.0,112959.89
SABAO EM PO APYCE 800G,24667.0,112881.21
AMACIANTE DILUIDO TUFF AZUL 2L,15544.0,112836.39
LIMPADOR ESSENCIA UAU CONCENTRADA LAVANDA 130ML,7911.0,112658.35
SABAO EM PO INVICTO SUPERACAO 800G,13678.0,112543.9
ALVEJANTE TUFF SEM CLORO 2L,6460.0,112411.61
LIMPADOR PERFUMADO YPE DOCE VIDA 500ML,19846.0,112309.86
DETERGENTE LIQUIDO TEIU MACA 500ML,47161.0,112006.45
LIMPADOR MULTIUSO GUIMARAES COM BICARBONATO E ALCOOL 1L,6030.0,111976.69
AMACIANTE DILUIDO QBOA SENSE CARINHO 2L,12453.0,111892.55
AMACIANTE DILUIDO LILY AZUL 5L,8279.0,111848.32
SABAO EM PO GIRANDO SOL OPTICAL WASH ROSA FLORAL 7KG,2127.0,111293.96
DESINFETANTE AZULIM KIT LIMO +DESINF +M.USO 500ML CADA 1UN,9419.0,111234.32
DESINFETANTE GIRANDO SOL LAVANDA 500ML,30214.0,111224.46
DESENGORDURANTE MR MUSCULO COZINHA LARANJA AP 500ML,4516.0,111143.96
AGUA SANITARIA DA ILHA 1L,37796.0,110783.61
ALVEJANTE YPE C/CLORO ATIVO 1L,18144.0,110749.65
"SABAO EM PO OMO LAVAGEM PERFEITA BAG 2,2KG",2973.0,110692.86
LIMPADOR MULTIUSO UAU C/ALCOOL SQUEEZE 500ML,22390.0,110470.96
AGUA SANITARIA ZAB 2L,23790.784,110231.09
DETERGENTE LIQUIDO GIRANDO SOL NEUTRO 1L,22163.0,109773.65
SABAO EM PO TIXAN YPE PRIMAVERA SC 24X400G,1005.0,109610.17
AGUA SANITARIA SUPER GLOBO COM CLORO ATIVO 1L,28126.0,109396.38
AGUA SANITARIA RAJJA VERDE 5L,8946.0,109097.55
SABAO LIQUIDO MON BIJOU MULTIACAO ACTION 3L,3423.0,109017.57
SABAO LIQUIDO BRILUX MULTIACAO COCO REFIL 700ML,12019.0,108989.06
DETERGENTE LIQUIDO GIRANDO SOL NATURAL 1L,21986.0,108771.35
DESINFETANTE AQUAFAST HARMONIA 2L,13675.0,108504.3
ALVEJANTE VANISH GEL MULTIUSO PINK SACHE 200ML,15548.0,108415.41
LIMPADOR PERFUMADO CASAFLOR DESIRE 1L,14400.0,108155.75
DETERGENTE LIQUIDO GIRANDO SOL NEUTRO 5L,4763.0,108109.47
DESINFETANTE ZUPP FRESCOR LAVANDA 2L,16469.0,107744.11
AMACIANTE CONCENTRADO AQUAFAST MISTERIO 1L,7731.0,107621.34
SABAO EM PO BABY SOFT CONCENTRADO 800G,16093.0,107544.8
DESINFETANTE SANOL HERBAL 2L,15000.0,107536.02
AGUA SANITARIA CLORADA BRANCO 2L,19899.0,106991.12
LIMPADOR PERFUMADO VEJA PERFUMES JASMIN DO CARIBE 1L,10890.0,106868.58
REMOVEDOR BUFALO 500ML,6921.0,106822.76
SABAO LIQUIDO GUARANI TRADICIONAL 3L,6421.0,106761.95
DESINFETANTE VIM CLORO GEL ADITIVADO FLORAL 700ML,6488.0,106724.54
"AMACIANTE CONCENTRADO COMFORT SEGREDOS 10 BRIDGERTON 1,5L",3871.0,106671.67
AMACIANTE DILUIDO BABY SOFT TOQUE SEDUTOR 5L,5406.0,106546.58
AMACIANTE DILUIDO MON BIJOU MAIS PROTECAO 5L,4837.0,106500.23
REMOVEDOR BUFALO JASMIM 500ML,6368.0,106403.26
LIMPEZA PESADA UAU 3 EM 1 CLORO ATIVO 500ML,12874.0,106374.15
DETERGENTE LIQUIDO AZULIM NEUTRO 500ML,51999.0,106284.07
SABAO LIQUIDO OMO ROUPAS DELICADAS ORIGINAL 900ML,5405.0,106113.06
DETERGENTE LIQUIDO OESTE COCO 500ML,54112.0,106085.15
DESENGORDURANTE MR MUSCULO COZINHA LIMAO REFIL 400ML,8926.0,106036.78
AGUA SANITARIA MARINA 1L,31061.0,105546.47
LIMPADOR MULTIUSO AZULIM KIT COZ 2X500ML+DESENG 500ML,8527.0,105238.82
TIRA MANCHA CALISUL PERCARBONATO DE SODIO 1KG,3834.0,105000.01
AMACIANTE DILUIDO GIRANDO SOL LILAS 5L,5617.0,104413.65
"AMACIANTE DILUIDO BEM TE VI TOQUE DE CARINHO 1,8L",15575.0,104343.4
AGUA SANITARIA PROEZA GALAO 5L,9225.0,104334.24
DETERGENTE LIQUIDO OESTE MACA 500ML,53184.0,104323.66
SABAO EM PO URCA CONCENTRADO CX 800G,13511.0,104292.46
DESINFETANTE TRIEX FLORAL 2L,18632.0,103949.02
AMACIANTE CONCENTRADO BRINORT ENJOY 2L,7003.0,103670.61
AMACIANTE DILUIDO AQUAFAST ENERGIA 5L,5959.99996,103512.0
DETERGENTE LIQUIDO INVICTO COCO 500ML,56461.0,103374.08
AMACIANTE DILUIDO TRIEX 2L,15823.0,103237.53
"AMACIANTE DILUIDO YPE INTENSO PG1,6L LV2L",10540.0,103041.04
AMACIANTE CONCENTRADO AQUAFAST VERMELHO SEDUCAO 1L,7309.0,102950.76
SABAO EM PO OMO LAVAG PERF CX 20X800G,373.0,102947.14
SABAO EM PO ASSIM TRIPLACAO EMB ECONOMICA 400G,24481.0,102903.5
LIMPADOR ESSENCIA VEJA CONCENTRADO CITRINO ALECRIM 100ML,8108.0,102861.64
"ALVEJANTE BRILUX PERFUMADO C/DETERGENTE MULTI LV2L PG1,8L 2L",11970.0,102770.02
LIMPADOR ESSENCIA AROMASIL JASMIM 140ML,10926.0,102610.76
AGUA SANITARIA BARRA 5L,7150.0,102380.98
DETERGENTE LIQUIDO BRILUX LAVANDA 500ML,48875.0,102370.21
GENCO CLORO PISCINA TABLETE 200G,8601.0,102126.54
"AMACIANTE DILUIDO YPE ACONCHEGO LV5L PG4,5L 5L",4441.0,101972.26
DESINFETANTE ZUPP FRESCOR MARINE 2L,15478.0,101909.32
LIMPADOR ESSENCIA COALA TUTTI FRUTI 120ML,7034.0,101815.54
SABAO EM PO URCA MAXX CONCENTRADO 400G,39592.0,101658.8
SABAO LIQUIDO TIXAN YPE EXPRESS COMBATE MAU ODOR 1L,7027.0,101626.2
SABAO LIQUIDO VIDA MACIA LAVANDA 1L,4143.0,101546.54
DESINFETANTE SUPREMA FLORES DO CAMPO 2L,16403.0,101379.63
AMACIANTE DILUIDO SONHO AMENDOAS GARRAFA 2L,8589.0,101288.31
AMACIANTE CONCENTRADO YPE DELICADO 900 ML,6374.0,101097.07
AMACIANTE CONCENTRADO URCA AZUL 500ML,18847.0,100825.09
"ALVEJANTE BRILUX MULTI LV5L PG4,5L 5L",5920.0,100751.8
"AMACIANTE CONCENTRADO DOWNY LIRIO DO CAMPO 1,6L",3118.0,100610.81
SABAO EM PO SURF ROSAS E FLOR DE LIZ 7X1.6KG,1078.0,100489.55
DESINFETANTE PINHO TROP TRADICIONAL ANTIBAC 500ML,19866.0,100399.48
SABAO LIQUIDO SUPREMA PERF. AZUL 3L,4920.0,100380.38
SABAO EM PO BRILUX TRIPLA ACAO 400G,21330.0,100366.41
AGUA SANITARIA ALPES 5L,8993.0,100316.49
LIMPADOR MULTIUSO GIRANDO SOL ORIGINAL 5 EM 1 500ML,25803.0,100259.84
DESINFETANTE BUFALO EUCALIPTO 2L,16956.0,100171.14
SABAO EM PO ULTRA CLASS 5KG,5815.0,99904.13
DESINFETANTE BAK YPE EUCALIPTO 1L,14994.0,99898.62
LIMPEZA PESADA AJAX FRESH LEMON LV1L PG800ML 1L,6783.0,99847.75
DETERGENTE LIQUIDO ODD ENZIMA BIOATIVA 500ML,44310.0,99768.97
"AMACIANTE DILUIDO YPE ACONCHEGO LV2L PG 1,8L 2L",9857.0,99629.26
DESINFETANTE LIMPADUA CLOROLIMP LEITOSO 1L,23681.0,99515.49
SBPO BRILHANTE ALVEJANTE SEGURO 1000G,8623.0,99389.75
AGUA SANITARIA ATRIUS S/CLORO 5L,10415.0,99315.1
LAVA ROUPAS LIQ OMO 450ML DELIC COC,7131.0,99063.24
"SABAO EM PO BRISA FLORAL E BICARB BAG 1,6KG",8581.0,98988.85
LIMPADOR DE VIDRO VEJA VIDREX CRISTAL REFIL 500ML,4554.0,98965.36
SABAO LIQUIDO GOTA LIMPA GLICERINA 3L,4693.0,98932.85
AGUA SANITARIA SANOL VERDE 2L,18378.0,98671.17
DETERGENTE LIQUIDO ZAB NEUTRO 500ML,57414.0,98493.36
AGUA SANITARIA TAY 1L,30709.0,98349.68
SABAO LIQUIDO URCA LAVANDA 1L,13307.0,98250.94
DETERGENTE LIQUIDO VIDA NEUTRO 500ML,56275.0,97973.49
DESINFETANTE SANOL LEITOSO EUCALIPTO 5L,6662.0,97947.97
SABAO LIQ ROUPAS OMO ESCURAS E PRETAS 900ML,4842.0,97893.91
AGUA SANITARIA TOP CLEAN 1L,41873.0,97826.38
AMACIANTE DILUIDO PELOUCHE LAVANDA 2L,15348.0,97792.94
SABAO LIQUIDO OMO LAVAGEM PERFEITA 12X900ML,627.1667,97695.58
DETERGENTE LIQUIDO BRISA LIMAO 500ML,50973.0,97577.78
SABAO LIQUIDO URCA MAXX VERDE 5L,4146.0,97540.8
"SABAO LIQUIDO ALA CUIDADO DO COCO 1,8L",5877.0,97044.23
TIRA MANCHA VANISH PO S/CLORO OXI ACTION REFIL 1KG,1835.0,97038.18
AGUA SANITARIA BEM TE VI CLORO ATIVO 1L,44860.0,96779.55
"LIMPEZA PESADA AJAX CONCENTRADO FRESH LIMAO 1,75L",4084.0,96755.52
"SABAO EM PO SONHO MULTI ACAO 1,6KG",7882.0,96335.7
DESINFETANTE SUPREMA OCEANIC 2L,15737.0,95968.91
"DESINFETANTE POLITRIZ LAVANDA 1,75L",16728.0,95950.76
"SABAO EM PO AMACITEL TOQUE DE POESIA CARTUCHO 2,2KG",4866.0,95915.59
LIMPADOR DE VIDRO UAU BLINDEX GATILHO 500ML,4556.0,95640.93
AGUA SANITARIA CLORAL 12X1L,3608.0,95639.19
LIMPADOR PERFUMADO VEJA PERFUMES JASMIM DO CARIBE 2L,6053.0,95547.51
"SABAO EM PO TRIEX TRADICIONAL 1,6KG",10774.0,95505.57
TIRA MANCHA BRILHANTE S/CLORO FLORAL 2L,3111.0,95466.27
SABAO LIQUIDO COALA ORQUIDEA NEGRA 5L,2368.0,95382.65
AGUA SANITARIA ECONOMICO BRANCO TOTAL 12X1L,2987.0,95363.98
AGUA SANITARIA CLASSIC 5L,8485.0,95214.53
LIMPADOR PERFUMADO AZULIM PORCELANATO LAVANDA 750ML,7774.0,95130.85
DESENGORDURANTE VEJA COZINHA LIMAO 500ML,5727.0,95092.87
LIMPADOR PERFUMADO CASAFLOR ORQUIDEA NEGRA 1L,12577.0,95081.72
DETERGENTE LIQUIDO BRISA COCO 500ML,49417.0,95062.08
AMACIANTE CONCENTRADO YPE ALQUIMIA LIBERDADE 1L,5227.0,95058.02
DESINFETANTE SANOL TALCO 2L,13998.0,94986.13
LIMPADOR PERFUMADO AQUAFAST CITRUS 2L,9421.0,94504.07
AMACIANTE CONCENTRADO COMFORT 10 SEGREDOS BRIDGER 500ML,6879.0,94450.74
LIMPADOR ESSENCIA GLADE LAVANDA 120ML,6571.0,94146.21
LIMPEZA PESADA AZULIM TIRA FERRUGEM 50ML,10388.0,93933.46
AMACIANTE DILUIDO CANDURA GLAMOUR GARRAFA 2L,13424.0,93771.7
LIMPADOR ESSENCIA UAU CONCENTRADA ROSAS VERMELHAS 130ML,6605.0,93652.11
AMACIANTE DILUIDO SONHO LAVANDA REFIL 900ML,15558.0,93584.61
AMACIANTE DILUIDO VIDA MACIA ERVA DOCE 1L,6874.0,93366.15
AMACIANTE DILUIDO BRINORT NOVO AMANHACER 2L,17210.0,93230.24
DESINFETANTE PROEZA LAVANDA 2L,20950.0,93188.15
DESINFETANTE SANOL CHA BRANCO 2L,13976.0,92979.9
ALVEJANTE GIRANDO SOL PERFUMADO LAVANDA 2L,11206.0,92881.3
DETERGENTE LIQUIDO PROEZA NEUTRO 500ML,61669.0,92872.71
SABAO LIQUIDO OLA DELICADAS COCO 1L,3188.0,92757.02
SABAO LIQUIDO COALA CHA BRANCO 5L,2296.0,92648.23
DESENGORDURANTE CIF ESPUMA MILAGROSA LIMAO 500ML,4099.0,92622.36
ALVEJANTE TUFF SEM CLORO 1L,9968.0,92489.25
AMACIANTE DILUIDO SONHO PAIXAO 2L,8023.0,92474.18
AGUA SANITARIA BRILHA SUL 5L,8617.0,92379.48
"SABAO EM PO SONHO LAVANDA 1,6KG",7536.0,92367.68
DETERGENTE LIQUIDO OESTE CLEAN 500ML,46416.0,92334.38
SABAO LIQUIDO URCA COCO 3L,3938.0,92178.55
AMACIANTE CONCENTRADO COMFORT 36 SEGREDOS 1L,3724.0,92148.77
SABAO EM PO GIRANDO SOL OPTICAL WASH CUIDA PROTEGE 2.4KG,4749.0,92065.45
SABAO LIQUIDO RUTH CARE BABY 1L,6678.0,92017.35
"TIRA MANCHA VANISH GEL MULTI 1,5L + GEL CRYSTAL WHITE 1,5L",1718.8,91960.89
DESENGORDURANTE VEJA COZINHA GOLD LARANJA GATILHO 500ML,2985.0,91808.93
OMO DT LIQ+PURO CUIDADO 5L,1330.0,91698.87
SABAO LIQUIDO BRILUX LAVANDA MULTIACAO 3L,2855.0,91683.51
REMOVEDOR SUPREMA VERBENA 500ML,13155.0,91593.91
AMACIANTE DILUIDO VIDA MACIA GLICERINA E ALGODAO 1L,6826.0,91572.41
"SABAO EM PO FELITA SACHE 1,6KG",7120.0,91558.68
DESINFETANTE HIDROSTERIL HORTIFRUTI 50ML,5693.0,91520.05
DESENGORDURANTE DIABO VERDE FORNO ALCALINO 250G,5541.0,91508.72
LIMPADOR ESSENCIA COALA ROMA 120ML,6322.0,91469.61
AMACIANTE DILUIDO AQUAFAST PURA MAGIA 2L,11605.0,91397.24
SABAO LIQUIDO MINUANO COCO FRASCO 500ML,10824.0,91392.86
DESENGORDURANTE CIF COZINHA GTL L500 P325 500ML,6455.0,91124.11
AMACIANTE DILUIDO SONHO AZUL PROFUNDO GARRAFA 500ML,23162.0,91071.82
LIMPEZA PESADA REMOVEX PERFECTO PISO PEDRA BANHEIRO 5L,1911.0,90926.51
AGUA SANITARIA YPE PRO FRASCO 1L,24347.0,90923.48
AMACIANTE DILUIDO COMFORT PRO 7L,1252.0,90757.27
DESINFETANTE PINHO BRIL LAVANDA 1L,8005.0,90671.77
CLORO SANTA CLARA 5L,4967.0,90609.88
SABAO LIQUIDO ASSIM BICARBONATO 3L,3833.0,90538.7
DESINFETANTE KALIPTO LAVANDA 2L,8930.0,90495.79
DESINFETANTE TRIEX LEITOSO ALFAZEMA 2L,16101.0,90428.49
DESENGORDURANTE AZULIM 500ML,12472.0,90341.76
LIMPADOR PERFUMADO YPE AMOR DE VERAO 1L,9946.0,90212.85
CLORO P/ PISCINA TABLETE 200G PENTA,8874.0,90100.48
AMACIANTE DILUIDO BABY SOFT TOQUE DE CUIDADO 5L,4497.0,90083.09
"SABAO EM PO BRISA LAVANDA E COCO BAG 1,6KG",7930.0,89817.98
AGUA SANITARIA SEMPRE VIVA 2L,16551.0,89742.69
DESENGORDURANTE UAU 4 EM 1 TECH COZ/DESENG PULV 500ML,4325.0,89736.76
SABAO EM PO BRILUX TRIPLA ACAO 800G,9739.0,89545.46
DESINFETANTE AZULIM MARINER 1L,15975.0,89528.9
AMACIANTE DILUIDO MINUANO CARINHO AZUL 500ML,19940.0,89466.86
LIMPEZA PESADA PEDREX START LIMPA PEDRAS 5L,1832.0,89417.87
DETERGENTE LIQUIDO AZULIM CLEAR 500ML,43773.0,89248.47
SABAO LIQ EVA MULT ACAO 3L,7555.0,89115.17
DESINFETANTE PINHO SOL FLOR DE MANDACARU 1L,5545.0,88904.05
AMACIANTE DILUIDO SONHO MAGIC GARRAFA 3L,4907.0,88711.62
SABAO EM PO BRILHANTE PRO PCT 8KG,1125.0,88531.46
AGUA SANITARIA VAREK 2L,12472.0,88372.46
DESINFETANTE SANOL LEITOSO HERBAL 5L,6128.0,88325.76
DESINFETANTE CLEAN PLUS JASMIM 2L,11024.0,88291.51
LIMPADOR MULTIUSO GUIMARAES COM BICARBONATO E ALCOOL 5L,2788.0,88246.81
DESINFETANTE VOREL LAVANDA 2L,14860.0,88232.02
LIMPEZA PESADA AJAX 20% DESC FRESH 1L,6130.0,88218.92
SABAO LIQUIDO SONHO FRESH 1L,8489.0,88147.64
LIMPADOR ESSENCIA UAU FLOR DE ALGODAO 130ML,6236.0,87883.15
LIMPADOR PISCINA BEL CLORO EM PASTILHA MULTIACAO 200G,8688.0,87467.74
SABAO LIQUIDO TUFF BABY 1L,6189.0,87395.32
DESINFETANTE BRINORT FLORAL 2L,16031.0,87371.74
LIMPADOR MULTIUSO QBOA TRADICIONAL 500ML,20182.0,87317.23
DESINFETANTE GIRANDO SOL PINHO 500ML,23800.0,87245.74
AMACIANTE DILUIDO TEIU AZUL 2L,9028.0,87204.41
LIMPADOR MULTIUSO LIMPOL CLASSICO SQUEEZE 500ML,17523.0,87170.62
SABAO LIQUIDO BRILHANTE PERFUME E CUIDADO EXTRAORD REF 700ML,9919.0,87144.55
AMACIANTE DILUIDO BABY SOFT INFINITY CARE MARSALA 2L,10280.0,87086.79
DETERGENTE LIQUIDO ODD AIR FRYER 500ML,38755.0,87034.37
DETERGENTE LIQUIDO GOTA LIMPA NEUTRO 5L,4724.0,86926.09
SABAO LIQUIDO OLA LAVA ROUPA 20% DESC ORIGINAL BEBE DOC 1L,3635.0,86782.52
DETERGENTE LIQUIDO OESTE LIMAO 500ML,44089.0,86691.26
LIMPADOR PERFUMADO YPE AZUL TROPICAL 500ML,15689.0,86519.87
LIMPEZA PESADA START SOLUCAO ACIDA PARA LIMPEZA 1L,5596.0,86356.89
LIMPADOR PERFUMADO YPE AMOR DE VERAO 500ML,15306.0,86270.01
SABAO EM PO INVICTO COCO 800G,10482.0,86227.81
SABAO LIQUIDO HIPER PLUS MARESIA 2L,9110.0,86020.54
TIRA MANCHAS QBOA BRANQUEADOR 2L,3921.0,86014.05
SABAO LIQUIDO ORIENTAL LIQ 3L,4966.0,85898.49
DESINFETANTE MINUANO FLORAL 500ML,28493.0,85764.26
DETERGENTE LIQUIDO CANDURA NEUTRO 500ML,43278.0,85703.6
DESINFETANTE BUFALO JASMIM 2L,14399.0,85620.15
SABAO EM PO BRILUX LAVANDA 400G,18153.0,85584.02
LIMPADOR PERFUMADO YPE AZUL TROPICAL 1L,9579.416000000001,85456.85
DETERGENTE LIQUIDO GIRANDO SOL MACA 1L,17403.0,85428.69
DETERGENTE LIQUIDO SUPREMA LIMAO E ALOE VERA 500ML,42336.0,84957.74
"AMACIANTE CONCENTRADO DOWNY PERF COLLEC PAIXAO FRASCO 1,35L",2357.0,84946.37
LIMPADOR ESSENCIA COALA PATCHOULI COM TANGERINA 120ML,6035.0,84859.06
AGUA SANITARIA TUBARAO 3L,11536.0,84749.81
ALVEJANTE ESTRELA SEM CLORO BRANCAS E COLORIDAS 2L,5940.0,84697.22
AMACIANTE CONCENTRADO FOFO CONC AMARELO CHAMEGO 500ML,8775.0,84454.12
DETERGENTE LIQUIDO GIRANDO SOL LIMAO 1L,17196.0,84425.32
DESINFETANTE MINUANO MARINE 500ML,32852.0,84398.57
"AMACIANTE DILUIDO SONHO LAVANDA GARRAFA 1,5L",8570.0,84280.79
AMACIANTE DILUIDO GOTA LIMPA PETALAS DE PAIXAO 2L,13072.0,84188.03
DETERGENTE LIQUIDO SUPREMA FRUTAS VERMELHAS 500ML,42017.0,84154.92
LIMPADOR DE VIDRO GIRANDO SOL COM ALCOOL GATILHO 500ML,15892.0,84146.23
DESINFETANTE TEIU LAVANDA 1L,16226.0,84121.95
LIMPADOR ESSENCIA COALA LIMA LIMAO 120ML,5757.0,84117.61
SABAO LIQUIDO URCA COCO GARRAFA 500ML,11235.0,84109.06
SABAO EM PO ZUPP SACHE 1.6KG,6813.0,84028.02
AGUA SANITARIA START GF 2L,14066.0,83886.51
AGUA SANITARIA GOTA LIMPA  5L,6297.0,83844.84
AMACIANTE CONCENTRADO COMFORT SEGR 10 BRIDGERTON ED ESP 1L,3521.0,83753.74
"AMACIANTE DILUIDO SONHO AZUL PROFUNDO GARRAFA LV2L PG1,8L",8195.0,83743.98
AGUA SANITARIA CLARINA GF 3L,12864.0,83719.4
DESINFETANTE SUPREMA EUCALIPTO 2L,14220.0,83562.5
AGUA SANITARIA SEMPRE VIVA 5LT,6737.0,83523.42
DESINFETANTE SUPREMA PINHO 2L,13423.0,83439.03
AMACIANTE DILUIDO GUIMARAES AZUL 5L,5293.0,83427.02
LIMPEZA PESADA MAIS ACIDO MURIATICO 1L,9995.0,83413.77
SABAO LIQUIDO VIDA MACIA GLICERINA E ERVA DOCE 500ML,6334.0,83301.8
LIMPADOR PERFUMADO GIRANDO SOL SUAVE MAGIA 1L,9771.0,82906.29
TIRA MANCHA CALISUL PERCARBONATO DE SODIO 500G,5242.0,82759.7
SABAO EM PO URCA CONCENTRADO LAVANDA SACHE 400G,32601.0,82572.47
DESINFETANTE BARRA PINHO PINHO 2L,12834.0,82412.68
GENCO CLARIFICANTE AUX DE FILTRACAO 1LT,3643.0,82402.62
SABAO LIQ SAO MARCOS TRAD ECO 3L,7569.0,82316.29
TIRA MANCHAS GIRANDO SOL S/ CLORO EM PO SACHE 400ML,6190.0,81979.85
DESENGORDURANTE UAU LIMPA FORNO GATILHO 450ML,3324.0,81859.35
AMACIANTE DILUIDO AMACITEL TOQUE DE ACONCHEGO 2L,8172.0,81786.38
LIMPADOR PISCINA BEL CLORO MULTIACAO 5 EM 1 10KG,347.0,81753.07
SABAO LIQUIDO MON BIJOU MULTIACAO FRESH 3L,2606.0,81663.06
LIMPADOR DE VIDRO VEJA VIDREX CRIST SACHET REG 400ML,7330.0,81476.32
LIMPADOR PERFUMADO AJAX FESTA DAS FLORES BOUQUET 1L,6566.0,81259.15
DETERGENTE LIQUIDO PROEZA CLEAR 500ML,54549.0,81237.67
LIMPADOR PERFUMADO CASAFLOR LAVANDA PROVENCE 1L,10582.0,81121.88
DESINFETANTE TEIU LAVANDA 2L,8355.0,81079.07
AMACIANTE CONCENTRADO MON BIJOU CLASSICO 1L,5086.0,80988.24
SABAO LIQUIDO OLA ORIGINAL 20% DESCONTO 1L,3589.0,80882.16
SABAO LIQUIDO SUPREMA COCO 3L,3885.0,80828.44
SABAO EM PO MAKRO CHUI 5L,3434.0,80731.54
AMACIANTE DILUIDO GOTA LIMPA FASCINIO VIOLETA 2L,12913.0,80650.97
AMACIANTE CONCENTRADO BRILUX FRESCOR DE VERAO 500ML,9956.0,80478.96
DESINFETANTE SANOL OCEAN 2L,11774.0,80312.21
DESENGORDURANTE SAIF KIT GATILHO E SACHE 2X500ML,4280.0,80291.35
AGUA SANITARIA SUPER GLOBO TRADICIONAL 2L,9059.0,80193.07
"DESINFETANTE PINHO BRIL SILVESTRE PLUS 1,75L",4924.0,80102.09
TIRA MANCHAS TIXAN YPE EM PO ROUPAS BRANCAS E COLOR ECO 380G,4673.0,80079.05
DESINFETANTE URCA TRADIONAL 5L,7322.0,79997.02
SABAO EM PO TRIEX FLOWERS SACHE 800G,17315.0,79887.05
SABAO LIQUIDO TUFF COCO 1L,5034.0,79820.01
SABAO LIQUIDO BRILUX TRIPLA ACAO 1L,6334.0,79799.37
SABAO LIQUIDO LIMPA MIL ACTIVE 3L,6595.0,79559.15
DETERGENTE LIQUIDO ATOL NEUTRO 500ML,38246.0,79533.71
LIMPEZA PESADA VEJA POWER FUSION CLORO/DETERG/EUCALIP 500ML,5739.0,79352.03
DESINFETANTE LYSOFORM AEROSOL ORIGINAL 250ML,3685.0,78843.96
SABAO LIQUIDO LONDRES 5L,2425.0,78788.25
AGUA SANITARIA BRILHANTE MULTIPLO USO FRASCO 2L,3266.0,78746.98
SABAO LIQUIDO JUA SUPER CONCENTRADO 5L,1884.0,78620.29
AMACIANTE CONCENTRADO FOFO CONC LARANJA VIOTIROSO 500ML,8186.0,78518.95
LIMP REMOV BUFALO JASMIM 500ML,4640.0,78373.98
SABAO EM PO MINUANO BRANCO 800G,7730.0,78190.7
ALVEJANTE SEMPRE VIVA SEM CLORO 2L,4457.0,78053.72
DETERGENTE LIQUIDO ZUPP CLEAR 500ML,43787.0,77994.26
LIMPADOR PERFUMADO VEJA PERFUMES JASMIN DO CARIBE 500ML,12379.0,77964.96
DESINFETANTE AZULIM WAVE 1L,13793.0,77814.3
DETERGENTE LIQUIDO ZUPP MACA 500ML,43473.0,77789.97
CLORO MARINA 2L,9956.0,77582.38
AGUA SANITARIA POLITRIZ 2L,12575.0,77311.57
DESINFETANTE TRIEX LAVANDA 2L,13835.0,77276.21
"SABAO EM PO INVICTO ACTION S ACAO 1,6KG",5063.0,77208.38
LIMPADOR PERFUMADO GIRANDO SOL PURA SEDUCAO 1L,9011.0,77172.82
DETERGENTE LIQUIDO GOTA LIMPA NEUTRO 1L,16809.0,77077.69
AGUA SANITARIA SUPER GLOBO C/CLORO ATIVO 2L,11305.0,77031.33
DETERGENTE LIQUIDO ZAB CLEAR 500ML,44907.0,76989.57
ARIEL LAVA ROUPAS LIQ TQ DOWNY GL 3L,1367.0,76933.24
AGUA SANITARIA TRIEX 1L,24338.0,76874.35
DESINFETANTE KALIPTO LAVANDA 750ML,17456.0,76773.02
SABAO LIQUIDO FACILITA TRADICIONAL 3L,6634.0,76607.29
DESINFETANTE BARRA PINHO FLORAL 2L,11880.0,76468.44
AMACIANTE DILUIDO AQUAFAST JARDIM FLORIDO 5L,4359.0,76407.28
SABAO LIQUIDO BEM TE VI LAVANDA 2X5L,2752.0,76317.86
AMACIANTE DILUIDO JUA LAVANDA 2L,9355.0,76286.81
AMACIANTE DILUIDO OESTE ORIGINAL 2L,10577.0,76263.56
DETERGENTE LIQUIDO PROEZA MACA 500ML,51140.0,76259.49
AGUA SANITARIA RADIANTE 1L,35778.0,76129.23
AGUA SANITARIA DACLOR FRASCO 2L,14529.0,76094.27
SABAO LIQUIDO MARILUX FLORES DE HORTENCIA ACTION 1L,5792.0,76079.13
SABAO EM PO AQUAFAST MULTIACAO 800G,10925.0,76073.34
SABAO EM PO BRILUX LAVANDA 800G,8163.0,76061.07
SABAO LIQUIDO BRINORT CLEAN BLUE 2L,8597.0,75800.01
LIMPEZA PESADA VEJA POWER FUSION CLORO/DETERG/EUCALIPTO 1L,3610.0,75757.88
LIMPADOR PERFUMADO SENHORA CASA CHA BRANCO 1L,8850.0,75697.74
"SABAO EM PO INVICTO ACTION LAVANDA CX 1,6KG",4939.0,75592.21
AGUA SANITARIA TAY 5L,5665.0,75577.79
DETERGENTE LIQUIDO ZUPP COCO 500ML,42216.0,75569.36
LIMPADOR PERFUMADO CASAFLOR LAVANDA PROVENCE 1.75L,6158.0,75532.44
TIRA MANCHAS TIXAN YPE EM PO ROUPAS BRANCAS ECO 380G,4334.0,75420.73
AMACIANTE DILUIDO SONHO LAVANDA 500ML,18814.0,75418.28
OMO DT PO LAV PER 20X800G+LV800G PG700G,6569.0,75221.01
DETERGENTE LIQUIDO CANDURA CLEAR 500ML,38113.0,75183.08
CLORO PURO ARACRUZ 2L,6280.0,75157.41
LIMPADOR MULTIUSO GIRANDO SOL C/ALCOOL 5 EM 1 500ML,18594.0,75153.34
AGUA SANITARIA FC VERDE 5L,7042.0,74945.85
LIMPADOR DE VIDRO CIF ULTRA RAP C/BORRIF 500ML,3147.0,74799.54
DESENGORDURANTE UAU COZINHA SQUEEZE PROMO20% 500ML,6191.0,74763.89
LIMPEZA PESADA UAU 10%DESC CLORO ATIVO 1L,5067.0,74761.34
AMACIANTE DILUIDO AQUAFAST ENERGIA 2L,9541.68,74471.34
AGUA SANITARIA SEMPRE VIVA 1L,25008.0,74297.1
DET. PO ASSIM TRIPLACAO EMB. ECONOMICA 2 4KG,3516.0,74285.14
SBPO SURF ROSAS E FLOR DE LIS SC PLAST 2000G,5632.0,74168.72
AMACIANTE DILUIDO CASAFLOR 750ML,7924.0,73969.2
AMACIANTE DILUIDO SUPREMA TOQUE AMOR 5L,4774.0,73867.9
DESINFETANTE TEIU FLORAL 1L,14275.0,73756.28
LIMPADOR ESSENCIA KALIPTO OLEO DE CAPIM LIMAO 120ML,5592.0,73702.66
"DESINFETANTE POLITRIZ MARINE 1,75L",12957.0,73657.78
LIMPADOR ESSENCIA KALIPTO OLEO DE LAVANDA 120ML,5594.0,73617.38
SABAO EM PO GEO FLORAL 1.6KG,5742.0,73506.27
SABAO EM PO BRISA AZUL FLORAL 400G,29010.0,73501.92
"AMACIANTE CONCENTRADO DOWNY SENSITIVE HIPOALERG FRASCO 1,35L",2041.0,73445.77
ALVEJANTE S/CLORO AQUAFAST 1L,9934.0,73387.93
SABAO EM PO APYCE MULTIACAO NATUREZA 4KG,3921.0,73299.02
SABAO EM PO ASTRA FLORAL AMADEIRADO 5KG,3173.0,73288.18
DESINFETANTE LYSOFORM LAVANDA 2L,3155.0,73175.98
LIMPADOR ESSENCIA UAU CONCENTRADA ROSA FLORAL INTENSE 130ML,5157.0,72865.56
DESINFETANTE PINHO TROP FRESH LV1L PG900ML 1L,8137.0,72691.54
SABAO LIQUIDO TEIU TRAD 1L,6161.0,72572.38
AMACIANTE DILUIDO PROEZA AZUL 5L,5723.0,72491.31
SABAO LIQUIDO ASTOLLI TRADICIONAL 5L,5480.0,72326.38
"DESINFETANTE POLITRIZ ORQUIDEA 1,75L",12739.0,72308.59
SABAO LIQUIDO GUIMARAES COCO E AMENDOAS 3L,3494.0,72278.14
"AMACIANTE CONCENTRADO YPE PINK 1,5L",3021.0,72209.02
DESINFETANTE TEIU FLORAL 2L,7429.0,72154.37
DESINFETANTE GIRANDO SOL TALCO 500ML,19539.0,72063.49
LAVA ROUPASL LIQ OMO FINA/DEL 450ML ORIGINAL,5197.0,71854.95
"SABAO EM PO BRILHANTE ACAO TOTAL S/ PERFUME 1,6KG",3351.0,71816.0
AMACIANTE DILUIDO SONHO AZUL PROFUNDO 900ML,12027.0,71710.15
"AMACIANTE DILUIDO SONHO AZUL PROFUNDO GARRAFA 1,5L",7237.0,71698.71
AGUA SANITARIA ECOVIDA 5L,8491.0,71684.24
LIMPADOR PERFUMADO GIRANDO SOL SUAVE MAGIA 500ML,14061.0,71627.57
DESINFETANTE ZAB PINHO GEL PLAST 1L,11012.0,71602.12
CLORO PISCINA GENCO 3X1 1KG,1920.0,71580.82
DETERGENTE LIQUIDO POLYLAR NEUTRO 500ML,40715.0,71571.62
"AGUA SANITARIA BRILUX LV2L PG1,6L 2L",13011.0,71450.83
DESINFETANTE URCA TRADICIONAL 500ML,22284.0,71442.43
SABAO EM PO ASSIM MICELAR TRIPLACAO 400G,16283.0,71434.11
DETERGENTE LIQUIDO ZAB COCO 500ML,41471.0,71337.28
"SABAO EM PO AMACITEL ALEGRES ENCANTOS CARTUCHO 2,2KG",3610.0,71212.02
LIMPEZA PESADA TEIU GEL TRAD 1L,8182.0,71077.08
"SABAO EM PO APYCE MULTIACAO SACHE 1,6KG",7690.0,70963.76
"DESINFETANTE PINHO BRIL CAMPOS LAVANDA 1,75L",4397.0,70725.35
DESINFETANTE CLEAN PLUS ALECRIM 2L,8780.0,70723.77
LIMPADOR DE VIDRO LIMPOL LIQUIDO SUAVE 3 EM 1 SQUEEZE 500ML,8757.0,70466.13
SABAO LIQUIDO UNOLAR FLORAL 3L,5056.0,70465.34
SABAO LIQUIDO BABY SOFT AZUL 3L,3316.0,70186.83
"SABAO EM PO COQUEL NATUREZA LIMPA 2,2KG",3583.0,70185.0
BRILHANTE SABAO EM PO LIMP TOT SC 800G,6138.0,70160.14
DETERGENTE LIQUIDO POLIAL NEUTRO 500ML,45301.0,70012.19
DESINFETANTE URCA LAVANDA 500ML,21505.0,69872.03
AGUA SANITARIA DA ILHA 2L,11635.0,69644.72
"SABAO LIQUIDO SURF CUIDADO DO COCO 1,8L",3933.0,69560.57
AGUA SANITARIA CLOROFINA 2L,8172.0,69544.85
SABAO LIQUIDO LIMPADUA 3L,4217.0,69468.93
AMACIANTE CONCENTRADO BRILUX FLORES DE PRIMAVERA 500ML,8544.0,69386.18
"SABAO EM PO APYCE MULTIACAO ROSA 1,6KG",7731.0,69364.53
DETERGENTE LIQUIDO GOTA LIMPA LIMAO 1L,14926.0,69243.83
AMACIANTE DILUIDO CANDURA PURO CARINHO GARRAFA 2L,9873.0,69202.95
SABAO EM PO APYCE MULTIACAO ROSA 4KG,3489.0,69168.71
AMACIANTE CONCENTRADO YPE ALQUIMIA GTS250ML INSP+LIB 2X500ML,4715.0,69120.63
SABAO LIQUIDO CANDURA ACTION 5L,2299.0,69079.13
AGUA SANITARIA ALVOX 2L,16619.0,68997.61
LIMPADOR ESSENCIA SECAR CONCENTRADO LAVANDA 120ML,5798.0,68994.97
AMACIANTE DILUIDO SONHO LAVANDA GARRAFA LV500ML PG450ML,18562.0,68983.25
AGUA SANITARIA SANOL VERDE 5L,5037.0,68979.91
SABAO LIQUIDO GUIMARAES LAVA ROUPAS FLOR DE CEREJEIRA 3L,3371.0,68969.12
LIMPADOR MULTIUSO BRILUX TRADICIONAL SQUEEZE P500ML L750ML,14064.0,68961.69
AGUA SANITARIA QBOA 6X2L,2113.0,68898.48
"SABAO EM PO BRILUX COCO 1,6KG",4816.0,68738.67
DESINFETANTE PET CREOLINA PEARSON 100ML,2566.0,68683.98
LIMPEZA PESADA VEJA FLORAL CAMPESTRE 1L,2891.0,68658.15
"DESINFETANTE PINHO SOL LAVANDA E MALALEUCA 1,75L",3176.0,68655.75
"SABAO EM PO SONHO COCO 1,6KG",5591.0,68648.88
ALVEJANTE BRILUX LAVANDA 2L,10163.0,68547.79
DETERGENTE LIQUIDO YPE NEUTRO 24X500ML,1270.62837,68482.64
LIMPADOR PERFUMADO CASAFLOR GLAMOUR 1.75L,5477.0,68417.82
AMACIANTE DILUIDO Q LAR CLASSIC FLORAL 5L,5494.0,68284.44
SABAO EM PO JUA SACHE 1KG,7754.0,68261.79
AMACIANTE DILUIDO SONHO MAGIC GARRAFA 5L,2511.0,68189.19
SABAO LIQUIDO YPE POWER ACT FRASCO 1L,4145.0,68076.72
DESINFETANTE PINHO SOL FLORAL 1L,4327.0,68065.32
LIMPADOR PERFUMADO GIRANDO SOL MANHAS DE ORVALHO 1L,7948.0,68052.34
SABAO LIQUIDO GUIMARAES COCO 5L,2149.0,67748.0
AMACIANTE CONCENTRADO BRILUX PERFUME DE OUTONO 500ML,8353.0,67680.12
REMOVEDOR BUFALO TRADICIONAL 1L,2477.0,67553.55
AMACIANTE CONCENTRADO DOWNY BRISA INTENSO 350ML,6712.0,67470.68
AMACIANTE CONCENTRADO GUIMARAES FLOR DE CEREJEIRA 1L,5255.0,67328.18
DETERGENTE LIQUIDO GOTA LIMPA COCO 500ML,32237.0,67238.13
AMACIANTE DILUIDO AZUL MAIS FAMILIA 5L,3997.0,67184.84
LIMPADOR MULTIUSO VEJA ORIGINAL USO DIRETO SQUEEZE 900ML,3798.0,67119.57
DESINFETANTE BAK YPE EUCALIPTO 5L,2856.0,67008.2
"SABAO LIQUIDO SURF LAVANDA 1,8L",3497.0,66777.46
AMACIANTE DILUIDO SONHO FACILITADOR GARRAFA 500ML,16518.21,66776.35
DESINFETANTE MINUANO EUCALIPTO FRASCO 500ML,20761.958,66716.53
AMACIANTE DILUIDO CANDURA LAVANDA GARRAFA 2L,9481.0,66693.94
"DESINFETANTE POLITRIZ GARDENIA 1,75L",11554.0,66690.96
DESINFETANTE LYSOFORM LAVANDA 500ML,7115.0,66607.73
SABAO LIQUIDO UFE COCO 500ML,7858.0,66544.16
DESINFETANTE LYSOFORM BRUTO SUAVE ODOR 2L,2840.0,66387.33
ALVEJANTE GOTA LIMPA SEM CLORO MULTIUSO 2L,5304.0,66271.44
DESINFETANTE MINUANO HERBAL 500ML,21476.0,66219.4
DETERGENTE LIQUIDO AZULIM COCO 500ML,31947.0,65826.88
DESINFETANTE TEIU MARINE 1L,12718.0,65685.76
AGUA SANITARIA QBOA 3X5L,1908.0,65617.51
LIMPADOR ESSENCIA AROMASIL LAVANDA 140ML,6838.0,65580.53
LIMPADOR DE VIDRO AQUAFAST SQUEEZE 500ML,5579.0,65413.16
LIMPADOR DE VIDRO VEJA VIDREX TRADICIONAL 500ML,2123.0,65404.43
SABAO EM PO GUARANI TRADICIONAL 4KG,3875.0,65340.49
DESINFETANTE PURA MAGIA CITRONELA 140ML,6945.0,65300.94
DESINFETANTE PINHO ALPES LAVANDA 2L,8768.0,65286.48
SABAO EM PO TRIEX COCO 800G,13988.0,65283.58
"AMACIANTE DILUIDO SONHO FACILITADOR 1,5L",6611.0,65263.0
SABAO LIQUIDO QUASAR POWER FRESH 3L,4589.0,65244.79
SABAO LIQUIDO MIL SELECT LIQUIDO 2L,5766.0,65239.86
"DESINFETANTE POLITRIZ EUCALIPTO 1,75L",11167.0,65070.33
LIMPADOR MULTIUSO SUPREMA TRADICIONAL 500ML,20429.52,65050.22
DETERGENTE LIQUIDO TEIU LIMAO 500ML,28397.0,65013.48
SABAO LIQUIDO PLUSH C/AMAC 1L,6951.0,64944.35
DESINFETANTE SUPREMA LAVANDA 5L,4926.0,64909.96
AMACIANTE DILUIDO QBOA SENSE CARINHO 5L,3152.0,64841.58
AGUA SANITARIA TUFF GALAO 5L,4384.0,64765.98
DESINFETANTE AZULIM LAVICS 1L,11276.0,64753.33
AMACIANTE CONCENTRADO URCA FLORAL 500ML,12489.0,64713.91
LIMPADOR PERFUMADO ZULU CHA BRANCO 500ML,12936.0,64707.58
"AMACIANTE DILUIDO YPE TERNURA PG1,6L LV2L",6795.0,64575.62
TIRA MANCHAS GIRANDO SOL S/ CLORO EM PO SACHE 800ML,2660.0,64476.42
AGUA SANITARIA BARBAREX 2L,12122.0,64474.21
ALVEJANTE SAIF SEM CLORO +BRANCO 2L,4772.0,64426.61
DETERGENTE LIQUIDO GOTA LIMPA MACA 1L,13805.0,64372.17
AMACIANTE DILUIDO URCA LAVANDA 5L,4111.0,64361.9
SABAO EM PO OMO SCH LAVAGEM PERFEIT 24X400G,291.0,64269.92
TIRA MANCHA ZUPP SEM CLORO 2L,3333.0,64266.39
DESINFETANTE TEIU MARINE 2L,6587.0,64256.28
LIMPADOR ESSENCIA SANOL LAVANDA 120ML,5518.0,64213.07
AMACIANTE DILUIDO GOTA LIMPA FLORATA 2L,9094.0,64134.5
AGUA SANITARIA ATILA GF 1L,31959.0,64124.82
DESINFETANTE VIM CLORO GEL LV700ML PG490ML 700ML,4943.0,64075.14
DESINFETANTE PINHO TROP FRESH 500ML,12790.0,64046.9
SABAO EM PO SURF ROSAS/FLOR DE LIS 7X1.6KG,685.0,64009.3
SABAO LIQUIDO LANDR 1L,2557.0,63899.43
SABAO LIQUIDO SUPREMA PERF. AZUL 5L,2122.0,63858.95
LIMPEZA PESADA PINHO SOL EUCALIPTO 1L,3328.0,63856.02
LIMPADOR PERFUMADO AJAX CONC FESTA MAR DE FLORES 1L,5333.0,63849.64
SABAO EM PO ASTRA PCT 800G,13190.0,63790.45
LIMPADOR MULTIUSO URCA LAVANDA 500ML,16761.0,63784.81
AMACIANTE DILUIDO BRINORT AMAZON GOLD 2L,11951.0,63771.79
LIMPADOR PERFUMADO VEJA PERFUMES MARCANTE E ENVOLVENTE 1L,6453.0,63699.9
LIMPADOR PERFUMADO CASAFLOR PASSION 1L,8253.0,63672.72
AMACIANTE DILUIDO XODO AZUL FLORES DO CAMPO 2L,9189.0,63650.74
SABAO EM PO SAIF LIMPA MAQUINA DE LAVAR 80G,7261.0,63465.1
SABAO LIQUIDO AQUAFAST GLICERINA 2L,3319.0,63405.12
SABAO EM PO ULTRA CLASS SACHE BOTANIC 1KG,15961.0,63364.65
DETERGENTE LIQUIDO KI JOIA NEUTRO 500ML,35805.0,63340.03
AGUA SANITARIA TOP CLEAR 1L,32988.0,63271.37
AGUA SANITARIA BIO-KRISS 5L,5894.0,63221.38
SABAO LIQUIDO TIXAN YPE CUIDADO ROUPAS 1L,4233.0,63191.96
SABAO LIQUIDO ECOVIDA MARINHO LV3PG2L 3L,4581.0,63095.51
DETERGENTE LIQUIDO TRIEX NEUTRO 5L,3332.0,63018.38
DETERGENTE LIQUIDO LIMPOL CRISTAL 5L,2660.0,62892.62
REMOVEDOR BRILHO FACIL DE CERAS 1L,3569.0,62858.59
DESINFETANTE KI JOIA LAVANDA TRANSPARENTE 2L,11699.0,62678.98
"SABAO EM PO TIXAN YPE PROFISSIONAL PRIMAVERA SC 5,6KG",987.0,62561.81
DETERGENTE LIQUIDO VIDA CLEAR 500ML,35098.0,62510.76
AMACIANTE DILUIDO AQUAFAST JARDIM FLORIDO 2L,8014.5,62409.29
LIMPADOR PERFUMADO LIMPOL ROXO 500ML,12524.0,62273.25
SABAO LIQUIDO URCA LAVANDA 5L,3118.0,62225.61
AMACIANTE CONCENTRADO GIRANDO SOL ROSA 500ML,6165.0,62212.36
REMOVEDOR KIN LIMP LAVANDA 1L,3547.0,62118.59
LIMPADOR PERFUMADO VEJA MODERNO E PODEROSO 1L,6263.0,62116.52
DETERGENTE LIQUIDO PROEZA COCO 500ML,41921.0,62116.49
SABAO LIQUIDO OLA DELICADAS ORIGINAL 1L,2182.0,62029.86
"TIRA MANCHA VANISH GEL MULTI 1,2L + CRYSTAL WHITE REFIL 1,2L",1703.0,61985.62
DESINFETANTE GOTA LIMPA PINHO 2L,8023.0,61959.38
LIMPADOR MULTIUSO VEJA 50% 3X500ML,4640.6,61955.23
AGUA SANITARIA ZAVASKI 2L,10005.0,61855.16
LIMPADOR PERFUMADO LIMPOL ROXO 1L,7562.0,61830.45
LIMPEZA PESADA VEJA x-14 CLORO ATIVO 2 EM 1 500ML,4502.0,61730.72
AMACIANTE DILUIDO SOFT PLUS ERVA DOCE 5L,3314.0,61728.79
AMACIANTE CONCENTRADO GUIMARAES CARINHO E CONFORTO 1L,4906.0,61675.46
AMACIANTE DILUIDO MON BIJOU MAIS PERFUME 500ML,13928.0,61650.31
SABAO EM PO GIRANDO SOL OPTICAL WASH FLORAL PARIS 10KG,828.0,61618.96
"AMACIANTE CONCENTRADO COMFORT FRESCOR INTENSO EMB ECON 1,8L",1677.0,61590.29
AGUA SANITARIA VAREK 1L,16484.0,61565.72
AGUA SANITARIA FC AMARELA 1L,29310.0,61504.53
AMACIANTE DILUIDO PROEZA AZUL 2L,11112.0,61455.22
DESINFETANTE ECONOMICO LAVANDA 2L,7562.0,61325.74
DETERGENTE LIQUIDO BRISA CLEAR 500ML,31094.0,61313.21
"ALVEJANTE URCA ROUPAS COLORIDAS 1,5L",4686.0,61276.42
LIMPADOR PISCINA QUIBENNE TABLETE TRIPLACAO 200G,7257.0,60917.58
DESINFETANTE BUFALO FLORAL 2L,10206.0,60876.28
SABAO LIQUIDO GLIMPEX LIQ MAXIMA LIMPEZA 3L,5660.0,60848.1
AGUA SANITARIA ALVEX 2L,9473.0,60791.57
SABAO LIQUIDO SUPREMA ULTRA ACAO 5L,2262.0,60651.53
AGUA SANITARIA BRILHANTE MULTIUSO 1L,4376.0,60514.7
SABAO LIQUIDO APYCE MULTIAÇAO 3L,3843.0,60448.89
AGUA SANITARIA AQUAFAST 1L,17065.5,60418.61
AGUA SANITARIA BRANMIX BRANCA 1L,27973.0,60409.05
LAVA ROUPA LIQ BRILHANTE 7L,1182.0,60329.55
SABAO EM PO JUA PLUS 1KG,7197.0,60264.07
AMACIANTE DILUIDO SOFT PLUS LAVANDA 2L,7352.415,60197.39
DESINFETANTE OESTE LAVANDA 2L,10613.0,60054.83
LIMPADOR PERFUMADO YPE CHA BRANCO 2L,3975.0,60051.31
DESENGORDURANTE FORCA AZUL LIMPA FORNO PASTA 230G,5599.0,60041.68
SABAO LIQUIDO OMO LAVAGEM PERFEITA 4X3L,406.0,60019.04
DETERGENTE LIQUIDO GOTA LIMPA CRISTAL 1L,12813.0,59987.81
AMACIANTE DILUIDO MARINA CONFORTO  5L,3999.0,59962.0
AMACIANTE DILUIDO BRINORT PREMIUM BRANCO 2L,11435.0,59954.43
LIMPADOR DE VIDRO AZULIM PULV 500ML,4726.0,59952.92
LIMPADOR PERFUMADO AZULIM CARINHO 1L,7928.0,59930.69
ALVEJANTE QBOA C/CLORO E DETERGENTE PLUS 2L,6320.9999,59930.35
LIMPADOR PERFUMADO AZULIM ALEGRIA 1L,7975.0,59920.77
SABAO LIQUIDO SUPREMA COCO 1L,7261.0,59911.34
LIMPADOR PERFUMADO VEJA PERFUMES LIRIO DO NILO 500ML,9564.0,59908.8
DESINFETANTE YPE PINHO TRADICAO 2L,3653.0,59888.01
AGUA SANITARIA QUALYBRILL 1L,30334.0,59742.7
LIMPADOR PERFUMADO YPE JARDIM SECRETO 2L,3815.0,59665.7
"AMACIANTE CONCENTRADO DOWNY AGUA FRESCA 1,5L",1702.0,59573.29
LIMPEZA PESADA ZIP AEROSSOL MY PLACE CLEAN FRASCO 300ML,3980.0,59528.98
DETERGENTE LIQUIDO ZUPP LIMAO 500ML,32817.0,59500.57
LIMPADOR MULTIUSO AZULIM + CLORO ATIVO KIT 3X500ML,5294.0,59490.0
"SABAO EM PO INVICTO ACTION COCO CX 1,6KG",3776.0,59480.75
LIMPADOR ESSENCIA GLADE TOQUE DE MACIEZ 120ML,4194.0,59456.6
DESINFETANTE DRAGAO LAVANDA 2L,8885.0,59366.17
CLORO MARINA 5L,3145.0,59352.5
AGUA SANITARIA PAMPA 5L,6379.0,59334.82
DESENGORDURANTE AQUAFAST LIMAO C/PULV 500ML,5125.0,59295.43
DESINFETANTE SANOL FLOR DE BAMBU 2L,8750.0,59236.35
SABAO LIQUIDO SUPREMA ULTRA ACAO 3L,2849.0,59207.0
SABAO EM PO MON BIJOU LIMPA MAQUINAS DE LAVAR ROUPAS 80G,5379.0,59188.91
SABAO LIQUIDO COQUEL ROUPAS ESCURAS 500ML,4411.0,59179.07
DETERGENTE LIQUIDO LIMPOL CONCENTRADO GEL CRISTAL 400G,7481.0,59112.71
AMACIANTE CONCENTRADO YPE ESSENCIAL 1L,3113.0,59097.92
LIMPADOR MULTIUSO BRILUX LIMAO 5 EM 1 P500ML L750ML,11910.0,59058.17
SABAO LIQUIDO SUPREMA PERF. AZUL 1L,7125.0,59011.73
"DESINFETANTE POLITRIZ ALFAZEMA 1,75L",10103.0,58997.97
DESENGORDURANTE VEJA POWER GEL LIMAO 500ML,3101.7,58941.57
"AMACIANTE DILUIDO YPE TERNURA PG1,8L LV2L",5694.0,58941.21
LIMPADOR PERFUMADO VEJA PERFUMES SENSACAO TULIPA 1L,5934.0,58927.02
DESINFETANTE OESTE LAVANDA 5L,4855.0,58852.97
"AMACIANTE DILUIDO YPE ACONCHEGO 1,6L",6198.0,58750.9
LIMPADOR PERFUMADO CASAFLOR AMORE 1.75L,4623.0,58744.92
DESINFETANTE MARINA LAVANDA 2L,10618.0,58675.89
LIMPADOR DE VIDRO LIMPOL GATILHO 500ML,3234.0,58673.32
SABAO EM PO BARRA FRESH 800G,9936.0,58590.49
DESINFETANTE CANDURA EUCALIPTO 2L,9499.0,58589.64
SABAO LIQUIDO PLUSH 1L,6260.0,58499.97
AGUA SANITARIA BARBAREX 5L,4873.0,58463.43
SABAO LIQUIDO MON BIJOU MULTIACAO ACTION 900ML,5036.0,58444.94
LIMPEZA PESADA VEJA x-14 CLORO ATIVO 2 EM 1 1L,2648.0,58406.73
LIMPADOR PERFUMADO CASAFLOR INTUITIVE 500ML,12398.0,58401.17
LIMPADOR MULTIUSO VEJA PERSONAL MARCANTE E ENVOLVENTE 500ML,6532.0,58365.9
DETERGENTE LIQUIDO GUARANI NEUTRO 500ML,33555.0,58247.03
LIMPADOR MULTIUSO CIF LIMPEZA SQUEEZE 500ML,6966.0,58238.36
SABAO EM PO ALA CUIDADO DO COCO 1KG,8703.0,58207.24
DESINFETANTE ECONOMICO LAVANDA 1L,13979.0,58140.27
AMACIANTE DILUIDO SUPREMA ROSA TOQUE DE AMOR 2L,8677.0,58090.59
DETERGENTE LIQUIDO ZAB MACA 500ML,33191.0,58001.17
SABAO LIQUIDO BRILUX TRIPLA ACAO 5L,1131.0,57991.11
AMACIANTE DILUIDO TRIEX MAX PURPLE 5L,3792.0,57908.7
DETERGENTE LIQUIDO ATOL MACA 500ML,28169.0,57845.65
DESINFETANTE PINHO TROP ORIGINAL 20% DESC 2L,3824.0,57804.81
DESINFETANTE SANOL MISTERIO ARABE 2L,8723.0,57794.33
REMOVEDOR PERFUMADO BUFALO FLORAL 500ML,3371.0,57773.05
LIMPADOR PERFUMADO CASA E PERFUME SENSUALIDADE 5L,1848.0,57699.31
LIMPADOR PERFUMADO CASAFLOR AMORE 1L,7534.0,57646.85
DESINFETANTE AZULIM FLORATTA 1L,10246.0,57646.34
LIMPADOR DE VIDRO VEJA VIDREX REFIL 500ML,2755.0,57505.36
DESINFETANTE CANDURA TRADICIONAL 2L,9242.0,57494.85
DESINFETANTE BUFALO OCEAN 2L,9619.0,57425.89
LIMPADOR ESSENCIA SECAR CONCENTRADO CHA BRANCO 120ML,4834.0,57400.96
DESINFETANTE AQUAFAST CHA BRANCO 2L,6702.8,57324.23
DESINFETANTE LYSOFORM SPRAY CITRUS 360ML,1988.0,57309.51
DESINFETANTE ZAB FLORAL 1L,14040.0,57275.48
DETERGENTE LIQUIDO BIO-KRISS NEUTRO 500ML,33834.0,57251.57
"AMACIANTE CONCENTRADO DOWNY PERF ADORAVEL FRASCO 1,35L",1832.0,57155.16
SABAO EM PO URCA CONCENTRADO COCO SACHE 400G,22352.0,57135.97
LIMPADOR MULTIUSO TUDO TRADICIONAL SQUEEZE 500ML,17005.0,57055.68
SABAO LIQUIDO ODD REFIL 700ML,5554.0,56983.27
AMACIANTE CONCENTRADO YPE POR LOCCITANE NINFA DAS AGUAS 1.5L,2463.0,56924.69
AGUA SANITARIA PROEZA GF 1L,21030.0,56893.61
DESINFETANTE TRIEX LAVANDAS DO CAMPO 5L,4346.0,56874.38
DETERGENTE LIQUIDO BRILUX VINAGRE 500ML,23426.0,56823.91
LIMPADOR PERFUMADO COALA CHA BRANCO 1L,6205.0,56756.62
LIMPADOR PERFUMADO GIRANDO SOL PODER DO OCEANO 500ML,11264.0,56661.67
LIMPADOR DE VIDRO AZULIM 500ML,10655.025,56571.47
SABAO LIQUIDO BEM TE VI PERFUME DAS FLORES 5L,2093.0,56514.87
SABAO LIQUIDO SUPREMA ULTRA ACAO 1L,7001.0,56508.52
SABAO EM PO GUARANI TRADICIONAL 400G,31542.0,56429.94
LIMPADOR MULTIUSO PINGO MAGICO C/PULV 1L,2605.0,56402.63
SABAO LIQUIDO TUFF PRETO 3L,2375.0,56347.74
LIMPADOR PERFUMADO CASA E PERFUME AGRADABLE 5L,1620.0,56331.74
SABAO LIQUIDO BRILHA SUL 3L,3025.0,56325.01
LIMPADOR MULTIUSO AZULIM KIT ORIGINAL 3X500ML,6643.0,56232.05
ALVEJANTE SEMPRE VIVA 2L,3219.0,56220.37
AGUA SANITARIA ALVEX 1L,15980.0,56161.17
ALVEJANTE GIRANDO SOL PERFUMADO FLORAL 2L,6760.0,56126.3
DETERGENTE LIQUIDO LIMPOL CRISTAL SQUEEZE 24X500ML,1218.0,56107.79
"SABAO EM PO MINUANO MAXIMA LIMPEZA CONCENTRADO AZUL SH 2,4KG",2411.0,56056.09
DETERGENTE LIQUIDO POLYLAR CLEAR 500ML,31535.0,55879.18
DESINFETANTE TRIEX MARINER 2L,9995.0,55843.85
SABAO LIQUIDO DRAGAO AZUL 1L,6593.0,55821.5
SABAO LIQUIDO SOFT PLUS TOPAZIO 2L,2627.0,55711.77
LIMPADOR PERFUMADO AZULIM CHA BRANCO 1L,7470.0,55672.7
ODORIZADOR DE ROUPA DIA A DIA 25G,11915.0,55625.91
LIMPADOR MULTIUSO LIMPOL LAVANDA 500ML,10920.0,55620.15
DESINFETANTE VOREL JASMIM 2L,9338.0,55578.61
DESINFETANTE URCA FLORAL 500ML,17242.0,55544.5
SABAO EM PO BRILUX FLORAL 400G,11715.0,55535.06
LIMPADOR MULTIUSO VEJA GOLD 500ML+TIRA LIM 500ML+DESEN 500ML,2239.0,55530.04
AGUA SANITARIA CLORAL 5L,5955.0,55515.5
DETERGENTE LIQUIDO GUIMARAES NEUTRO 2L,5754.0,55500.38
DETERGENTE LIQUIDO KI JOIA CRISTAL 500ML,31631.0,55496.26
DETERGENTE LIQUIDO AZULIM MACA 500ML,26948.0,55454.85
LIMPADOR PERFUMADO CASAFLOR DESIRE 500ML,11785.0,55393.26
LAVA ROUPA LIQ OMO 900ML GTS 200ML DELIC ORIGINAL,3840.0,55372.72
AGUA SANITARIA ZAVASKI 5L,3971.0,55322.8
SABAO EM PO APYCE ROUPAS BRANCAS COLORIDAS 800G,11920.0,55118.63
DETERGENTE LIQUIDO YPE ANTIBAC 500ML,18735.0,55114.79
AMACIANTE DILUIDO SONHO COCO E AMENDOAS GARRAFA 500ML,13751.0,55039.54
LIMPADOR PERFUMADO VEJA PERFUMES TULIPA DA HOLANDA 2L,3472.0,54895.64
DESINFETANTE KALIPTO EUCALIPTO 2L,5328.0,54862.68
TIRA MANCHAS TIXAN YPE GEL ROUPAS BRANCAS E COLOR ECO 462G,5460.0,54832.6
SABAO LIQUIDO ROUPAS ABSOLUTO LIMPEZA PROFUNDA 3L,4169.0,54786.62
DETERGENTE LIQUIDO OI NEUTRO 500ML,32571.0,54594.61
SABAO EM PO BRILHANTE DELICADEZA TOTAL 800G,4183.0,54493.92
SABAO EM PO ASSIM BICARBONATO TRIPLACAO 400G,9473.0,54469.15
AGUA SANITARIA FC VERDE 2L,12736.0,54433.02
AMACIANTE DILUIDO QBOA SENSE CARINHO 500ML,17766.0,54379.65
LIMPADOR PERFUMADO AZULIM FELICIDADE 1L,7225.0,54347.43
AGUA SANITARIA PRO WATER VERDE 2L,9789.0,54308.05
DETERGENTE LIQUIDO ATOL LIMAO 500ML,26485.0,54241.51
LIMPADOR MULTIUSO SAIF ESTOFADOS GATILHO 500ML,2988.0,54062.65
AGUA SANITARIA GUIMARAES 2L,9402.0,54042.3
DESENGORDURANTE SUPER DOM LIMPA AIR FRYER SPRAY 250ML,3032.0,53945.33
"SABAO EM PO ASSIM MICELAR TRIPLACAO 1,6KG",3344.0,53919.61
AMACIANTE CONCENTRADO AROMASIL ORQUIDEA NEGRA 15L,2898.0,53876.43
ALVEJANTE BRILUX FLORAL 2L,8018.0,53864.94
SABAO LIQUIDO MARILUX FLORES DE HORTENCIA ACTION 3L,4097.0,53815.18
DETERGENTE LIQUIDO LIMPOL CONCENTRADO GEL NEUTRO 400G,6897.4,53806.24
DESINFETANTE PINHO BRIL FLORAL 500ML,8071.0,53748.18
DESINFETANTE SANTA CLARA LAVANDA 2L,9769.0,53687.58
AGUA SANITARIA FC VERDE 1L,22213.0,53634.36
DESENGORDURANTE GUIMARAES DX30 COZINHA LIMAO GATILHO 1L,2770.0,53629.08
DETERGENTE LIQUIDO POLIAL COCO 500ML,35939.0,53566.3
SABAO EM PO BABY SOFT CONCENTRADO 4KG,2037.0,53552.99
AGUA SANITARIA OESTE 1L,16859.0,53517.38
DETERGENTE LIQUIDO BRILHA SUL MACA 500ML,26399.0,53489.66
ALVEJANTE BRILUX FRESH 2L,8460.0,53482.48
DESINFETANTE GIRANDO SOL EUCALIPTO 500ML,14696.0,53401.44
AGUA SANITARIA SUPER GLOBO TRADICIONAL 1L,10522.0,53393.51
DETERGENTE LIQUIDO BRILUX NEUTRO 3L,4302.0,53373.51
LIMPADOR PERFUMADO GIRANDO SOL PURA SEDUCAO 500ML,10668.0,53366.97
LIMPADOR MULTIUSO CASA E LIMPEZA MISTERIO INTENSO 500ML,12238.41,53360.78
DETERGENTE LIQUIDO OI MACA 500ML,30880.0,53197.8
AGUA SANITARIA DRAGAO 12X1L,2194.0,53124.83
LIMPADOR PERFUMADO CASAFLOR ORQUIDEA NEGRA 500ML,11199.0,53106.99
AMACIANTE CONCENTRADO BABY SOFT INSPIRAÇÃO FASCINANTE 500ML,7939.0,53074.14
DESINFETANTE BIO BRILHO MARINE 2L,8127.0,52932.88
DESINFETANTE TRIEX JASMIN 2L,9425.065,52926.13
AMACIANTE DILUIDO SONHO LAVANDA GARRAFA 5L,1879.0,52920.01
DESENGORDURANTE GUIMARAES DX-30 CITRUS GATILHO 500ML,4636.0,52878.07
"AMACIANTE CONCENTRADO BABY SOFT INSPIRAÇÃO FASCINANTE 1,5L",3560.0,52844.57
AMACIANTE CONCENTRADO URCA PAIXAO SEDUTORA 500ML,9855.0,52843.79
DESINFETANTE MEU LAR LAVANDA 2L,8897.0,52840.59
SABAO LIQUIDO SONHO DUPLA ACAO LAVANDA 3L,2051.0,52832.65
"TIRA MANCHA VANISH PO S/CLORO CRYSTAL WHITE SACHE 1,2KG",1088.0,52817.41
AMACIANTE DILUIDO SONHO PAIXAO GARRAFA 500ML,13320.0,52785.87
DESINFETANTE GOTA LIMPA EUCALIPTO 2L,6707.0,52785.72
CLORO PURO ARACRUZ 5LT,2224.0,52760.41
SABAO LIQUIDO SAO MARCOS LAVANDA EMB ECONOMICA 3L,4782.0,52747.48
LIMPADOR PERFUMADO CASAFLOR DREAMS 500ML,11121.0,52687.63
"AMACIANTE CONCENTRADO BABY SOFT DESEJO ENVOLVENTE 1,5L",3431.0,52658.16
LAVA ROUPAS BRILHANTE 800GR PO LIMPEZA TOTAL,4997.0,52657.41
SABAO LIQUIDO RUTH CARE COCO PLAST 500ML,6651.0,52652.28
AMACIANTE VIDA MACIA GLICERINA E CAMOMILA 2L,2386.0,52606.35
AMACIANTE DILUIDO Q LAR CLASSIC ROSAS 5L,4191.0,52598.19
"AMACIANTE DILUIDO AROMASIL 1,5L",2816.0,52576.47
DESINFETANTE VOREL FLORAL 2L,8887.0,52490.32
LIMPADOR ESSENCIA CASAFLOR CONCENTRADO CHA BRANCO 120ML,4257.0,52485.6
SABAO LIQUIDO ASTOLLI FRESH 5L,3928.0,52471.41
LIMPEZA PESADA UAU ROSASE SEDUCAO 500ML,6375.0,52412.83
DESINFETANTE SANOL CITRONELA 2L,7718.0,52401.32
DETERGENTE LIQUIDO GUARANI LIMAO 500ML,30148.0,52389.96
CLORO SANTA CLARA SUPER 1L,11453.0,52376.5
AMACIANTE CONCENTRADO BABY SOFT DESEJO ENVOLVENTE 500ML,7991.0,52366.42
DESINFETANTE TRIEX PINHO 2L,9267.0,52340.06
LIMPADOR MULTIUSO QBOA MACA VERDE 500ML,11724.0,52336.86
AGUA SANITARIA BRILUX 3L,5485.0,52248.62
DETERGENTE LIQUIDO VIDA MACA 500ML,28697.0,52234.41
DESENGORDURANTE QBOA COZINHA 500ML,7312.0,52218.97
DETERGENTE LIQUIDO PROEZA LIMAO 500ML,34385.0,52194.62
DETERGENTE LIQUIDO Q LAR NEUTRO 500ML,40117.0,52181.55
DESINFETANTE TRIEX EUCALIPTO 2L,9462.0,52165.71
AMACIANTE CONCENTRADO YPE POR LOCCITANE BRESIL 1.5L,2119.0,51971.24
LIMPADOR MULTIUSO TEIU GEL CAPIM LIMAO 1L,5696.0,51900.66
LIMPADOR MULTIUSO QBOA LAVANDA 500ML,11619.0,51866.41
AGUA SANITARIA KI JOIA 1L,15490.0,51781.4
LIMPADOR MULTIUSO LIMPOL LIMAO SQUEEZE 500ML,10037.595000000001,51777.09
LIMPEZA PESADA YPE COM ALCOOL ORIGINAL 1L,3979.0,51768.26
LIMPADOR PERFUMADO LIMPOL AZUL 1L,6307.0,51610.41
DESINFETANTE KALIPTO HERBAL 750ML,11648.0,51519.24
LIMPADOR PERFUMADO AQUAFAST DOCE ROMANCE 1L,6636.0,51510.2
DESINFETANTE ZAB MARINE 1L,12591.0,51453.17
LIMPADOR MULTIUSO VEJA USO DIRETO FLORAL 900ML,2888.0,51382.56
LIMPADOR PERFUMADO BRILUX LAVANDA 500ML,9101.0,51371.91
DESINFETANTE BUFALO PINHO LAVANDA 2L,8775.0,51272.08
AMACIANTE DILUIDO RUTH CARE ALOE VERA 1L,6147.0,51255.69
AMACIANTE DILUIDO VIDA MACIA ERVA DOCE 500ML,7083.0,51238.43
DESINFETANTE KALIPTO HERBAL 2L,5167.0,51185.68
DETERGENTE LIQUIDO ZAVASKI NEUTRO 500ML,25596.0,51119.81
LIMPADOR MULTIUSO FACILLE TRADICIONAL SPRAY 500ML,13595.0,51108.58
AGUA SANITARIA CLOROFINA 5L,2782.0,50930.22
SABAO EM PO BRILUX FLORAL 800G,5551.0,50897.91
AMACIANTE DILUIDO ALPES AZUL 5L,3035.0,50849.98
LIMPADOR PERFUMADO LIMPOL MAGENTA 500ML,10356.0,50776.5
LIMPADOR MULTIUSO TEIU GEL LAVANDA 1L,5530.0,50611.78
DETERGENTE LIQUIDO FC PET MACA 500ML,26230.0,50605.93
"LIMPADOR PERFUMADO AJAX FESTA DAS FLORES LAVANDA 3,8L",1469.0,50509.72
DETERGENTE LIQUIDO ZAVASKI CLORADO 2L,4142.0,50487.66
"AMACIANTE CONCENTRADO URCA PAIXAO SEDUTORA 1,5L",3986.0,50478.53
AMACIANTE DILUIDO BRINORT HARMONIA DO CAMPO 2L,9343.0,50418.44
DETERGENTE LIQUIDO ZAB LIMAO 500ML,28754.0,50362.87
SABAO LIQUIDO MON BIJOU MULTIACAO FRESH 900ML,4381.0,50127.29
LIMPADOR PERFUMADO GIRANDO SOL PODER DO OCEANO 1L,6070.0,50079.29
DETERGENTE LIQUIDO KI JOIA MACA 500ML,28157.0,50028.59
SABAO EM PO GIRANDO SOL OPTICAL WASH CUIDA PROTEGE 7KG,964.0,50004.48
SABAO LIQUIDO PLUSH COCO 1L,5318.0,49880.9
AGUA SANITARIA MAIS GF 2L,9760.0,49808.41
DESINFETANTE CANDURA FLORAL 2L,8079.0,49790.64
DETERGENTE LIQUIDO OESTE MARINE 500ML,25636.0,49740.35
DETERGENTE LIQUIDO BRILHA SUL NEUTRO 500ML,28022.0,49739.32
SABAO LIQUIDO HIPER PLUS VERDE 2L,5375.0,49674.7
SABAO LIQUIDO QUALYBRILL BLUE 2L,5616.0,49663.36
AMACIANTE CONCENTRADO MON BIJOU MAGIA 500ML,5094.0,49626.33
DESINFETANTE KALIPTO EUCALIPTO 750ML,11089.0,49569.84
BARRILHA GENCO PH+MAIS,1305.0,49526.77
DETERGENTE LIQUIDO LIMPOL COCO 24X500ML,989.2499,49463.51
LIMPADOR PERFUMADO GIRANDO SOL MANHAS DE ORVALHO 500ML,9625.0,49457.94
AGUA SANITARIA ALPES 1L,16512.0,49424.11
ALGICIDA GENCO CHOQUE 1L ELIM ALGAS UNID,1145.0,49388.09
"AMACIANTE DILUIDO URCA FLORAL ROSA LV2L PG1,8L 2L",7563.0,49322.38
DESINFETANTE DRAGAO FLORAL 2L,7475.0,49316.71
LIMPADOR PERFUMADO YPE DOCE VIDA 2L,3038.0,49303.92
DESINFETANTE CLEAN PLUS PINHO 2L,6202.0,49289.13
DESENGORDURANTE DIABO VERDE LIMPA FORNO GATILHO 300ML,1856.0,49270.96
REMOVEDOR BUFALO PERFUMADO LAVANDA 1000ML,1765.0,49269.44
AMACIANTE DILUIDO VIDA MACIA ALGODAO 500ML,6713.0,49259.2
LIMPEZA PESADA YPE COM ALCOOL ORIGINAL 500ML,6454.0,49254.4
SABAO EM PO CLARO UP FLOWERS 1.6KG,3479.0,49164.54
"TIRA MANCHA VANISH PO S/CLORO OXI ACTION REFIL 1,2KG",1001.0,49153.76
DESINFETANTE CLEAN PLUS EUCALIPTO 2L,6218.0,49071.43
CLORO CLORAL GF 2L,5223.0,49067.41
"AMACIANTE DILUIDO SONHO COCO 1,9L",8297.0,49063.9
DESINFETANTE ECONOMICO CITRUS 1L,11710.0,49059.47
"LIMPADOR PERFUMADO CASA E PERFUME SANSAZIONE PG1,8L LV2L 2L",2982.0,49030.95
AMACIANTE DILUIDO GOTA LIMPA FLORATA 5L,2985.0,49003.87
DETERGENTE LIQUIDO FC PET NEUTRO 500ML,25210.0,48911.05
DESINFETANTE GIRANDO SOL JASMIM 500ML,13590.0,48893.6
AMACIANTE DILUIDO GUIMARAES SEDUCAO 2L,7052.0,48840.43
"LIMPADOR MULTIUSO UAU KIT 2X500ML CLORO ATIVO 500ML 8X1,5L",672.0,48700.56
DETERGENTE LIQUIDO GOTA LIMPA MARINE 500ML,22575.0,48657.87
SABAO LIQUIDO TIXAN YPE PRIMAVERA 7L,661.0,48650.18
DESINFETANTE ECONOMICO FLORAL 1L,11713.0,48557.28
DESINFETANTE BRILHA SUL LAVANDA 5L,3902.0,48533.15
DESENGORDURANTE SAIF COZINHA REFIL 500ML,5178.0,48349.71
DESINFETANTE ZAB TALCO 1L,11756.0,48305.15
DESINFETANTE CANDURA VIOLETA 5L,3388.0,48206.5
DETERGENTE LIQUIDO JUA NEUTRO 500ML,24555.0,48204.88
SABAO EM PO KI JOIA 800G,11375.0,48165.57
DESENGORDURANTE JIMO LIMPA FORNO ESPUMA 400ML,1466.0,48154.83
REMOVEDOR SANOL LAVANDA 500ML,6171.0,48141.59
SABAO EM PO GIRANDO SOL OPTICAL WASH FLORAL PARIS 400G,11488.0,48004.95
SABAO LIQUIDO PAMPA CHEMICAL 3L,3395.0,47996.4
SABAO LIQUIDO AQUAFAST BABY 1L,4099.0,47926.68
SABAO LIQUIDO MARINA 3L,2071.0,47922.69
DESINFETANTE ZAB LAVANDA 1L,11682.0,47869.67
DESINFETANTE SANOL INFUSAO DE ROSAS 2L,7082.0,47762.4
SABAO EM PO AQUAFAST FLORES BRANCAS E BAUNILHA 800G,6823.0,47712.72
AMACIANTE DILUIDO SUAVE LAR MACIES DO AMANHECER  5L,3384.0,47681.21
LIMPADOR PERFUMADO LIMPOL AZUL 500ML,9729.0,47542.7
AMACIANTE CONCENTRADO COMFORT FRESCOR INTENSO 1.4L,1564.0,47518.58
DETERGENTE LIQUIDO BRILUX MACA 3L,3863.0,47502.27
DESINFETANTE PINHO ALPES FLORAL 2L,6334.0,47455.3
SABAO LIQUIDO BRILHA SUL GLICERINA 3L,2515.0,47381.1
LIMPADOR PERFUMADO LIMPOL MAGENTA 1L,5671.0,47347.89
DESINFETANTE GOTA LIMPA LIMAO 2L,6049.0,47341.14
"SABAO EM PO SURF PROFISSIONAL 5,6KG",1066.0,47300.53
DETERGENTE LIQUIDO GUARANI MACA 500ML,26877.0,47265.37
AGUA SANITARIA IMPERIAL 1L,16523.0,47205.54
LIMPADOR MULTIUSO UAU DESENGORDURANTE/CLORO/PINHO 3X500ML,2982.0,47128.77
DESINFETANTE MAGICO PINHO 2L,3659.0,47087.12
SABAO EM PO SURF ROSAS E FLOR DE LIZ 1.6KG,3080.0,47065.77
LIMPADOR PISCINA BEL ALGICIDA PLUS 2 EM 1 1L,1750.0,47040.06
DESENGORDURANTE MR MUSCULO COZINHA LIMAO AP 500ML,1880.0,47027.88
DESINFETANTE MEU LAR LAVANDA 1L,13613.0,46957.16
LIMPADOR PET SANOL DOG ELIMINADOR ODORES TRADICIONAL 2L,2467.0,46953.4
LIMPADOR MULTIUSO GUIMARAES BICARBONATO ALCOOL LAVANDA 500ML,3992.5950000000003,46883.42
DESINFETANTE CANDURA CITRICO 2L,7709.0,46879.8
SABAO LIQUIDO LIMPEZA FELIZ VERDE 3L,3545.0,46863.48
AGUA SANITARIA IMPERIAL GF 2L,9311.0,46789.5
DETERGENTE LIQUIDO JUA MACA 500ML,24374.0,46762.72
LIMPADOR MULTIUSO LIMPOL FLORAL SQUEEZE 500ML,9210.0,46713.78
LIMPADOR PERFUMADO AQUAFAST MAGIA E SEDUCAO 1L,6040.0,46708.82
"AMACIANTE CONCENTRADO COMFORT CONC PERFUMES SECRETOS 36 1,5L",1559.0,46686.93
SABAO LIQUIDO OMO CONCENTRADO LAVAGEM PERFEITA 500ML,1182.0,46675.35
DETERGENTE LIQUIDO VIDA LIMAO 500ML,25243.0,46632.19
LIMPADOR ESSENCIA SANOL ROUPA LAVADA 120ML,4060.0,46583.83
AGUA SANITARIA ACUCENA 1L,20025.0,46573.12
AGUA SANITARIA LIMPEBEM 5L,4856.0,46545.58
LIMPADOR MULTIUSO VEJA PERSONAL MODERNA E PODEROSA 500ML,5105.0,46429.63
AMACIANTE CONCENTRADO DOWNY BRISA INTENSO 3L,734.0,46384.97
AGUA SANITARIA SO AROMA 5L,4917.0,46295.33
SABAO LIQUIDO BABY SOFT MAX AZUL 1L,4729.0,46290.7
DESINFETANTE ECONOMICO CITRUS 2L,5590.0,46281.23
SABAO LIQUIDO TEIU COCO 3L,1670.0,46250.09
LIMPADOR PERFUMADO GUIMARAES BUQUE LAVANDA 2L,4241.0,46221.2
"DESENGORDURANTE AQUAFAST 2X500ML+MULTIUSO SQUEEZ 500ML 1,5L",3874.0,46218.35
DETERGENTE LIQUIDO OI LIMAO 500ML,27193.0,46202.18
LIMPEZA PESADA YPE LEMON XTREME 1L,3674.0,46147.26
AMACIANTE CONCENTRADO GIRANDO SOL LILAS 500ML,4645.0,46128.26
SABAO LIQUIDO BRILUX PODER AMACIANTE 3L,1414.0,46057.49
SABAO LIQUIDO OUCH SH PARAISO 1L,7812.0,45991.23
DESINFETANTE JUA LAVANDA 2L,7121.0,45929.87
LIMPADOR MULTIUSO VEJA ORIGINAL 500ML+TIRA LIMO X14 500ML,3789.0,45765.96
SABAO EM PO ALA LAVANDA SC 500G,12623.0,45706.56
LIMPADOR MULTIUSO TRIEX TRADICIONAL 500ML,13910.0,45683.38
"SABAO EM PO AMACITEL TOQUE DE POESIA 4,0KG",1554.0,45683.29
DESINFETANTE KALIPTO MARINE 750ML,10689.0,45659.62
AGUA SANITARIA GBEL 5L,2949.0,45618.18
LIMPADOR PERFUMADO CASAFLOR CHA BRANCO 500ML,9722.0,45592.73
AMACIANTE DILUIDO TRIEX ROSA 2L,6964.0,45591.19
DETERGENTE LIQUIDO ATOL COCO 500ML,21813.0,45590.85
AGUA SANITARIA SANOL 1L,12130.0,45551.61
DETERGENTE LIQUIDO POLYLAR MACA 500ML,25485.0,45546.45
TIRA MANCHA ASSIM EM PO SEM CLORO 380G,3389.0,45544.02
CLARIFICANTE MAX FLOC HTH 1LT,1688.0,45521.13
DESINFETANTE MINUANO LAVANDA 2L,4842.0,45504.66
SABAO LIQUIDO OI FRESH 2L,4456.0,45445.35
REMOVEDOR  FAISCA FLOWER 500ML,2516.0,45412.68
DESINFETANTE GIRANDO SOL LAVANDA 3L,3655.0,45411.02
LIMPADOR PISCINA BEL REGULADOR DE PH BEL BARRILHA LEVE 2KG,1501.0,45290.39
LIMPADOR MULTIUSO CASA E LIMPEZA 500ML,10598.0,45256.11
SABAO EM PO ALA ROSAS E FLOR DE LIS 5 EM 1 SACHE 500G,14392.0,45187.32
AGUA SANITARIA YPE PRO FRASCO 2L,6534.0,45182.06
SABAO LIQUIDO QUALYBRILL GREEN 2L,5102.0,45110.56
LIMPADOR MULTIUSO UAU KIT CLORO+ DESEG COZ+ 2 ORIG 4X500ML,1883.0,45073.05
TIRA MANCHAS GIRANDO SOL S/ CLORO EM PO POTE 400ML,2515.0,45043.89
"SABAO EM PO APYCE MULTIACAO 1,6KG",5076.0,45014.91
"LAVA ROUPAS ARIEL 1,8L CORES RADIANTES TOQ DOWN SC",1508.0,44983.33
DESINFETANTE BUFALO PINHO TRAD 2L,7634.0,44905.26
AMACIANTE CONCENTRADO SOFT PLUS 500ML,6151.0,44816.79
ALVEJANTE CANDURA SEM CLORO WHITE 2L,3479.0,44808.68
SABAO LIQUIDO TRIEX 5L,1163.0,44730.63
LIMPADOR PERFUMADO VEJA PERFUMES TULIPA DA HOLANDA 500ML,7100.0,44726.17
AGUA SANITARIA LAVO 1L,23389.0,44649.11
"SABAO EM PO ASSIM S/PERFUME PROFISSIONAL 5,6KG",1171.0,44639.37
AMACIANTE DILUIDO BRINORT TOQUE CARINHO 2L,8361.0,44607.1
AMACIANTE DILUIDO RUTH CARE AMENDOAS 1L,5333.0,44569.98
AMACIANTE DILUIDO BRINORT TOQUE SUAVE 2L,8451.0,44564.84
DETERGENTE LIQUIDO CANDURA COCO 500ML,22131.0,44546.91
DETERGENTE LIQUIDO FC PET LIMAO 500ML,23056.0,44542.63
LIMPEZA PESADA TEIU GEL TRADICIONAL MULTIUSO 2KG,2728.0,44536.02
AMACIANTE CONCENTRADO BRILUX JARDIM DE INVERNO 500ML,5501.0,44497.13
"AMACIANTE DILUIDO SONHO PAIXÃO GARRAFA 1,5L",4551.0,44473.01
CLORO PISCINA GENCO SULF ALUM 2KG,1961.0,44465.86
DESINFETANTE AQUAFAST JARDIM FLORIDO 2L,5236.0,44430.13
SABAO LIQUIDO TRIEX MAX BLUE 2L,2846.0,44348.72
AMACIANTE DILUIDO CANDURA PURO CARINHO GARRAFA 5L,2610.0,44325.58
TIRA MANCHA VANISH S/CLORO 3L,731.0,44184.82
AGUA SANITARIA DA CASA BRANCA 1L,20420.0,44124.09
DESINFETANTE GIRANDO SOL EUCALIPTO 5L,2392.0,44082.97
SABAO LIQUIDO ARIES FRESH NOVO 3L,3444.0,44064.76
AMACIANTE DILUIDO GUIMARAES ENCANTO 2L,6394.0,44005.75
AMACIANTE CONCENTRADO MON BIJOU MISTERIO 500ML,4589.0,43993.78
DESINFETANTE CONCENTRADO COALA LAVANDA 3EM1 120ML,2868.0,43964.45
SABAO LIQUIDO ORIENTAL LIQUIDO COCO 3L,2440.0,43896.66
LIMPADOR MULTIUSO BRILUX LAVANDA P500ML L750ML,8974.0,43858.62
DESENGORDURANTE GUIMARAES DX-30 5L,1160.0,43850.12
AGUA SANITARIA GBEL 1L,14164.9999,43825.3
"DESINFETANTE PINHO SOL FLORAL 1,75L",2009.0,43822.24
LIMPADOR DE VIDRO VEJA VIDREX BIO-ALCOOL 500ML,2932.0,43801.5
LIMPADOR DE VIDRO BRILUX REFIL 500ML,4217.0,43791.92
SABAO LIQUIDO BECKER LAVA ROUPAS COCO 3L,2069.0,43544.1
SABAO EM PO BRILUX COCO 400G,9255.0,43504.58
SABAO LIQUIDO PLUSH 3L,1990.0,43455.24
SABAO EM PO ABSOLUTO TRADICIONAL SACHE 400G,27114.0,43406.87
"LIMPADOR PERFUMADO CASA E PERFUME PASSIONE PG1,8L LV2L 2L",2699.0,43397.56
SABAO EM PO GIRANDO SOL OPTICAL WASH ROSA FLORAL 400G,10365.0,43397.07
DESINFETANTE AZULIM ERVA DOCE 1L,7575.0,43396.92
LIMPADOR DE VIDRO CIF ULTRA RAPIDO DOY PACK 450ML,3020.0,43388.11
DESINFETANTE BRILHA SUL LAVANDA 2L,7213.0,43329.4
LIMPADOR PERFUMADO BRILUX TERNURA 500ML,7688.0,43288.69
SABAO LIQUIDO ZAVASKI LAVANDA 3L,1996.0,43227.59
DESINFETANTE GIRANDO SOL LIMAO 500ML,11852.0,43146.66
SABAO LIQUIDO APYCE ROSA 3L,2752.0,43120.28
DETERGENTE LIQUIDO BIO-KRISS CLEAR 500ML,26070.0,43112.75
DESINFETANTE ECONOMICO FLORAL 2L,5352.0,43056.47
DESINFETANTE MAZOCRESOL TRADICIONAL 1L,3746.0,43014.48
DESINFETANTE KALIPTO LAVANDA 500ML,12235.0,43005.7
LIMPADOR MULTIUSO GUIMARAES MULTIOX S/CLORO 1L,2211.0,42944.8
AGUA SANITARIA CHEMIX 1L,16167.0,42815.37
AGUA SANITARIA POLITRIZ 1L,11639.0,42805.24
LIMPADOR PERFUMADO VEJA PERFUMES MARCANTE E ENVOLVENTE 2L,2639.0,42803.09
DESINFETANTE ECONOMICO JASMIM 2L,5151.0,42776.31
LIMPADOR MULTIUSO SUPER GLOBO CLORO ATIVO SPRAY 5 EM 1 500ML,7529.0,42766.02
AMACIANTE DILUIDO QBOA SENSE SPORT INTENSO 2L,4803.0,42749.24
ALVEJANTE CANDURA LAVANDA 1L,10402.0,42735.82
DETERGENTE LIQUIDO YPE NEUTRO 416G,5192.0,42615.69
SABAO LIQUIDO GLIMP FRESH ACTIVE 3L,3946.0,42601.26
AGUA SANITARIA MAIS 5L,3769.0,42515.41
"DESINFETANTE POLITRIZ FLORAL 1,75L",7360.0,42489.51
SABAO EM PO UFE COCO CAIXA 500G,2225.0,42446.36
DESINFETANTE CANDURA CAMPESTRE 2L,6937.0,42400.36
LIMPADOR MULTIUSO CASA E PERFUME FLORAL 500ML,9695.0,42394.34
LIMPADOR MULTIUSO AZULIM LIMAO SQZ 500ML,11447.0,42366.32
ALVEJANTE LIMPADUA SEM CLORO 2L,3230.0,42348.38
AGUA SANITARIA BRILHA SUL 2L,7220.0,42323.91
DESINFETANTE SANOL ROYALE 2L,6244.0,42318.52
SABAO EM PO TOP LIMP 2.4KG,4031.0,42205.6
LIMPADOR PERFUMADO VEJA MODERNO E PODEROSO 2L,2669.0,42185.54
"SABAO EM PO SANTA CLARA 1,6KG",3703.0,42184.47
SABAO EM PO ACE 800G,5788.0,42181.61
DESINFETANTE ATRIUS LAVANDA 5L,3556.0,42172.96
AMACIANTE DILUIDO ECONOMICO SOFT BLUE 2L,5124.0,42162.8
DETERGENTE LIQUIDO BRILHA SUL LIMAO 500ML,23753.0,42013.81
DETERGENTE LIQUIDO AJU NEUTRO 500ML,29964.0,41991.94
AMACIANTE CONCENTRADO YPE ALQUIMIA INSPIRACAO 500ML,4055.0,41917.14
AMACIANTE DILUIDO BARBAREX BLUE 5L,2803.0,41887.6
"LIMPADOR PERFUMADO AJAX CONCENTRADO FEST D FLORES LAV 1,75L",2229.0,41879.88
"SABAO EM PO GOTA LIMPA LEVEZA 1,6KG",3517.0,41830.0
CLORO ATCLLOR 3 EM 1 BALDE 10KG,258.0,41824.17
TIRA MANCHA VANISH S/CLORO CRYSTAL WHITE 3L,669.0,41776.1
TIRA MANCHAS TIXAN YPE EM PO ROUPAS BRANCAS POTE 420G,1487.0,41724.89
DETERGENTE LIQUIDO YPE ESPECIAL NEUTRO DESC 10% 6X500ML,2620.0,41716.7
LIMPADOR MULTIUSO FACILLE LAV SPRAY 500ML,11173.0,41698.9
DESENGORDURANTE LIMPOL 500ML,4296.0,41651.7
LIMPADOR ESSENCIA UBON CONCENTRADO LAVANDA 140ML,2620.0,41649.76
DESINFETANTE KI JOIA TRANSPARENTE FLORAL 2L,7832.0,41647.07
DETERGENTE LIQUIDO AQUAFAST CLEAR 1L,9347.0,41622.56
AMACIANTE DILUIDO SUPREMA EXPRESSA DE CARINHO 2L,6201.0,41563.32
DETERGENTE LIQUIDO POLIAL MACA 500ML,26627.0,41452.96
DESINFETANTE GUARANI LAVANDA 1L,12138.0,41432.35
AGUA SANITARIA IMPERIAL GALAO 5L,3735.0,41377.71
SABAO EM PO BARRA FRESH LIMAO 500G,10995.0,41373.31
DETERGENTE LIQUIDO AZULIM CITRUS 500ML,20001.0,41347.34
AGUA SANITARIA YPE PRO GALAO 5L,2662.0,41342.58
"LIMPEZA PESADA AJAX FRESH LEMON 3,8L",1016.0,41337.02
SABAO LIQUIDO OI LAVANDA 2L,4075.0,41334.91
DESINFETANTE TRIEX FLORES DA PRIMAVERA 5L,3001.0,41331.63
LIMPEZA PESADA ZAVASKI DETERGENTE CLORADO 5L,1623.0,41327.31
AGUA SANITARIA URCA 1L,10847.0,41316.63
LIMPADOR MULTIUSO GUIMARAES ALCOOL FLOR DE CEREJEIRA 500ML,3564.0,41194.58
CLORO LQ MARINA ATIV 1L,9609.0,41135.31
LIMPADOR DE VIDRO BRILUX GATILHO 500ML,2396.0,41120.71
LIMPADOR PERFUMADO LIMPOL CRISTAL 500ML,8267.0,41113.0
DESINFETANTE GEO LAVANDA 2L,6187.0,41112.13
AMACIANTE DILUIDO ASSIM CARINHO 2L,4646.0,41091.14
LIMPADOR MULTIUSO CASA E LIMPEZA MISTERIO JARDIM 500ML,9495.0,41038.95
LAVA ROUPAS LIQUIDO PLUSH BIOPOWER CONFORTO 3L,1893.0,40941.81
AMACIANTE CONCENTRADO DOWNY LIRIOS DO CAMPO GALAO 3L,657.0,40922.21
DESINFETANTE VOREL PINHO 2L,6670.0,40877.07
LIMPADOR ESSENCIA KALIPTO OLEO DE EUCALIPTO 120ML,3068.0,40870.47
DESINFETANTE TEIU CITRUS 2L,4229.0,40776.05
SABAO LIQUIDO MAIS Q BOM 5L,1894.0,40723.59
DESINFETANTE ZAB PINHO GEL TRADICIONAL 2L,3186.0,40708.17
SABAO EM PO GEO LAVANDA MULTIACAO SH 800G,5184.0,40707.48
LIMPEZA PESADA UAU ALTA PERFORMANCE LV500ML PG450ML 500ML,5421.0,40604.07
AMACIANTE DILUIDO ODD BRISA PERFUMADA 2L,4488.0,40587.64
AGUA SANITARIA DA ILHA 5L,4152.0,40553.64
LIMPADOR MULTIUSO URCA HORTELA 500ML,10613.0,40548.91
SABAO LIQUIDO ISIS VERDE 5L,2593.0,40490.24
DESINFETANTE DRAGAO CAMPESTRE 2L,6046.0,40462.49
DESINFETANTE LYSOFORM CITRUS 2L,1728.0,40402.86
DETERGENTE LIQUIDO GOTA LIMPA MACA 5L,2150.0,40397.53
SABAO EM PO SURF ROSAS E FLOR DE LIS 5EM1 SC 800G,4231.0,40346.46
CLORO ORGANICO EST BEL PISCINAS 1KG,1175.0,40330.3
DETERGENTE LIQUIDO KI JOIA LIMAO 500ML,22960.0,40328.26
DESINFETANTE GEO OCEAN 2L,6124.0,40324.58
DESINFETANTE PROEZA LAVANDA 5L,3954.0,40319.9
SABAO LIQUIDO SUPREMA COCO 5L,1322.0,40223.03
CLORO CLORAL GF 1L,7894.0,40153.02
SABAO LIQUIDO ODD RELAX SENSE 3L,1652.0,40148.56
LIMPADOR MULTIUSO JIMO MULTISUPERFICIES AEROSSOL TUBO 400ML,1800.0,40137.67
LIMPADOR PERFUMADO CASAFLOR NATURE 1L,5143.0,40019.07
DESENGORDURANTE SAIF LARANJA GATILHO 500ML,2422.0,39983.31
DESINFETANTE KALIPTO MARINE 2L,3989.0,39897.02
AGUA SANITARIA GIRANDO SOL 5L,3121.0,39886.09
AMACIANTE DILUIDO PLUSH LUXURY 2L,4927.0,39848.61
LIMPADOR ESSENCIA UBON AROMA PARA O LAR EUCALIPTO 140ML,2488.0,39825.0
SABAO LIQUIDO TUFF AZUL 1L,3201.0,39815.53
"AMACIANTE CONCENTRADO BABY SOFT PUREZA E DELICADEZA 1,5L",2559.0,39795.94
SABAO LIQUIDO SONHO FRESH DUPLA ACAO 5L,928.0,39788.32
DESINFETANTE BUFALO HERBAL 2L,6681.0,39786.92
AMACIANTE DILUIDO AQUAFAST BRANCO PURA CARICIA 2L,5160.0,39741.02
DETERGENTE LIQUIDO LIMPOL MACA SQUEEZE 24X500ML,805.0,39707.32
AMACIANTE CONCENTRADO MON BIJOU CUIDADO 500ML,4245.0,39694.12
AGUA SANITARIA EPORT 1L,11279.0,39670.67
"SABAO LIQUIDO AQUAFAST LAVAGEM RAPIDA TOTAL CLEAN 1,5L",2380.0,39623.14
DESINFETANTE ZUPP FLORES TROPICAIS 2L,5988.0,39618.0
AGUA SANITARIA CLARINA GF 1L,12228.0,39606.25
SABAO LIQUIDO TEIU PERFUMES 3L,1439.0,39552.86
AMACIANTE DILUIDO TEIU CARINHO 5L,1829.0,39525.71
AMACIANTE DILUIDO ZAB 1L,9112.0,39500.06
LIMPADOR PERFUMADO AQUAFAST ROSA BEBE 1L,5171.0,39483.17
SABAO EM PO AMARELO ECOLOGICO 1KG,4325.0,39429.53
SABAO LIQUIDO SONHO DUPLA ACAO COCO 3L,1506.0,39365.95
DESINFETANTE CLEAN PLUS VANILLA 2L,4883.0,39317.51
LIMPADOR MULTIUSO YPE ANTIBAC SQUEEZE 500ML,7649.0,39310.83
AMACIANTE DILUIDO TUFF AZUL CELESTE 2L,5317.0,39297.92
AMACIANTE DILUIDO COMFORT PURO CUIDADO 5L,1166.0,39243.95
DETERGENTE LIQUIDO AQUAFAST NEUTRO 1L,8800.0,39203.56
LIMPADOR DE VIDRO LIMPOL REFIL 500ML,3340.0,39194.75
LIMPEZA PESADA PINHO SOL EUCALIPTO 500ML,4321.0,39121.46
DESINFETANTE BRILUX LAVANDA 2L,3633.0,39084.76
AGUA SANITARIA OESTE 2L,6460.0,39043.94
AGUA SANITARIA SUPER BOA GALAO 5L,5229.0,39042.63
LIMPEZA PESADA CLARIX ACIDO MURIATICO 1L,5095.0,38933.05
DESINFETANTE SANOL FLOR DE LARANJEIRA 2L,5691.0,38925.11
DESINFETANTE ECONOMICO JASMIM 1L,9318.0,38881.53
TIRA MANCHA QBOA S/CLORO CORES 500ML,4964.0,38862.08
SABAO LIQUIDO TUFF 2 EM 1 1.5L,1923.0,38849.64
ALVEJANTE GIRANDO SOL PERFUMADO LAVANDA 1L,7730.0,38841.47
DETERGENTE LIQUIDO ZAVASKI GLICERINA 500ML,19871.0,38804.09
SABAO LIQUIDO VIDA MACIA CARINHO E PROTECAO 2L,1131.0,38777.51
"SABAO EM PO ORIENTAL CONTENTRADO CARTUCHO 1,6KG",3454.0,38739.77
LIMPADOR PERFUMADO CASAFLOR PASSION 1.75L,3123.0,38703.43
SABAO LIQUIDO POLIAL PLUS VIDA LEVE 3L,2360.0,38697.24
DESINFETANTE LYSOFORM ORIGINAL BORRIFADOR 500ML,2003.0,38691.59
AGUA SANITARIA NASCENTE GALAO 5L,3916.0,38683.14
DESINFETANTE MARINA EUCALIPTO 2L,6991.0,38675.47
LIMPADOR ESSENCIA AROMASIL TALCO 140ML,4080.0,38613.33
AMACIANTE DILUIDO PLUSH HARMONIA DA MANHA 5L,2116.0,38601.33
LIMPEZA PESADA UAU 10%DESC ALTA PERFORM 1L,2674.0,38600.02
DESINFETANTE BARRA PINHO 500ML,11948.0,38543.26
SABAO LIQUIDO TEIU TRAD 5L,827.0,38471.01
AGUA SANITARIA BRILUX LV1L PG900ML 12X1L,1006.0,38449.44
DESINFETANTE TEIU CITRUS 1L,7492.0,38391.24
LIMPADOR MULTIUSO FACILLE FESTA FLORES PERF P500ML L550ML,10027.0,38338.53
DESINFETANTE ZAB FLORAL 2L,4663.0,38318.94
LIMPADOR MULTIUSO BARRA CLASSICO SPRAY 500ML,15842.0,38305.97
SABAO EM PO AJU 3KG,3443.0,38201.21
AMACIANTE DILUIDO MON BIJOU MAIS PROTECAO 500ML,8686.0,38193.93
DETERGENTE LIQUIDO POLIAL LIMAO 500ML,24660.0,38192.1
DETERGENTE LIQUIDO GIRANDO SOL NEUTRO 2L,3948.0,38175.76
DETERGENTE LIQUIDO SUPREMA NEUTRO 5L,1881.0,38133.04
SABAO LIQUIDO OESTE PREMIUM LAVA ROUPAS 5L,1046.0,38113.12
SABAO EM PO INVICTO LAVANDA SCH 800G,4825.0,38012.73
AGUA SANITARIA SO AROMA 2L,9243.0,37965.85
AMACIANTE DILUIDO BRISA BUQUE DE FLORES 2L,4653.0,37965.67
"LIMPADOR PERFUMADO CASA E PERFUME SPECIAL PG1,8L LV2L 2L",2387.0,37962.04
LIMPADOR PERFUMADO AROMASIL CEREJA E AVELA 1L,4538.0,37884.36
LIMPADOR PERFUMADOR ZULU ORQ NEGRA 500ML,7584.0,37857.26
DESINFETANTE QUASAR DA NOITE 2L,6186.0,37785.36
SABAO LIQUIDO ZAB SUAVE 1L,4575.0,37777.85
DESINFETANTE JUA FLORAL 2L,5865.0,37690.73
LIMPADOR PISCINA BEL BICARBONATO DE SODIO PISCINAS 2KG,1406.0,37619.73
AMACIANTE DILUIDO SONHO LAVANDA GARRAFA 3L,2063.0,37538.76
DESINFETANTE BIO BRILHO EUCALIPTO 2L,5764.0,37497.81
DETERGENTE LIQUIDO JUA LIMAO 500ML,18936.0,37445.86
DETERGENTE LIQUIDO UNOLAR NEUTRO 500ML,23940.0,37379.87
LIMPADOR ESSENCIA GLADE LEMBRANCA DE INFANCIA 120ML,2615.0,37372.71
DESINFETANTE SANTA CLARA EUCALIPTO 2L,6701.0,37349.27
DETERGENTE LIQUIDO GIRANDO SOL NATURAL 5L,1629.0,37316.25
DETERGENTE LIQUIDO LIMPOL LIMAO SQUEEZE 24X500ML,768.5417,37296.77
"SABAO LIQUIDO AQUAFAST LAVAGEM RAPIDA FRESH CLEAN 1,5L",2238.0,37296.34
SABAO LIQUIDO TUFF 5L,996.0,37295.07
AGUA SANITARIA ALPES 2L,6155.0,37249.03
LIMPADOR ESSENCIA SANOL BABY 120ML,3198.0,37229.06
AMACIANTE CONCENTRADO COMFORT EXPLOSAO FLORAL REFIL 810ML,1973.0,37131.75
AMACIANTE CONCENTRADO CASAFLOR FRESCOR 500ML,3321.0,37116.43
DESINFETANTE SUPREMA EUCALIPTO 5L,2771.0,37071.46
SABAO LIQUIDO ZAB TOQUE SUAVE 3L,1711.0,37041.02
DESINFETANTE POLILUZ LAVANDA 2L,5496.0,37005.75
DESINFETANTE CIF EXTERMINA LIMO C/CLORO 450ML,2899.0,36955.86
AMACIANTE CONCENTRADO BABY SOFT TOQUE DE CUIDADO 500ML,5699.0,36915.41
SABAO LIQUIDO TRIEX 2L,2420.0,36872.16
"AMACIANTE CONCENTRADO AQUAFAST BRANCO TERNURA 1,5L",1943.0,36862.96
DESINFETANTE MEU LAR OCEANIC 2L,6200.0,36852.55
LIMPADOR PERFUMADO GIRANDO SOL MANHAS DE ORVALHO 2L,2216.0,36776.51
DESINFETANTE PET CRUZWALDINA GERMICIDA 500ML,1030.0,36768.97
DETERGENTE LIQUIDO ATOL NEUTRO 2L,4030.0,36766.91
DETERGENTE LIQUIDO INVICTO CLEAN 500ML,18939.0,36757.98
LIMPADOR MULTIUSO PINGO MAGICO ORIGINAL 500ML,2466.0,36725.27
AGUA SANITARIA BARRA CLORO ATIVO 1L,8432.0,36655.5
LIMPADOR MULTIUSO PODEROSO ESPUMA LIMPA TUDO AEROSOL 300ML,1823.0,36619.62
SABAO LIQUIDO SOFT PLUS COCO 2L,1704.0,36599.75
REMOVEDOR BARRA FAISCA TRADICIONAL 500ML,2073.0,36493.06
SABAO EM PO APYCE MULTIACAO NATUREZA 10KG,621.0,36434.91
AMACIANTE CONCENTRADO ASSIM JASMIM E CASSIS 500ML,4397.0,36421.47
AMACIANTE DILUIDO TEIU C/FACILITADOR CLASSIC FRASCO 1L,6340.0,36411.73
LIMPADOR ESSENCIA DONABELA LAVANDA 130ML,5406.0,36403.5
AMACIANTE CONCENTRADO VIDA MACIA GLICERINA E AMENDOAS 2L,1651.0,36396.01
DETERGENTE LIQUIDO BRILHA SUL CRISTAL 500ML,20123.0,36383.32
SABAO LIQUIDO ZUPPY PT 3L,1108.0,36312.48
SABAO EM PO ULTRALAR MULTIACAO SACHE 2KG,3734.0,36304.82
AMACIANTE DILUIDO GOTA LIMPA DELICATA 2L,4838.0,36266.49
DESINFETANTE MEU LAR FLORAL 2L,6038.0,36233.24
AGUA SANITARIA GEO 2L,5984.0,36194.75
SABAO LIQUIDO BLEACH COCO 500ML,3737.0,36183.59
LIMPADOR ESSENCIA SECAR CONC ORQUIDEA DO CARIBE 120ML,3113.0,36153.07
CLORO GEL AQUA PLUS 1L,4714.0,36099.69
SABAO LIQUIDO OLA DELICADAS ROUPAS PRETAS ORIGINAL 1L,1193.0,36063.32
LIMPEZA PESADA VEJA ORIGINAL COM ALCOOL 500ML,2444.0,36058.63
DESINFETANTE SUPER GLOBO PINHO ORIGINAL 1L,5816.0,36045.85
AMACIANTE CONCENTRADO AROMASIL 1L,1740.0,36035.99
DETERGENTE LIQUIDO YPE CLEAR 416G,4237.0,35999.33
LIMPADOR PERFUMADO GIRANDO SOL ENCANTOS DA PRIMAVERA 1L,4218.0,35991.21
LIMPADOR PERFUMADO YPE AZUL TROPICAL 2L,2274.0,35948.41
DESINFETANTE VOREL EUCALIPTO 2L,6118.0,35778.43
AMACIANTE DILUIDO ECONOMICO SOFT BLUE 5L,1814.0,35766.75
"AMACIANTE CONCENTRADO YPE ALQUIMIA LIBERADE 1,5L",1491.0,35739.23
DETERGENTE LIQUIDO Q LAR MACA 500ML,27403.0,35733.76
LIMPADOR PERFUMADO CASAFLOR LAVANDA LUXO 500ML,8647.0,35721.87
CLORO PRO WATER VERDE 2L,3822.0,35692.1
DETERGENTE LIQUIDO AJU MACA 500ML,25081.0,35641.23
ALGICIDA CHOQUE HTH 1LT,763.0,35592.13
AGUA SANITARIA AGIFACIL 1L,11019.0,35532.49
TIRA MANCHAS TIXAN YPE EM PO ROUPAS BCO E COLOR POTE 420G,1302.0,35521.29
LIMPADOR PERFUMADO BRILUX PERFUMES BRISA 500ML,6299.0,35502.45
DESINFETANTE SUPREMA FLORES DO CAMPO 5L,2599.0,35467.74
DESINFETANTE AZULIM VIOLETTE 1L,6433.0,35393.94
AMACIANTE CONCENTRADO MON BIJOU MISTERIO 1L,2176.0,35277.35
LIMPADOR PERFUMADO LIMPOL VERDE 500ML,7123.0,35261.12
AGUA SANITARIA BIO-KRISS 2L,6946.0,35260.45
AGUA SANITARIA GEO 5L,2444.0,35229.85
SABAO LIQUIDO BABY SOFT 1L,3447.0,35191.51
LIMPADOR PERFUMADO GIRANDO SOL SUAVE MAGIA 2L,2171.0,35174.57
LIMPADOR ESSENCIA SANOL CHA BRANCO 120ML,3154.0,35166.5
DESENGORDURANTE VEJA COZINHA LIMAO GATILHO 500ML,1168.0,35121.93
DESINFETANTE UAU PINHO LAVANDA 10% DESC 1L,4093.0,35098.13
AGUA SANITARIA FLUMINENSE 2L,8396.0,35083.33
SABAO EM PO STAR PLUS MULTIACAO 5KG,2552.0,35043.69
LIMPADOR MULTIUSO CASA E LIMPEZA SQUEEZE 500ML,7774.0,35042.18
AMACIANTE DILUIDO ENVOLV AZUL 5L,2389.0,35032.29
AMACIANTE DILUIDO LONDRES CLASS A 2L,2156.0,35013.44
LIMPEZA PESADA TEIU GEL LAVANDA 2L,2082.0,34989.18
AGUA SANITARIA ZAVASKI 1L,10058.0,34973.81
SABAO EM PO URCA COCO ROUPAS FINAS E DELICADAS CAIXA 500G,2148.0,34961.6
LIMPADOR PERFUMADO VEJA PERFUMES AROMA SENSE ROMANCE 500ML,3565.0,34938.07
LIMPADOR PERFUMADO LIMPOL VERDE 1L,4227.0,34854.65
LIMPADOR PERFUMADO AZULIM START BAMBU 1LT,4798.0,34841.39
TIRA MANCHA VANISH PO S/CLORO OXI ACTION 25% DESC 900G,656.0,34840.73
AGUA SANITARIA BIO-KRISS 1L,14518.0,34837.1
AGUA SANITARIA TUFF GF 1L,8795.0,34837.04
SABAO EM PO SURF 4KG,1056.0,34831.88
CLORO GRANULADO ADITIVADO HTH BALDE UND 1 X 1 55KG,143.0,34801.1
LIMPADOR PERFUMADO ZULU LAVANDA 500ML,7325.0,34758.53
DETERGENTE LIQUIDO BRANMIX COCO 500ML,20270.0,34726.93
SABAO EM PO GOTA LIMPA LEVEZA 800G,5427.0,34691.71
AMACIANTE DILUIDO MARINA CONFORTO  2L,4965.0,34650.84
SABAO LIQUIDO DRAGAO ACTION 5L,1060.0,34615.19
LIMPEZA PESADA VEJA ORIGINAL COM ALCOOL 1L,1513.0,34602.16
DESINFETANTE MAIS FAMILIA LAVANDA 2L,5372.0,34561.52
SABAO EM PO ALA COCO SC 500G,9415.0,34550.48
LIMPADOR ESSENCIA SECAR CONC JASMIM DO EGITO 120ML,2977.0,34452.15
AMACIANTE DILUIDO ZAB AZUL 2L,4106.0,34370.23
DETERGENTE LIQUIDO GUARANI NEUTRO 2L,4708.0,34369.13
DETERGENTE LIQUIDO QUASAR NEUTRO 2L,4641.0,34345.94
AGUA SANITARIA PRO WATER 1L,9875.0,34331.32
DESINFETANTE AZULIM LAVANDA DILUIVEL 140ML,3504.0,34310.46
"DESINFETANTE POLITRIZ PINHO 1,75L",5992.0,34308.85
DESINFETANTE ZAB LAVANDA 2L,4169.0,34264.17
SABAO LIQUIDO APYCE INTENSO 800ML,5607.0,34241.6
LIMPADOR PERFUMADO CASAFLOR BRASILIDADES AGUA DE COCO 1.75L,2908.0,34199.25
DESINFETANTE CLEAN PLUS TALCO 2L,4211.0,34164.6
LIMPADOR PERFUMADO GIRANDO SOL ENCANTOS DA PRIMAVERA 500ML,6714.0,34148.12
LIMPADOR MULTIUSO AZULIM KIT 2MULT+TIRA LIM+LIMP VID 4X500ML,2172.0,34131.72
CLORO CLORAL 12X1L,730.0,34052.66
LIMPEZA PESADA GUIMARAES DETERGENTE CLORADO 5EM1 2L,2401.0,34041.2
DESINFETANTE ORIENTAL LAVANDA 2L,5179.407999999999,34008.15
SABAO LIQUIDO ODD INTENSE 3L,1359.0,34002.92
DESENGORDURANTE AQUAFAST LIMAO GATILHO 500ML,4810.0,34001.28
DETERGENTE LIQUIDO POLIAL CLEAR 500ML,20860.0,33954.3
DESINFETANTE JUA LAVANDA 1L,9704.0,33924.06
VEJA DESINFETANTE POWER ACTION LAVANDA 500ML SQUEEZE,3038.0,33888.69
LIMPADOR DE VIDRO VEJA VIDREX CRISTAL SPRAY 500ML,1092.0,33862.17
AGUA SANITARIA OESTE 5L,2595.0,33802.22
DESINFETANTE ZAB TALCO 2L,4095.0,33711.0
DESINFETANTE MEU LAR OCEANIC 1L,9741.0,33703.7
AMACIANTE DILUIDO URCA BRISA PRIMAVERA 3L,2924.0,33691.91
AMACIANTE DILUIDO SOFT PLUS FRASCO 2L,4088.0,33687.46
SABAO LIQUIDO AQUAFAST FLORES BRANCAS 2L,1774.0,33679.63
DETERGENTE LIQUIDO ZAVASKI LIMAO 500ML,16997.0,33651.66
AMACIANTE CONCENTRADO URCA FLORAL ROSA 1L,2930.0,33640.53
LIMPADOR MULTIUSO SUPER GLOBO ORIGINAL SPRAY 500ML,9716.0,33594.04
DETERGENTE LIQUIDO BRANMIX MACA 500ML,19682.0,33513.62
DESINFETANTE MARINA FLORAL 2L,6035.0,33460.46
SABAO LIQUIDO AQUAFAST MULTIACAO 1L,2897.0,33437.61
SABAO LIQUIDO CANDURA ACTION 3L,1654.0,33383.65
SABAO EM PO MINUANO MAXIMO CUIDADO 400G,7006.0,33364.97
DESINFETANTE ZUPP EUCALIPTO 2L,5034.0,33323.11
DESINFETANTE COALA CONCENTRADO CITRONELA 3EM1 120ML,2226.0,33292.4
SABAO EM PO GIRANDO SOL OPTICAL WASH ROSA FLORAL 10KG,428.0,33280.64
"AMACIANTE CONCENTRADO BRILUX FRESCOR DE VERAO 1,5L",1793.0,33244.4
DETERGENTE LIQUIDO MINUANO NEUTRO 24X500ML,785.0,33225.71
LIMPADOR PISCINA BEL SULFATO DE ALUMINIO EM PO 2KG,1483.0,33167.1
AMACIANTE CONCENTRADO GUIMARAES COCO E AMENDOAS 1L,2374.0,33160.58
DESINFETANTE GIRANDO SOL JASMIM 5L,1850.0,33103.21
DESINFETANTE KI JOIA LAVANDA 2L,6315.0,33080.16
DETERGENTE LIQUIDO BRANMIX NEUTRO 500ML,19406.0,33057.94
SABAO LIQUIDO ECO VIDA CLEAN LV3L PG2.7L 3L,2387.0,33050.82
AMACIANTE CONCENTRADO DOWNY BRISA DE VERAO 12X500ML,267.1667,33018.62
DESINFETANTE ZAB HERBAL CITRUS 1L,8128.0,32979.63
AMACIANTE DILUIDO TUFF AMARELO 2L,4489.0,32910.78
DETERGENTE LIQUIDO RADIANTE NEUTRO 500ML,19890.58,32850.64
LIMPADOR PERFUMADO YPE MISTERIOS DA NATUREZA 500ML,5571.0,32812.73
SABAO LIQUIDO ASSIM MICELAR 3L,1189.0,32808.42
"SABAO EM PO AMACITEL TOQUE DE POESIA 2,4KG",1779.0,32807.31
LIMPADOR PERFUMADO GUIMARAES ROMANCE 2L,2840.0,32796.48
DESINFETANTE PROEZA SILVESTRE 2L,7234.0,32772.2
TIRA MANCHA SAIF SEM CLORO EM SACHE 420G,2144.0,32693.9
SABAO EM PO FELITA CLEAN SACHE 800G,4205.0,32686.64
ALGICIDA GENCO 1L MANUT,1286.0,32618.77
DETERGENTE LIQUIDO ALPES NEUTRO 500ML,14909.0,32608.31
LIMPADOR MULTIUSO BRILUX TRADICIONAL SQUEEZE 500ML,6505.0,32596.31
LIMPADOR DE VIDRO UAU BLINDEX REFIL 500ML,2370.0,32578.83
ALVEJANTE GIRANDO SOL PERFUMADO LEMON 2L,4036.0,32556.28
AMACIANTE DILUIDO MEU LAR SONHO  PERFUMADO 2L,4476.0,32503.75
DETERGENTE LIQUIDO VIDA NEUTRO 5L,1934.0,32491.79
"AMACIANTE CONCENTRADO YPE ALQUIMIA ENCANTO 1,5L",1329.0,32434.74
"AMACIANTE CONCENTRADO YPE BLUE LV1,5L PG1,25L 1,5L",1534.0,32431.11
DESINFETANTE MARINA LAVANDA 5L,2645.0,32425.22
"AMACIANTE DILUIDO SONHO COCO E AMENDOAS 1,5L",3297.0,32395.04
LIMPADOR ESSENCIA TRIEX LAVANDA 140ML,4406.0,32382.31
SABAO EM PO MAIS CASA MULTIACAO 5KG,1020.0,32367.97
"LIMPADOR PERFUMADO UAU CHA BRANCO PROMO20% 1,8L",2659.0,32334.26
DESINFETANTE BRILUX TRANSLUCIDO 2L,2971.0,32300.88
DETERGENTE LIQUIDO OI CLEAR 500ML,19009.0,32300.2
DETERGENTE LIQUIDO BRANMIX LIMAO 500ML,18783.0,32280.83
AMACIANTE DILUIDO GUIMARAES CARINHO AZUL 2L,4265.0,32263.2
LIMPADOR MULTIUSO AZULIM FLORATA SQZ 500ML,8826.0,32250.43
"SABAO EM PO MARINA MULTIACAO 1,6KG",2829.0,32241.53
AMACIANTE DILUIDO LIMPADUA AZUL 2L,5370.0,32210.0
LIMPADOR PERFUMADO AROMASIL FLORES DE LAVANDA 1L,3854.0,32174.51
DETERGENTE LIQUIDO ODD NEUTRO 24X500ML,681.0,32173.92
SABAO LIQUIDO ZUPP BRANCAS 1L,2402.0,32160.98
AGUA SANITARIA BRILHA SUL 1L,10505.0,32144.64
DETERGENTE LIQUIDO ZAVASKI MACA 500ML,16393.0,32097.61
AMACIANTE DILUIDO SONHO AZUL PROFUNDO 3L,1792.0,32077.64
LIMPADOR MULTIUSO AQUAFAST ORIGINAL 1L,4518.0,32076.83
DESINFETANTE KALIPTO EUCALIPTO 500ML,9349.0,32074.76
SABAO LIQUIDO FLUMINENSE 3L,1731.0,32052.62
LIMPADOR PERFUMADO AZULIM AMEIXA NEGRA 1L,4381.0,32050.71
SABAO EM PO APYCE MULT 4KG,1587.0,32028.24
LIMPADOR ESSENCIA AROMASIL FLOR DE JABUTICABA 140ML,3380.0,31979.51
REMOVEDOR START DE CERA MAGICO 2L,905.0,31950.42
AMACIANTE CONCENTRADO YPE ALQUIMIA INSPIRACAO 1L,1744.0,31945.59
SABAO LIQUIDO DRAGAO VERDE 1L,3758.0,31945.49
LIMPADOR PERFUMADO BRILUX NATUREZA 500ML,5703.0,31908.03
SABAO LIQUIDO ATRIUS PREMIUM 5L,1563.0,31874.96
LIMPADOR DE VIDRO BRILUX COM ALCOOL GATILHO 500ML,4174.0,31872.32
SABAO LIQUIDO TOP CLEAR AZUL 3L,2825.0,31841.96
DESINFETANTE SANTA CLARA FLORAL 2L,5739.0,31827.39
SABAO EM PO TIXAN YPE ANTIBAC CX 9X2KG,240.0,31812.0
AGUA SANITARIA CATARINA COM CLORO ATIVO 5L,3144.0,31778.99
AMACIANTE CONCENTRADO ENERGIA SOFT PLUS FRASCO 1L,2413.0,31759.93
AMACIANTE CONCENTRADO MINUANO CLASSICO 500ML,3099.0,31731.66
HIDROFLOC P/PISCINA 1L,1526.0,31727.44
AMACIANTE DILUIDO GUIMARAES FLOR DE CEREJEIRA 5L,2008.0,31658.83
LIMPADOR PERFUMADO CASAFLOR BRASILIDADES AGUA DE COCO 1L,4210.0,31652.05
DETERGENTE LIQUIDO ECONOMICO NEUTRO 500ML,12810.0,31649.25
AMACIANTE DILUIDO BRILHA SUL AZUL 5L,2713.0,31622.7
"SABAO EM PO TIXAN YPE GREEN CX 1,6KG",1337.0,31593.76
LIMPADOR PERFUMADO LIMPOL CRISTAL 1L,3722.0,31589.01
LIMPADOR PERFUMADO YPE MISTERIOS DA NATUREZA 1L,3450.0,31537.05
SABAO EM PO JUA PLUS 500G,7264.0,31530.85
SABAO EM PO TIXAN YPE PRIMAVERA CX 1KG,3589.0,31507.26
DETERGENTE LIQUIDO LIMPOL CONCENTRADO GEL LIMAO VERB 400G,3726.0,31473.8
AMACIANTE CONCENTRADO DOWNY BRISA SUAVE 3L,491.0,31473.79
DETERGENTE LIQUIDO UNOLAR MACA 500ML,20024.0,31442.34
ALVEJANTE GOTA LIMPA SEM CLORO MULTIUSO 5L,1138.0,31425.74
SABAO EM PO ALPES BRANCAS/COLORIDAS 4KG,1185.0,31423.36
SABAO EM PO VALOR MULTIACAO SACHE 2KG,2783.0,31407.07
LIMPADOR MULTIUSO FACILLE LIMAO SPRAY 500ML,8198.0,31377.38
AGUA SANITARIA SOL 2L,5547.0,31355.76
DESINFETANTE BRILHA SUL FLORAL 2L,5288.0,31349.84
DESINFETANTE ZAB MARINE 2L,3823.0,31318.29
SABAO EM PO AMACITEL ALEGRES ENCANTOS 400G,8293.0,31293.76
SABAO LIQUIDO EVA VERDE 5L,1865.0,31292.28
AMACIANTE DILUIDO HIPER PLUS AZUL 2L,5470.0,31264.61
LIMPADOR PERFUMADO CASAFLOR BRASILIDADES ACAI 1.75L,2675.0,31234.19
SABAO LIQUIDO HIGI CALCINHA 300ML,1982.0,31202.01
TIRA MANCHAS QBOA BRANQUEADOR 500ML,3894.0,31191.66
LIMPADOR MULTIUSO SUPREMA FRESH 500ML,9851.0,31150.52
DETERGENTE LIQUIDO TEIU NEUTRO 2L,3527.0,31146.52
LIMPADOR ESSENCIA KALIPTO OLEO DE PINHO 120ML,2361.0,31086.83
ELEVADOR DE PH PCT 1 5KG,846.0,31077.88
LIMPADOR PISCINA BEL CLARIFICANTE E FILTRACAO 1L,1315.0,31062.34
ALVEJANTE SUPER CANDIDA LAVANDA 1L,5433.0,31047.31
AMACIANTE DILUIDO YPE ACONCHEGO 6x2L 12L,689.0,30960.46
DESINFETANTE GOTA LIMPA TALCO 2L,3848.0,30946.23
DESINFETANTE ATOL SPRAY RENDAS DE LAVANDA 90ML,6021.0,30922.62
LIMPEZA PESADA YPE LEMON XTREME 500ML,4150.0,30875.16
DETERGENTE LIQUIDO GUARANI PODER AMACIANTE 3L,1894.0,30838.63
LIMPADOR PERFUMADO CASAFLOR BRASILIDADES ACAI 1L,4077.0,30781.34
DETERGENTE LIQUIDO BARBAREX CLEAR 500ML,14933.0,30740.67
SABAO LIQUIDO LIMPEBEM ECO VIDA TROPIC L3P2 3X7ML,2229.0,30725.14
DESENGORDURANTE VEJA POWER GEL LARANJA 500ML,1639.0,30724.13
AMACIANTE DILUIDO ECONOMICO SOFT BLUE 500ML,12451.0,30696.81
TIRA MANCHA MON BIJOU EM GEL 3 EM 1 500ML,3011.0,30671.95
DESINFETANTE TEIU EUCALIPTO 2L,3103.0,30545.74
"AMACIANTE CONCENTRADO AQUAFAST AZUL HARMONIA 1,5L",1644.0,30531.14
SABAO EM PO ALA ROSAS E FLOR DE LIS 1KG,3904.0,30487.48
AMACIANTE DILUIDO TUFF CARINHO 2L,4035.0,30452.04
AMACIANTE DILUIDO BEM TE VI AMOR E CARINHO 5L,2023.0,30437.58
DESENGORDURANTE SAIF FORNOS 300ML,1839.0,30395.77
DESINFETANTE AZULIM MARINE 2L,3231.0,30350.08
"DESINFETANTE POLITRIZ LIMAO 1,75L",5218.0,30253.8
SABAO EM PO TIXAN YPE GREEN CX 800G,2288.0,30245.01
DETERGENTE LIQUIDO ZUPP ULTRA RENDE MAIS 500ML,16998.0,30242.74
DESINFETANTE MEU LAR FLORAL 1L,8697.0,30242.05
DESINFETANTE VOREL CITRUS 2L,4919.0,30161.26
AGUA SANITARIA RAJJA VERDE 1L,8877.0,30132.88
SABAO EM PO OURO CASA MULTIACAO SC 1.6KG,2764.0,30008.48
DESINFETANTE OESTE FLORAL 2L,5371.0,29989.39
ALVEJANTE BRILHA SUL SEM CLORO 5L,1405.0,29974.41
SABAO LIQUIDO OMO PERFECT WHITE LAVA ROUPAS LIQ 7L,492.0,29964.41
LIMPADOR MULTIUSO AZULIM ACAO CLAREADORA 500ML,8287.0,29932.73
CLORO POLLI BRILHO 5LT,1676.0,29913.78
AMACIANTE DILUIDO TUFF ALGODAO 2L,3951.0,29888.03
DETERGENTE LIQUIDO DRAGAO NEUTRO 500ML,18129.0,29885.61
AGUA SANITARIA ACTUALY 2L,6357.0,29850.65
LIMPADOR MULTIUSO SUPER GLOBO CLORO AT+DESENG+DESINF 3X500ML,2282.0,29848.05
DESENGORDURANTE AZULIM LIMP PESADA SPRAY 500ML,1937.0,29819.61
AMACIANTE DILUIDO TUFF ALOE VERA 5L,1710.0,29809.65
AGUA SANITARIA NOVO LAR 5L,2810.0,29808.15
SABAO EM PO BRILHANTE CUIDADO TOTAL SC 800G,2391.0,29771.31
SABAO EM PO APYCE MULTIACAO ROSA 800G,6399.0,29770.31
DETERGENTE LIQUIDO ECONOMICO LIMAO 500ML,12120.0,29749.42
SABAO LIQUIDO GOTA LIMPA GLICERINA 5L,971.0,29725.74
AGUA SANITARIA BRANMIX VERDE 1L,13420.0,29709.68
DESINFETANTE JUA LIMAO 2L,4564.0,29693.1
AGUA SANITARIA VERAO 5L,3015.0,29690.85
SABAO EM PO INVICTO ACTION SACHE SUPERACAO 800G,3705.0,29622.15
SABAO LIQUIDO GOTA LIMPA GLICERINA 2L,1637.0,29535.63
DESINFETANTE CANDURA EUCALIPTO 5L,2018.0,29513.85
AMACIANTE CONCENTRADO MON BIJOU MAGIA 1L,1782.0,29483.21
DETERGENTE LIQUIDO CANDURA MACA 500ML,14775.0,29443.25
DESINFETANTE ZUPP TRADICIONAL 2L,4455.0,29433.71
LIMPEZA PESADA GIRANDO SOL AZUL FR 500ML,5341.0,29423.75
LIMPADOR DE VIDRO AQUAFAST REFIL 500ML,4185.0,29389.09
LIMPADOR ESSENCIA GLADE SPRAY LAVANDA 120ML,1768.0,29270.32
AGUA SANITARIA EPORT 5L,2167.0,29268.66
AMACIANTE DILUIDO REMMUS AZUL CARINHOSO 2L,4371.0,29243.04
SABAO EM PO BRISA AZUL FLORAL E BICARBONATO 800G,4473.0,29190.7
SABAO EM PO TIXAN YPE PRIMAVERA CX 9X2KG,220.0,29161.0
AGUA SANITARIA NUTRILAR 1L,11089.0,29157.42
SABAO LIQUIDO AQUAFAST TERNURA 2L,1506.5,29144.32
LIMPADOR DE VIDRO CIF GATILHO 500ML,1612.0,29139.72
SABAO LIQUIDO BRILHA SUL AZUL 5L,1089.0,29130.15
AMACIANTE DILUIDO GIRANDO SOL AZUL 500ML,6489.0,29068.29
LIMPADOR ESSENCIA GLADE CITRONELA 120ML,2016.0,29057.29
"TIRA MANCHA CANDURA SEM CLORO 1,5L",3157.0,29049.21
SABAO LIQUIDO SAO MARCOS FRESH EMB ECONOMICA 3L,2576.0,29044.78
DETERGENTE LIQUIDO BARBAREX NEUTRO 500ML,13923.0,29018.6
DETERGENTE LIQUIDO ECONOMICO MACA 500ML,11825.0,28921.13
AMACIANTE DILUIDO DRAGAO ACONCHEGO 2L,4292.0,28908.16
LIMPADOR PISCINA BEL CLORO ACIDO TRICLORO 200G,2958.0,28890.85
LIMPADOR MULTIUSO SUPREMA CAMPESTRE 500ML,8645.0,28879.64
SABAO EM PO AMACITEL TOQUE DE POESIA 400G,7470.0,28841.89
DETERGENTE LIQUIDO QUASAR MACA 2L,3917.0,28833.52
AMACIANTE DILUIDO GOTA LIMPA DELICATA 5L,1670.0,28818.98
SABAO EM PO BRISA LILAS LAVANDA E COCO 400G,9300.0,28812.83
DESINFETANTE ZUPP ERVA DOCE 2L,4315.0,28797.51
LIMPADOR PERFUMADO CASAFLOR INTUITIVE 3L,1247.0,28773.79
LIMPADOR PERFUMADO BRINORT ALEGRIA 2L,4660.0,28771.41
AMACIANTE DILUIDO TEIU ROSAS 2L,2899.0,28764.55
LIMPADOR PERFUMADO CASAFLOR DREAMS 3L,1297.0,28746.56
DESINFETANTE TAY CLORO USO GERAL 2L,2830.0,28719.72
SABAO LIQUIDO LIMPEMAX LIQ BLUE 5L,1360.0,28711.91
AGUA SANITARIA LIMPA FACIL 1L,13871.0,28678.76
AMACIANTE CONCENTRADO SUPREMA LILAS LA FELICITA 2L,4348.0,28677.35
SABAO LIQUIDO CLASS 5L,1288.0,28671.46
LIMPADOR PERFUMADO CASAFLOR BRASILIDADES CAJU 1L,3744.0,28620.41
DESINFETANTE BRILHA SUL FLORAL 5L,2342.0,28589.91
LIMPEZA PESADA TEIU GEL PINHO CAPIM LIMAO 2L,1683.0,28579.83
LIMPADOR PERFUMADO CASAFLOR ORQUIDEA NEGRA 3L,1244.0,28556.46
DESINFETANTE ASSEPTGEL ZEROBAC LAVANDA 1L,2907.0,28546.69
LIMPADOR ESSENCIA KALIPTO OLEO MAR DO CARIBE 120ML,2220.0,28545.97
SABAO EM PO OESTE LAVA ROUPAS MAX PERFORMANCE 800G,6505.0,28534.89
LIMPEZA PESADA REMOCLEAN ACIDO MURIATICO VERDE 1L,1959.0,28528.1
LIMPADOR PERFUMADO CASA E PERFUME MISTERO DI AMORE 5L,922.0,28513.03
DESINFETANTE LIMPADUA EUCALIPITO 2L,4526.0,28503.42
LIMPADOR PERFUMADO CASAFLOR PASSION 500ML,6094.0,28494.39
AGUA SANITARIA SUPER SOL 2L,5708.0,28485.46
SABAO LIQUIDO PLUSH 2L,1827.0,28474.42
AMACIANTE DILUIDO TUFF PELUCIA 2L,3746.0,28443.83
DESINFETANTE BRILUX CITRUS 2L,2615.0,28436.01
LIMPADOR PERFUMADO BRILUX PERFUMES SENSUALIDADE 500ML,5077.0,28435.7
AMACIANTE DILUIDO FLUMINENSE AZUL 5L,2050.0,28399.26
CLORO MAIS 5L,2271.0,28390.44
ALVEJANTE BRILHA SUL SEM CLORO 2L,2291.0,28379.97
AGUA SANITARIA TUBARAO 12X1L,1034.0,28379.4
DETERGENTE LIQUIDO CANDURA LIMAO 500ML,14448.0,28375.96
SABAO LIQUIDO TEIU COCO 1L,2420.0,28359.1
"DESINFETANTE VIDA CAMPOS DE LAVANDA 1,5L",6608.0,28346.44
AGUA SANITARIA AGE LIMP 5L,2665.0,28335.21
DESINFETANTE SANOL LEITOSO LEITOSO ORIGINAL 500ML,6367.0,28331.27
LIMPADOR MULTIUSO QBOA PARA BANHEIRO 500ML,4347.0,28329.21
ALVEJANTE GIRANDO SOL PERFUMADO FLORAL 1L,5715.0,28307.07
DETERGENTE LIQUIDO OESTE NEUTRO 5L,3572.0,28281.66
LIMPADOR PERFUMADO AJAX CONC FESTA MAR DE FLORES 500ML,3955.50001,28252.58
DESINFETANTE LIMPADUA FLORAL 2L,4442.0,28244.72
DETERGENTE LIQUIDO GUARANI LIMAO 2L,3854.0,28244.55
LIMPADOR ESSENCIA DONA BELA CAPIM LIMAO LV130 PG120 130,4259.0,28192.52
DESINFETANTE KI JOIA LAVANDA 5L,2331.0,28187.04
LIMPADOR PERFUMADO ZULU ORQUIDEA NEGRA 1L,3166.0,28164.24
DESINFETANTE REMMUS LAVANDA 2L,4239.0,28150.84
AMACIANTE CONCENTRADO DOWNY LIRIOS DO CAMPO FRAS 12X500ML,225.0,28145.63
LIMPADOR PERFUMADO CASAFLOR AMORE 500ML,5885.0,28098.42
AGUA SANITARIA MONTELAGOS FRASCO 2L,5347.0,28097.19
DETERGENTE LIQUIDO GIRANDO SOL GLICERINA 500ML,11429.0,28077.28
AMACIANTE DILUIDO GUIMARAES FOFURA 5L,1758.0,28038.8
DESINFETANTE TEIU EUCALIPTO 1L,5361.0,28023.42
ALVEJANTE PLUSH OXY2 SEM CLORO PARA ROUPAS BRANCAS 1L,2743.0,27976.72
LIMPADOR ESSENCIA AROMASIL BAMBU 140ML,2902.0,27975.76
LIMPADOR PERFUMADO SANOL MOMENTOS ACONCHEGO 500ML,5282.162,27974.94
DETERGENTE LIQUIDO GIRANDO SOL LIMAO 5L,1246.0,27949.51
ARIEL LAVA ROUPAS LIQ SUAVE E GENTIL FR 2L,569.0,27935.86
DETERGENTE LIQUIDO UNOLAR CLEAR 500ML,17549.0,27925.95
DESINFETANTE LYSOFORM SUAVE ODOR SPRAY 500ML,1419.0,27900.36
REMOVEDOR BUFALO PERFUMADO JASMIN 1L,999.0,27840.97
SABAO EM PO BRILUX COCO 800G,2932.0,27829.2
LIMPADOR ESSENCIA DONABELA PERFUMADO FLORAL 130ML,4163.0,27795.28
DETERGENTE LIQUIDO ECONOMICO COCO 500ML,11136.0,27786.65
LIMPADOR MULTIUSO START TELAS GRATIS PANO MICROFIBRA 120ML,7286.0,27743.65
SABAO LIQ HIPER LAVANDA 2L,2820.0,27740.22
PASTILHA  HIDROAZUL MULTIACAO,1983.0,27734.83
LIMPEZA PESADA VEJA ORIGINAL COM ALCOOL 2L,756.0,27705.18
DESINFETANTE GIRANDO SOL TALCO 3L,2197.0,27703.19
SABAO EM PO APYCE MULTIACAO NATUREZA 800G,5817.0,27691.4
AMACIANTE DILUIDO ECONOMICO SOFT BLUE 1L,6481.0,27648.42
ALVEJANTE BARBAREX SEM CLORO 2L,2627.0,27630.31
DESINFETANTE ALPES PINHO OCEANIC 2L,3603.0,27615.53
DESINFETANTE AZULIM LAVICS 2L,2918.0,27599.74
AMACIANTE DILUIDO MARINA PRAZER 5000ML,1849.0,27591.04
DESINFETANTE LIMPADUA PINHO 2L,4311.0,27554.78
DESINFETANTE GOTA LIMPA PINHO 5L,1596.0,27547.22
SABAO EM PO BRISA LAVANDA E COCO 800G,4203.0,27530.63
SABAO EM PO ALA ERVA DOCE E BICARBONATO 500G,7383.0,27518.89
DESINFETANTE PINHO SOL 2X POD. 1L,1354.0,27501.91
DETERGENTE LIQUIDO GUARANI MACA 2L,3741.0,27469.27
SABAO LIQUIDO JUA SUPER CONCENTRADO 500ML,4485.0,27447.04
LIMPADOR PERFUMADO QUASAR ANA JULIA 2L,4487.0,27434.42
DESINFETANTE KI JOIA EUCALIPTO 2L,5140.0,27403.35
SABAO LIQUIDO TUFF COCO 2L,1014.0,27331.32
AGUA SANITARIA SANOL 5L,2018.0,27300.82
SABAO LIQUIDO BRINORT CLEAN GREEN 2L,3186.0,27277.74
AMACIANTE DILUIDO PELOUCHE 2L,4212.0,27246.67
AGUA SANITARIA LIMPA MAIS 1L,13502.0,27224.69
LIMPADOR PERFUMADO TRIEX 1.75L,2747.0,27210.89
DESINFETANTE ORIENTAL JASMIM 2L,3696.928,27208.86
DESINFETANTE TRIEX ESSENCIA PERFUMADA FLORAL 120ML,3697.0,27206.11
AMACIANTE CONCENTRADO BLUE SKY ZUPP 500ML,2720.0,27173.54
DESINFETANTE PROEZA EUCALIPTO 2L,6058.0,27162.82
SABAO LIQUIDO BEM TE VI LAVANDA 1L,2997.0,27150.81
LIMPADOR MULTIUSO TUDO LIMPA TUDO LAVANDA 500ML,8223.0,27148.67
DETERGENTE LIQUIDO LIMPOL CONCENTRADO GEL UVA ORQUIDEA 400G,3831.99992,27140.2
DESINFETANTE COALA CONCENTRADO ALGODAO 3EM1 120ML,1860.9999,27114.16
LIMPADOR PERFUMADO CASAFLOR DESIRE 3L,1201.0,27083.95
AGUA SANITARIA CRISTAL 1L,7812.0,27074.97
DESINFETANTE BRILUX FLORAL 2L,2510.0,27046.87
ALVEJANTE PLUSH OXY2 SEM CLORO 2L,1397.0,27045.31
REMOVEDOR TRIEX FLORAL 1L,2835.0,27019.27
LIMPADOR MULTIUSO BARRA CAMPESTRE PULV 500ML,10983.0,27013.28
AMACIANTE DILUIDO FLUMINENSE AZUL 2L,4710.0,27011.82
DETERGENTE LIQUIDO YPE CLEAR 24X500ML,510.45820000000003,26981.35
LIMPADOR PERFUMADO URCA MOMENTO RELAXANTE 1L,3742.0,26951.04
SABAO EM PO BARBAREX 5KG,941.0,26949.3
DESINFETANTE LYSOCLIN BRUTO TRADICIONAL 1L,2117.0,26873.08
LIMPADOR ESSENCIA AQUAFAST ESSENCIA NATURAL 2L,1987.0,26870.93
SABAO EM PO TIXAN YPE MACIEZ 400G,5940.0,26859.48
"AMACIANTE CONCENTRADO BRILUX FLORES DE PRIMAVERA 1,5L",1446.0,26803.7
SABAO EM PO OMO LAVANDA 400G,2936.0,26796.14
AMACIANTE DILUIDO QBOA SENSE SPORT INTENSO 500ML,8921.0,26793.66
DESINFETANTE AQUAFAST CAMPOS DE LAVANDA 1L,4027.0,26775.19
DETERGENTE LIQUIDO GEO NEUTRO 500ML,14095.0,26708.28
ALVEJANTE SAIF SEM CLORO MULTIUSO REFIL 500ML,3535.0,26704.2
AMACIANTE CONCENTRADO GOTA LIMPA CONFORTO 1L,2390.0,26697.2
AMACIANTE DILUIDO SUAVE LAR TERNURA 5L,1935.0,26694.13
ALVEJANTE BIO NATURE SEM CLORO COLORADO 5L,1577.0,26647.6
DESINFETANTE POLILUZ MARINE 2L,3980.0,26644.12
AMACIANTE CONCENTRADO MON BIJOU CUIDADO 1L,1694.0,26633.44
DETERGENTE LIQUIDO FC PET CLEAR 500ML,13757.0,26618.66
"AMACIANTE CONCENTRADO BRILUX PERFUME DE OUTONO 1,5L",1435.0,26612.12
AGUA SANITARIA DICLORO 2L,4671.0,26601.9
SABAO LIQUIDO GOTA LIMPA ORIGINAL 2L,1498.0,26597.78
SABAO LIQUIDO ZAVASKI COCO 3L,1223.0,26588.0
AGUA SANITARIA VITRAL FRASCO 1L,8662.0,26585.3
SABAO LIQUIDO GOTA LIMPA ORIGINAL 5L,744.0,26573.34
SABAO EM PO ALIADO CASA E ROUPA POWER 400G,15326.0,26563.17
DETERGENTE LIQUIDO MAIS FAMILIA NEUTRO 500ML,12860.0,26546.63
DESINFETANTE ULTRALAR LAVANDA 2L,4129.0,26530.37
DESINFETANTE AZULIM LAVICS LAVANDA 5L,1132.0,26521.8
SABAO LIQUIDO MON BIJOU LAVANDA 3L,783.0,26506.37
AMACIANTE DILUIDO QBOA SENSE PAIXAO 2L,3002.0,26502.36
SURF DT LIQ CUID DO COCO 5L,531.0,26487.14
DESINFETANTE BUFALO LAVANDA 750ML,7627.0,26483.01
AMACIANTE CONCENTRADO GUIMARAES ROSAS INTENSAS 1L,1958.0,26467.86
SABAO LIQUIDO BEM TE VI PERFUME DAS FLORES 1L,3058.0,26423.98
LIMPADOR PERFUMADO CASAFLOR NATURE 1.75L,2100.0,26394.17
CLORO PURO ARACRUZ 1L,4157.0,26368.93
SABAO EM PO JUA BRANCO INTENSO 5KG,675.0,26351.11
LIMP HCL ALGICIDA 1L CHOQUE,786.0,26350.41
DESINFETANTE GUIMARAES LAVANDA 2L,3098.0,26324.95
SABAO LIQUIDO TRIEX COCO LAVA ROUPA 2L,1678.0,26321.57
DESINFETANTE BRINORT JASMIM 2L,4829.0,26304.72
LIMPADOR PERFUMADO URCA MOMENTO PURIFICANTE 1L,3665.0,26296.67
DESINFETANTE VEJA POWER ACTION LAVANDA 1L,1588.0,26287.24
DETERGENTE LIQUIDO UNOLAR LIMAO 500ML,16703.0,26277.12
DESINFETANTE COALA CONCENTRADO EUCALIPTO CITRIODORA 120ML,1745.0,26265.15
DETERGENTE LIQUIDO CANDURA NEUTRO 5L,1340.0,26263.32
AGUA SANITARIA BARBAREX 1L,8078.0,26242.87
"AMACIANTE CONCENTRADO DOWNY BRISA SUAVE REFIL 1,6L",751.0,26183.58
SABAO EM PO SACHE UZZILIM FLORES 2KG,2181.0,26179.81
"AMACIANTE CONCENTRADO AQUAFAST VERM SEDUCAO 1,5L",1247.0,26162.75
DESINFETANTE BRILUX MARINE TRANSLUCIDO 2L,2384.0,26110.4
LIMPADOR PERFUMADO TRIEX FRESCOR 1.75L,2633.0,26082.81
AGUA SANITARIA CLORITO 12X1L,1254.998,26065.19
SABAO LIQUIDO ZAB COCO 1L,3126.0,26003.09
LIMPADOR MULTIUSO COPERALCOOL EQ DA NATUREZA 500ML,1892.0,25978.18
AMACIANTE DILUIDO AZUL MAIS FAMILIA 2000ML,3117.0,25895.08
SABAO LIQUIDO GOTA LIMPA BABY 1L,1754.0,25883.27
"BRILHANTE SABAO EM PO CUIDADO SC 1,6KG",1233.0,25860.3
LIMPEZA PESADA SAIF LIMPA REJUNTES 500ML,1910.0,25831.41
AGUA SANITARIA XGUA DULAR FR 2L,4968.0,25824.55
SABAO EM PO SONHO MULTI ACAO 4KG,881.0,25805.7
SABAO EM PO ASSIM TRIPLA ACAO EMB ECONOMICA 1.8KG,1869.0,25787.04
LIMPADOR PISCINA QCLOR PASTILHAS TRICLORO 200G,3190.0,25778.18
"SABAO EM PO AMACITEL ALEGRES ENCANTOS 2,4KG",1390.0,25753.61
REMOVEDOR BARRA FAISCA CHEIRO SUAVE 500ML,1012.0,25741.82
DETERGENTE LIQUIDO KI JOIA COCO 500ML,14299.0,25737.22
SABAO LIQUIDO LIMPA JA 5L,1342.0,25653.38
LIMPADOR PERFUMADO AQUAFAST FRESCOR DA MANHA 1L,3212.0,25645.91
SABAO EM PO SONHO COCO 4KG,867.0,25574.53
DESINFETANTE DRAGAO LAVANDA 1L,7470.0,25543.22
LIMPADOR MULTIUSO AQUAFAST LAVANDA C/ALCOOL 1L,3694.0,25527.67
CLORO MULTIACAO HIDROAZUL 1KG,635.0,25522.67
LIMPEZA PESADA TRIEX LIMPA PEDRA 2L,1598.0,25471.92
AGUA SANITARIA LAVA BEM 1L,8961.0,25461.22
LIMPADOR ESSENCIA AROMASIL ORVALHO 140ML,2720.0,25433.77
LIMPADOR DE VIDRO CIF SQUEEZE LEVE 500ML PAGUE 400ML 500ML,1767.0,25417.11
LIMPADOR MULTIUSO URCA C/ ALCOOL 500ML,6456.0,25381.96
"SABAO EM PO MAIS CASA 1,6KG",2629.0,25362.38
LIMPEZA PESADA SUPREMA C/ALCOOL 500ML,7914.0,25327.95
LIMPADOR PERFUMADO AJAX FLOR PRIMAVERA PG800ML LV1L,2462.0,25312.0
SABAO LIQUIDO BABY SOFT VERDE 3L,1097.0,25303.26
AGUA SANITARIA ACTUALY 1L,9130.0,25284.41
"SABAO EM PO OMO LAVAG PERF CX 9X1,6KG",141.0,25274.7
TIRA MANCHA BEL LAR PERCARBONATO DE SODIO 1KG,899.0,25270.97
DESENGORDURANTE SUPER GLOBO 500ML,4185.0,25246.36
LIMPADOR MULTIUSO VEJA 10%DESC 24X500ML,279.0,25242.21
AGUA SANITARIA BARRA CLORO ATIVO FRASCO 5LT,1302.0,25226.72
CLORO GEL AQUA PLUS PERFUMADO 1L,3142.0,25206.1
SABAO EM PO BEM TE VI SUPER BRANCO 27X400G,393.0,25194.55
SABAO EM PO RUTH CARE COCO 500G,1504.0,25193.75
SABAO EM PO MAIS CASA MULTIACAO 3KG,1309.0,25193.12
"AMACIANTE CONCENTRADO SOFT PLUS ENERGIA 1,5L",1460.0,25165.38
AGUA SANITARIA ASA LESTE 2L,3667.0,25125.07
"DESINFETANTE VIDA BRISA DO MAR 1,5L",5846.0,25124.51
ALVEJANTE GOTA LIMPA SEM CLORO MULTIUSO 1L,3419.0,25120.6
AGUA SANITARIA  SUPER MAX 5L,3139.0,25118.89
SABAO LIQUIDO AQUAFAST TRADICIONAL 1L,2148.0,25077.96
DETERGENTE LIQUIDO ESFRELUX NEUTRO 500ML,12335.0,25061.86
SABAO EM PO UZZILIM 2KG,2038.0,25051.66
DESINFETANTE SANOL CLOROGEL LAVANDA 700ML,1762.0,24993.04
AMACIANTE DILUIDO TUFF BABY 500ML,5092.0,24979.2
LIMPADOR PERFUMADO CASA PERFUMADA SEGREDO DAS FLORES 1L,4127.0,24960.65
AMACIANTE CONCENTRADO COMFORT LAND PROFISSIONAL FRASCO 5L,368.0,24956.28
DESINFETANTE OESTE HERBAL 2L,4406.0,24950.81
DESINFETANTE AQUAFAST PAIXAO 1L,3777.0,24899.35
DESINFETANTE COALA CONCENTRADO TALCO 3EM1 120ML,1673.0,24891.61
DESINFETANTE HIPER PLUS FLORAL 2L,3933.0,24851.36
DESINFETANTE OLIMPO LAVANDA 2L,2837.0,24834.3
SABAO EM PO TIXAN YPE MACIEZ 24X800G,116.0,24807.84
AMACIANTE DILUIDO GOTA LIMPA BABY 1L,2980.0,24766.75
SABAO LIQUIDO AGIFACIL SABAO LIQUIDO CUIDADO TOTAL 3L,1363.0,24749.74
AGUA SANITARIA ASCERTE CLORO ATIVO 1L,10486.0,24748.61
LIMPADOR DE VIDRO AQUAFAST 500ML,3665.0,24744.58
AGUA SANITARIA GAUCHA C/ CLORO 5L,2477.0,24736.19
SABAO LIQUIDO TUFF EXTRA PERFUME 5L,768.0,24733.55
AGUA SANITARIA SANOL VERDE 1L,6638.0,24724.89
DETERGENTE LIQUIDO ZUPP ACAI 500ML,13237.0,24723.04
LIMPEZA PESADA POLITRIZ LIMPA PEDRAS 2L,1114.0,24694.38
DETERGENTE LIQUIDO GUARANI NEUTRO 5L,1386.0,24680.88
REMOVEDOR SANOL TRADICIONAL 500ML,3134.0,24664.95
DESINFETANTE GIOCA LAVANDA 2L,3352.0,24647.25
DESENGORDURANTE FACILLE GATILHO 500ML,3349.0,24640.35
LIMPADOR ESSENCIA CONCENTRADA EUCALIPTO POLITRIZ 140ML,2279.0,24633.58
DESINFETANTE JUA FLOR DO CAMPO 2L,2800.0,24620.81
SABAO EM PO TIXAN YPE MACIEZ CX 1KG,1983.0,24609.64
"AMACIANTE DILUIDO YPE INTENSO 1,6L",2596.0,24552.07
DESINFETANTE MEU LAR NATURE 2L,4096.0,24549.06
SABAO LIQUIDO LIMPADUA VERDE 3L,1549.0,24543.25
AMACIANTE DILUIDO BRILHA SUL AZUL 2L,4279.0,24536.36
SABAO LIQUIDO TIXAN YPE PRIMER 700ML,2468.0,24535.99
LIMPADOR PERFUMADO UAU CHA BRANCO 1L,2535.0,24493.32
LIMPADOR MULTIUSO UAU 2X500ML+CLORO ATIV 500ML+DESENG 500ML,1925.0,24459.66
LIMPADOR ESSENCIA SECAR CONCENTRADO LOTUS TAILANDIA 120ML,1999.0,24420.57
AMACIANTE DILUIDO SEMPRE VIVA LAVANDA 2L,3528.0,24405.07
ALVEJANTE BRILUX MULTI 500ML,9140.0,24401.57
AGUA SANITARIA CHEMIX 5L,2302.0,24396.26
DESENGORDURANTE DIABO VERDE 500ML,2178.33333,24389.33
SABAO LIQUIDO MAXPOL 5L,1397.0,24346.82
DETERGENTE LIQUIDO JUA COCO 500ML,11806.0,24310.63
DESINFETANTE ECONOMICO PINHO 1L,5669.0,24304.15
DESENGORDURANTE LIMPOL SPRAY 500ML,1406.0,24300.25
ALVEJANTE SAIF SEM CLORO MAIS BRANCO EM SACHE 500ML,3166.0,24297.0
SABAO LIQUIDO APYCE SUPERACAO 800ML,3896.0,24271.61
DESINFETANTE ZUPP CHA DE FRESCOR 2L,3646.0,24248.34
ALVEJANTE SEMPRE VIVA 1L,1888.0,24234.39
SABAO LIQUIDO OLA DELICADAS LAVANDA 1L,873.0,24212.88
AMACIANTE CONCENTRADO CASAFLOR PURA TERNURA 500ML,2187.0,24212.48
DESINFETANTE SANOL LAVANDA 500ML,5478.0,24164.83
SABAO LIQUIDO AQUAFAST LAVAGEM RAPIDA TOTAL CLEAN 1L,2111.0,24160.57
DESINFETANTE MEU LAR SENSITIVE 2L,4043.0,24152.87
LIMPADOR MULTIUSO ZAB LAVANDA 1L,3682.0,24148.76
LIMPADOR MULTIUSO BRILUX LIMAO SQUEEZE 500ML,4799.0,24112.33
DETERGENTE LIQUIDO ZAVASKI COCO 500ML,12367.0,24111.03
LIMPADOR PERFUMADO CASAFLOR GLAMOUR 500ML,5212.0,24104.68
SABAO EM PO ALPES VIDA 800G,3842.0,24100.32
LIMPADOR PET UAU AU NEUTRALIZADOR DE ORES TRADICIONAL 2L,1223.0,24016.81
AMACIANTE DILUIDO GOTA LIMPA PAIXAO 5L,1435.0,24007.76
LIMPADOR ESSENCIA AROMASIL ORQUIDEA NEGRA 140ML,2661.0,24001.58
AMACIANTE CONCENTRADO URCA MAGIA DA PAIXAO VERMELHO 1L,2006.0,23997.88
DESINFETANTE INSPIRA ANTIMOFO 500ML,1181.0,23982.94
AMACIANTE DILUIDO PLUSH EXOTIC 2L,2910.0,23978.73
LIMPEZA PESADA SOL DESENTUPIDOR C/SODA CAUSTICA 300G,1523.0,23952.95
DETERGENTE LIQUIDO ALPES CLEAR 500ML,10981.0,23917.06
DESINFETANTE BRILHA SUL PINHO 5L,1975.0,23914.01
AMACIANTE CONCENTRADO QUASAR BRISA AZUL 3L,2130.0,23909.96
AGUA SANITARIA MONTELAGOS FRASCO 1L,8085.0,23909.21
AMACIANTE DILUIDO KI JOIA LAVANDA 2L,3420.0,23904.69
DESINFETANTE ATOL SPRAY CIRANDA DE CHEIROS 90ML,4837.0,23902.77
AMACIANTE CONCENTRADO DOWNY FRESCOR DA PRIMAVERA 12X500ML,188.0,23894.64
ALVEJANTE NUTRILAR SEM CLORO FRESH 1L,4167.0,23856.63
DESINFETANTE AZULIM NEON 1L,4368.0,23835.78
LAVA ROUPA OMO 3LI,657.0,23834.98
LIMPADOR DE VIDRO MR MUSCULO SQUEEZE 500ML,1803.0,23819.66
DESINFETANTE JUA FLORAL 1L,6797.0,23807.26
LIMPADOR MULTIUSO AZULIM BACTERICIDA SQZ 500ML,6541.0,23791.45
SABAO LIQUIDO LIMPA MIL VERSATIL 3L,1974.0,23783.84
"CLORO GENCO GRANULADO MULTIPLA ACAO 2,5K",265.0,23771.29
DESINFETANTE MARINA MARINE 2L,4295.0,23769.82
DESINFETANTE AZULIM PERFUMADO ABSOLUTTE 1L,4432.0,23754.51
LIMPADOR PERFUMADO CASAFLOR BRASILIDADES CAJU 1.75ML,1987.0,23749.81
ALVEJANTE SAIF SEM CLORO 1L,2266.0,23744.77
AMACIANTE CONCENTRADO GUIMARAES LAVANDA BLANC 1L,1733.0,23728.74
DESINFETANTE SUPER GLOBO PINHO ORIGINAL 2L,2480.0,23716.51
AGUA SANITARIA ILUSTRE GF 2L,4754.0,23664.93
AMACIANTE DILUIDO QBOA MACIEZ COM TERNURA 2L,3924.0,23645.0
DETERGENTE LIQUIDO ATOL MACA 2L,2706.0,23642.1
DET PO OMO 1KG MULTIACAO,1890.0,23598.22
SABAO EM PO OESTE LAVANDA 1KG,4282.0,23594.04
LIMPADOR MULTIUSO RODABRILL KIT LIMPA TELAS 100ML,934.0,23569.11
LIMPADOR ESSENCIA NOGUEIRA EUCALIPTO 125ML,2669.0,23550.07
LIMPADOR ESSENCIA KALIPTO OLEO HORTELA E LIMAO 120ML,1855.0,23550.01
DETERGENTE LIQUIDO DRAGAO MACA 500ML,14110.0,23428.91
AMACIANTE CONCENTRADO ASSIM LIRIO FRAMBOESA 500ML,2849.0,23418.05
AGUA SANITARIA ISABEL 1L,14240.0,23407.12
AMACIANTE DILUIDO PROEZA SENSACAO 2L,4536.0,23375.42
AMACIANTE DILUIDO BELEM 5L,1304.0,23351.15
LIMPEZA PESADA PINHO SOL ORIGINAL 1L,1212.0,23345.93
DESINFETANTE SANOL PINHO ORIGINAL 1L,3121.0,23337.13
DESINFETANTE TRIEX EUCALIPTO 5L,1733.0,23310.57
SABAO LIQUIDO MARILUX SPORT ACTION 3L,1862.0,23288.34
DETERGENTE LIQUIDO YPE ANTIBAC CONCENTRADO 416G,2615.0,23270.79
LIMPADOR MULTIUSO AZULIM LARANJA SQZ 500ML,6371.0,23245.68
AGUA SANITARIA MIALA BRANCA 1L,13157.0,23238.08
LIMPADOR PISCINA AQUAPOL CLORO 200G,2306.0,23205.01
DESINFETANTE JUA FLOR DO CAMPO 1L,5034.0,23186.24
SABAO EM PO INVICTO ACTION COCO 800G,2868.0,23185.2
LIMPADOR DE VIDRO FACILLE CRISTAL GATILHO 500ML,1328.0,23173.72
AGUA SANITARIA BRILUX LV1L PG800ML 1L,8739.0,23160.79
AGUA SANITARIA CRISTAL VERDE 5L,1700.0,23157.49
AMACIANTE DILUIDO ECOVIDA CONFORT 3L,2312.0,23153.08
DESINFETANTE ECONOMICO LAVANDA 5L,1161.0,23149.38
SABAO EM PO TIXAN YPE MACIEZ SC 20X800G,123.0,23146.74
DETERGENTE LIQUIDO AQUAFAST LIMAO 500ML,9980.0,23142.03
DETERGENTE LIQUIDO LIMPADUA NEUTRO 500ML,11854.0,23138.38
ALVEJANTE ESTRELA SEM CLORO 1L,2714.0,23122.32
AMACIANTE CONCENTRADO TAKLIM 1L,1645.0,23113.06
SABAO LIQUIDO GEO TRADICIONAL 3L,791.0,23106.56
DETERGENTE LIQUIDO UNOLAR NEUTRO 5L,1599.0,23104.95
SABAO LIQUIDO BARBAREX 5L,818.0,23076.89
LIMPADOR ESSENCIA SAIF CONCENTRADO BAMBU 120ML,2125.0,23057.4
LIMPADOR MULTIUSO AROMASIL ESSENCIA GRATIDAO 140ML,2471.0,23056.22
SABAO LIQUIDO BRILHA SUL GLICERINA 5L,855.0,23037.0
LIMPEZA PESADA ESTRELA LIMPA PEDRAS 2L,1383.0,23033.48
REMOVEDOR ZULU PERFUMADO 450ML,1302.0,23018.14
LIMPADOR PERFUMADO AZULIM PAIXAO 1L,3074.0,23003.39
LIMPEZA PESADA BRANMIX ACIDO MURIATICO 1L,3171.0,22999.08
DESINFETANTE UAU ANTIBAC LAVANDA/ROSAS 2L,2291.0,22945.46
DESINFETANTE ATOL SPRAY CORDEL DE FLORES 90ML,4506.0,22899.92
DESINFETANTE ECONOMICO LAVANDA 500ML,8515.0,22875.14
"AMACIANTE CONCENTRADO URCA FLORAL 1,5L",1662.0,22859.96
SABAO EM PO ALA LIMAO E BICARBONATO 800G,2875.0,22834.75
DESINFETANTE BRANMIX CREOLINA 500ML,1367.0,22805.61
LIMPADOR ESSENCIA KALIPTO OLEO CITRONELA 120ML,1801.0,22805.17
LIMPADOR PERFUMADO AQUAFAST ESSENCIA NATURAL 1L,2921.0,22791.22
AGUA SANITARIA DULAGO 1L,12922.0,22790.94
AMACIANTE CONCENTRADO URCA BRISA DA MANHA 1L,1859.0,22790.74
LIMPADOR PERFUMADO AROMASIL ORQUIDEA NEGRA 1L,2836.0,22788.38
DESINFETANTE DRAGAO FLORAL 1L,6735.0,22788.16
DETERGENTE LIQUIDO GIRANDO SOL LIMAO 2L,2247.5,22780.95
AGUA SANITARIA EDILIMP 1L,11689.0,22778.83
DESINFETANTE AZULIM EUCALIPTO DILUIVEL 140ML,2339.0,22763.12
DESINFETANTE Q LAR PINHO 5L,1987.0,22749.81
DESINFETANTE PET FREEDOG LIMPA CANIL 2L,655.0,22713.43
LIMPADOR PERFUMADO QUASAR FLORAL 2L,3676.0,22711.5
SABAO LIQUIDO ISIS POWER BLUE PREM 3L,2026.0,22698.72
LIMPADOR ESSENCIA CONC POLITRIZ EUCALIPTO LAVANDA 140ML,2125.0,22691.66
LIMPADOR MULTIUSO TRIEX FRUTAS VERM ELHAS 500ML,6876.0,22680.99
LIMPADOR PERFUMADO CASA E PERFUME SENSUALIDADE 12X500ML,479.0,22660.42
DESINFETANTE LIMPBRAS FLORAL 5L,1492.0,22642.18
AMACIANTE CONCENTRADO GOTA LIMPA MAGIA 1L,2029.0,22624.74
LIMPADOR PERFUMADO QUASAR LAVANDA 1L,3979.0,22569.81
ALVEJANTE MARINA SEM CLORO 2L,1548.0,22555.64
DESINFETANTE OESTE EUCALIPTO 2L,3986.0,22555.56
LIMPADOR PERFUMADO GIRANDO SOL PODER DO OCEANO 2L,1468.0,22549.68
REMOVEDOR KIN LIMP LAVANDA 500ML,2153.0,22537.1
AMACIANTE DILUIDO MARINA PRAZER 2L,3186.0,22528.34
AGUA SANITARIA REALY 2L,3259.0,22492.85
DESINFETANTE KALIPTO LAVANDA 5L,963.0,22492.76
LIMPADOR PERFUMADO YPE JARDIM SECRETO GALAO 7L,598.0,22491.02
LIMPADOR PERFUMADO SANOL JASMINE 500ML,4279.0,22477.18
DESINFETANTE GIRANDO SOL EUCALIPTO 3L,1777.0,22475.67
DESINFETANTE AZULIM WAVE 2L,2449.0,22475.24
DETERGENTE LIQUIDO ECONOMICO NEUTRO 5L,965.0,22429.89
AMACIANTE CONCENTRADO YPE GREEN 1L,1295.0,22425.18
ELIMINADOR DE ODORES PET PROCAO FLOWER  2L,1092.0,22407.13
DETERGENTE LIQUIDO QUASAR QUASAR 2L,3048.0,22392.69
AMACIANTE DILUIDO ORIENTAL CARINHO 2L,2963.928,22372.4
AMACIANTE DILUIDO BARBAREX BLUE 2L,3207.0,22372.08
LIMPADOR ESSENCIA TRIEX EUCALIPTO 140ML,3047.0,22358.07
LIMPADOR ESSENCIA SECAR CONCENTRADO LIRIO FINLANDIA 120ML,1864.0,22349.56
LIMPADOR ESSENCIA GLADE EUCALIPTO 120ML,1547.0,22341.8
LIMPADOR ESSENCIA KALIPTO OLEO LARANAJA E MACA 120ML,1753.0,22335.49
LIMPADOR PERFUMADO URCA MOMENTO ENERGIZANTE 1L,3138.0,22328.91
SABAO EM PO OESTE MAX PERFORMANCE 1KG,4103.0,22327.05
DESINFETANTE ATRIUS EUCALIPTO 5L,1916.0,22305.37
AMACIANTE DILUIDO BARBAREX BLUE PET 5L,1499.0,22283.64
SABAO LIQUIDO BRILHANTE LIMPEZA TOTAL 4X3L,273.0,22263.0
LIMPADOR PERFUMADO AZULIM GEL CONCEN LAVANDA 500G,2462.0,22240.14
DETERGENTE LIQUIDO AQUAFAST LIMAO 1L,4807.0,22222.87
DESINFETANTE TRIEX USO GERAL ESSENCIA PERFUMADA TALCO 120ML,3037.0,22220.22
SABAO EM PO ABSOLUTO COCO 400G,13039.0,22213.18
SABAO LIQUIDO NUTRILAR TERNURA 1L,2057.0,22192.3
AMACIANTE DILUIDO GOTA LIMPA ENCANTO FLORAL 2L,2938.0,22187.82
TIRA MANCHAS TIXAN YPE GEL ROUPAS BRANCAS SQ 462G,1969.0,22053.93
DESINFETANTE GUARANI LAVANDA 2L,3557.0,22042.31
DESINFETANTE ZAB CITRUS 2L,2710.0,22038.97
LIMPADOR MULTIUSO FACILLE LARANJA SPRAY P500ML L550ML,5804.0,22030.57
ALVEJANTE LAVA BEM SEM CLORO 1L,3345.0,21994.23
DETERGENTE LIQUIDO GOTA LIMPA CRISTAL 5L,1192.0,21973.53
AGUA SANITARIA ATILA 2L,4839.0,21970.42
SABAO LIQUIDO APYCE LIMPEZA PROFUNDA 800ML,3552.0,21961.59
LIMPADOR MULTIUSO AZULIM MAIS PERFUMES 3X500ML,1993.0,21960.37
DESINFETANTE LYSOFORM CLORO GEL ORIGINAL SQUEEZE 500ML,1320.0,21949.88
CLORO PRO WATER VERDE 1L,3912.0,21929.49
DESENGORDURANTE SAIF LIMPA GRELHAS/CHURRASQ C/GATILHO 300ML,1346.0,21912.71
DESINFETANTE KI JOIA NATUREZA 2L,4064.0,21904.1
AMACIANTE DILUIDO GUARANI CELESTE 2L,2985.0,21878.88
AGUA SANITARIA SOL 5L,1666.0,21865.78
DESINFETANTE DRAGAO PINHO 2L,3337.0,21863.96
SABAO LIQUIDO EDILIMP CLASSIC 2L,1678.0,21810.37
ALGICIDA PARA PISCINA PREVINE AGUA VERDE 1 LITRO HTH,708.0,21741.28
SABAO LIQUIDO SOFT PLUS TOPAZIO 1L,1622.0,21690.32
AGUA SANITARIA TA BOA 5L,1816.0,21690.21
LIMPADOR PERFUMADO FACILLE LAVANDA 1L,3031.0,21678.56
"LIMPADOR PERFUMADO TRIEX 1,75L",2190.0,21660.36
LIMPADOR ESSENCIA KALIPTO OLEO FLORAL E TALCO 120ML,1705.0,21623.49
LIMPADOR MULTIUSO TUDO LIMAO SQUEEZE 500ML,6346.0,21609.0
DETERGENTE LIQUIDO Q LAR NEUTRO 5L,1298.0,21605.96
SABAO LIQUIDO SURF LAVANDA 7L,396.0,21587.78
LIMPADOR MULTIUSO BRILUX MUSO LAVANDA SPRAY 500ML,4305.0,21587.73
DESINFETANTE GIRANDO SOL PINHO 3L,1721.0,21580.9
DESINFETANTE JUA LIMAO 1L,6061.0,21578.23
LIMPADOR MULTIUSO DRAGAO CLASSIC 500ML,5471.0,21542.47
DESINFETANTE BRILHA SUL PINHO 2L,3395.0,21540.43
"AGUA SANITARIA BRILUX LV2L PG1,8L 6X2L",545.0,21539.92
SABAO EM PO COQUEL BB POTENCIA 800G,1822.0,21516.17
DETERGENTE LIQUIDO ESFRELUX CLEAR 500ML,10652.0,21506.11
LIMPADOR DE VIDRO SANILUX LIMP BOX 300ML,1354.0,21499.06
DESINFETANTE MEU LAR NATURE 1L,6214.0,21497.16
AMACIANTE CONCENTRADO YPE BLUE LV1L PG850ML 1L,1401.0,21494.2
ALVEJANTE SUPER CANDIDA FLORAL 1L,3772.0,21491.39
SABAO LIQUIDO COQUEL LAVANDA 500ML,1682.0,21488.5
LIMPADOR ESSENCIA SAIF LIMAO SICILIANO 120ML,1991.0,21459.57
DETERGENTE LIQUIDO YPE MACA 24X500ML,426.0,21451.58
AMACIANTE DILUIDO SOFT PLUS TALCO 2L,2602.0,21396.38
LIMPADOR PERFUMADO CASA E PERFUME AGRADABLE 12X500ML,446.0,21363.17
SABAO LIQUIDO GLOBAL MAX CLASSIC 2L,2151.0,21359.06
LIMP PERF COALA50,4387.0,21349.53
SABAO LIQUIDO POLIAL COCO TROPICAL 3L,1253.0,21333.89
DESENGORDURANTE TRIEX COZINHA 500ML,4508.0,21330.94
LIMPADOR PERFUMADO MAX CHEIRO 100ML,6195.0,21306.75
ALVEJANTE CANDURA LAVANDA 2L,2781.0,21261.15
AGUA SANITARIA CLARINA 2L,3551.0,21261.1
LIMPEZA PESADA AJAX CONCENTRADO FRESH 1750ML,796.0,21228.88
DESINFETANTE SANOL CLOROGEL ORIGINAL 700ML,1487.0,21224.57
DESINFETANTE BARRA PINHO FLORAL 500ML,6295.0,21220.5
CLORO ZAVASKI 2L,1717.0,21219.48
DETERGENTE LIQUIDO RADIANTE MACA 500ML,12749.0,21208.1
DETERGENTE LIQUIDO RADIANTE COCO 500ML,12858.0,21171.08
LIMPADOR MULTIUSO TUDO FLORAL SQUEEZE 500ML,6358.0,21160.1
SABAO LIQUIDO EXIGENTE EXPERT BLUE 3L,985.0,21151.81
SABAO EM PO GUARANI LAVANDA 400G,12118.0,21136.78
AMACIANTE CONCENTRADO TUFF LE JARDIM 1L,1481.0,21134.62
AGUA SANITARIA RELAMPAGO LAVANDA 1L,3332.0,21132.61
SABAO LIQUIDO OCEAN CLEAN REALCE PLUS 2L,2815.0,21109.27
LIMPADOR PERFUMADO ZULU LAVANDA 1L,2530.0,21108.26
SABAO EM PO MINUANO COCO 500G,1302.0,21101.51
SABAO EM PO TIXAN YPE PRIMAVERA CX 2KG,1135.0,21097.44
AGUA SANITARIA GBEL 2L,3086.0,21093.71
DESINFETANTE NUTRILAR LAVANDA 1L,5619.0,21082.03
LIMPEZA PESADA OTIMO BRILHO ACIDO MURIATICO VERDE 1L,5552.0,21080.53
AMACIANTE DILUIDO APYCE JASMIM PERF INTENSO ROSA 5L,1635.0,21060.33
AMACIANTE DILUIDO MAIS Q BOM TERNURA  5L,1503.0,21056.1
LIMPADOR PERFUMADO AZULIM ALEGRIA 2L,1566.0,21031.62
AMACIANTE CONCENTRADO FLOM INTENSE MYSTIC BOUQUET 900ML,1227.0,21014.33
ALVEJANTE DRAGAO COM CLORO MULTIUSO 1L,6588.0,21006.37
LIMPADOR ESSENCIA SANOL MISTERIO ARABE 120ML,1888.0,20986.08
SABAO EM PO ALA ROSAS E FLOR DE LIS SACHE 27X400G,234.0,20981.21
AGUA SANITARIA HIPOCLORITO BUTTERFLY DE SODIO 5L,854.0,20958.47
TIRA MANCHA SAIF +BRANCO SEM CLORO 420G,1372.0,20957.86
LIMPADOR PERFUMADO GIRANDO SOL ENCANTOS DA PRIMAVERA 2L,1316.0,20955.11
SABAO EM PO TIXAN YPE PRIMAVERA SC 20X800G,110.0,20938.95
LIMPADOR PISCINA BEL FLUTUADOR DE CLORO TIPO MARGARIDA 1UN,778.0,20932.57
"SABAO EM PO LIMPADUA MULTIAÇÃO 1,6KG",1701.0,20926.96
"DESINFETANTE VIDA ENCANTO DAS FLORES 1,5L",4935.0,20911.3
AMACIANTE DILUIDO QBEL CLASSIC AZUL 5L,1327.0,20900.57
LIMPADOR PERFUMADO BRINORT ROMANCE 2L,3378.0,20894.35
SABAO EM PO GIRANDO SOL OPTICAL WASH CUIDA PROTEGE 400G,5061.0,20865.34
DESINFETANTE SANTA CLARA LAVANDA 5L,1697.0,20794.55
DESINFETANTE POLILUZ FLORAL 2L,3100.0,20792.54
AGUA SANITARIA YPE FRASCO 12X1L,612.0,20764.24
SABAO EM PO ALPES SACHE 800G,3181.0,20747.03
AMACIANTE CONCENTRADO CASAFLOR DESIRE 500ML,1864.0,20739.5
SABAO LIQUIDO ABSOLUTO COCO 3L,1297.0,20729.18
DESINFETANTE RAJJA FLORAL 2L,3429.0,20713.42
DESINFETANTE MEU LAR SENSITIVE 1L,5842.0,20701.65
LIMPADOR PERFUMADO CASAFLOR SERENE 1.75L,1685.0,20701.25
DESINFETANTE ECO VIDA IGUATEMI 3L,2634.0,20692.22
AGUA SANITARIA CLASSE A 2L,3863.0,20671.78
REMOVEDOR BULL SEM CHEIRO 500ML,918.0,20648.5
DETERGENTE LIQUIDO FACILLE NEUTRO 500ML,9482.0,20637.93
LIMPADOR ESSENCIA CONCENTRADA CASAFLOR LAVANDA 120ML,1703.0,20628.35
LIMPADOR ESSENCIA SANOL EUCALIPTO 120ML,1817.0,20626.06
DESINFETANTE LAVABEM LAVANDA 1L,5633.0,20603.36
LIMP HIDROSAN 10KG PENTA,92.0,20589.36
AMACIANTE DILUIDO ALPES INTENSO 5L,1126.0,20588.45
DETERGENTE LIQUIDO MAIS FAMILIA COCO 500ML,9604.0,20572.63
AMACIANTE DILUIDO GUARANI AMOR ETERNO 2L,2791.0,20572.12
CLORO ZAVASKI 5L,742.0,20571.51
AMACIANTE CONCENTRADO CASAFLOR  VENTOS FLORAIS 500ML,1840.0,20559.67
AMACIANTE CONCENTRADO YPE BLUE LV500ML PG450ML 500ML,2076.0,20539.35
LIMPEZA PESADA QBOA 500ML,3139.0,20504.93
SABAO LIQUIDO BRIFORT CONCENTRADO AZUL 2L,2188.0,20504.72
LIMPEZA PESADA SUPER CANDIDA CLORO GEL ORIGINAL 1L,1582.0,20492.61
DESINFETANTE SANOL PINHO LAVANDA 1L,2762.0,20471.48
LIMPADOR ESSENCIA SANOL ALECRIM 120ML,1824.0,20450.83
AMACIANTE DILUIDO ZAVASKI LAVANDA 2L,2631.0,20447.21
LIMPADOR ESSENCIA AROMASIL ROSAS ROUBADAS 140ML,2155.0,20431.79
DETERGENTE LIQUIDO ALPES MACA 500ML,9249.0,20424.91
SABAO LIQUIDO CANDURA ROUPAS BCA E COLOR COCO E AVELA 3L,1015.0,20422.09
"SABAO EM PO SURF CUIDADO DO COCO SC 1,6KG",1198.0,20417.94
DESINFETANTE ORIENTAL TALCO 6X2L,3044.0,20410.39
LIMPADOR ESSENCIA LIMP UP 120ML,2555.0,20406.06
DETERGENTE LIQUIDO DRAGAO LAVA LOUCAS LIMAO 500ML,12123.0,20401.73
DETERGENTE LIQUIDO RAJJA NEUTRO 500ML,11209.0,20390.89
"SABAO EM PO AMACITEL ALEGRES ENCANTOS 4,0KG",693.0,20380.93
SABAO EM PO ZUPP 800G,2801.0,20368.01
LIMPADOR MULTIUSO BARRA FRESH SPRAY 500ML,8340.0,20366.51
AMACIANTE DILUIDO TUFF PLUS CELESTE AZUL 3L,1255.0,20364.36
DETERGENTE LIQUIDO TEIU NEUTRO 5L,886.0,20335.04
DETERGENTE LIQUIDO NUTRILAR NEUTRO 500ML,10295.0,20330.85
DETERGENTE LIQUIDO ATOL LIMAO 2L,2261.0,20313.92
SABAO LIQUIDO RUTH CARE DE COCO 1L,1495.0,20307.12
LIMPADOR DE VIDRO FACILLE TRADICIONAL 550ML,2841.0,20294.07
DESINFETANTE GUIMARAES FLORAL 2L,2381.0,20288.65
DESINFETANTE AQUAFAST 1L,1240.0,20286.07
DESINFETANTE GIRANDO SOL JASMIM 3L,1596.0,20279.22
SABAO EM PO ATOL ENCANTOS DA LAVANDA SC 500G,7070.0,20278.94
SABAO LIQUIDO AQUA PLUS AMO 5L,1048.0,20275.55
AGUA SANITARIA DA ILHA 12X1L,918.0,20269.75
LIMPADOR PERFUMADO AZULIM ALEGRIA 500ML,3902.0,20243.4
DESINFETANTE BRANMIX EUCALIPTO LT 1L,1950.0,20242.19
ALVEJANTE SUAVE LAR SEM CLORO 2L,1552.0,20240.24
DESINFETANTE PINHO ALPES PINHO 2L,2900.0,20239.66
DESINFETANTE MINUANO FLORAL 2L,2147.0,20236.91
AGUA SANITARIA VITRAL GALAO 5L,1466.0,20233.42
SABAO LIQUIDO LAVANDEIRA TRADICIONAL 3000ML,1879.0,20218.53
DESINFETANTE JUA HERBAL 2L,2256.0,20210.19
DESINFETANTE BARBAREX VIOLEX 2L,3441.0,20166.57
DESINFETANTE ZAVASKI LAVANDA 2L,2521.0,20142.62
CLORO MONTELAGOS 2L,2656.0,20122.73
DESINFETANTE AROMASIL HORTIFRUTICOLA 300ML,2688.0,20114.0
DETERGENTE LIQUIDO ZUPP ORQUIDEA 500ML,11212.0,20093.28
LIMPEZA PESADA AJAX FRESH POWER 1L,1149.0,20091.27
DESINFETANTE SANTA CLARA HERBAL 2L,3568.0,20084.18
SABAO LIQUIDO ZAB COCO 3L,908.0,20082.07
AGUA SANITARIA SUPER KILEVE 2L,4353.0,20063.69
LIMPADOR DE VIDRO SAIF GATILHO 500ML,1224.0,20060.0
SABAO LIQUIDO SOFT PLUS TOPAZIO 5L,418.0,20057.87
DESINFETANTE REMMUS AMAZON 2L,2946.0,20054.02
DESINFETANTE ALPES LAVANDA 5L,1269.0,20051.47
AMACIANTE DILUIDO BRILHA SUL AZUL FRESH  2L,1502.0,20018.26
CLORO MAIS 2L,2681.0,20005.16
DESINFETANTE RAJJA ALFAZEMA 2L,3303.0,19987.87
AMACIANTE DILUIDO TEIU BRANCO HARMONIA FRASCO 2L,2047.0,19980.19
DESINFETANTE BRINORT PINHO 2L,3541.0,19972.97
LIMPADOR ESSENCIA SANOL CITRONELA 120ML,1746.3,19954.3
DESINFETANTE OLIMPO FLORAL 2L,2272.0,19936.96
AGUA SANITARIA NUTRILAR 2L,3696.0,19926.75
LIMPADOR PERFUMADO BRINORT 2L,2898.0,19922.99
AMACIANTE DILUIDO GUIMARAES FOFURA BRANCO 2L,2646.0,19912.07
DESENGORDURANTE MR MUSCULO PLATINUM COZ LARANJA REFIL 400ML,1467.0,19902.46
DETERGENTE LIQUIDO TANLUX NEUTRO 500ML,13586.0,19896.45
LAVA ROUPAS OMO LAVAG 800G GTS100G,1620.0,19885.73
SABAO LIQUIDO TOP CLEAN CONCENTRADO LAVANDA 2L,2627.0,19869.68
DESINFETANTE LAVABEM FLORAL 1L,5378.0,19824.13
LIMPADOR MULTIUSO AZULIM C/ALCOOL SQZ 500ML,5480.0,19809.35
SABAO EM PO SURF CUIDADO DO COCO 800G,2081.0,19797.34
"CLORO PARA PISCINA WEEKEND 2,4KG",266.0,19795.21
SABAO LIQUIDO ARES ACTION GREEN 5L,885.0,19793.89
AMACIANTE DILUIDO STILL ACONCHEGO 5L,1555.0,19787.59
ALVEJANTE CATARINA SEM CLORO 5L,805.0,19782.41
SABAO EM PO TUDO 1.6KG,1457.0,19782.37
DETERGENTE LIQUIDO MAIS FAMILIA MACA 500ML,9394.0,19773.1
DETERGENTE LIQUIDO RAJJA CLEAR 500ML,11019.0,19769.71
AGUA SANITARIA DACLOR 5L,1493.0,19768.67
DETERGENTE LIQUIDO AQUAFAST COCO 500ML,8718.0,19743.91
LIMPADOR PERFUMADO AZULIM CARINHO 500ML,3825.0,19726.15
AMACIANTE CONCENTRADO APYCE PERFUMADO AZUL 5L,1526.0,19707.34
AGUA SANITARIA ALVEJAX 1L,6857.0,19705.04
SABAO LIQUIDO TUFF ROUPAS FINAS 500ML,1924.0,19704.52
DETERGENTE LIQUIDO POLIAL PISTACHE 500ML,12295.0,19704.1
TIRA MANCHA SEMORIN MAXI 100ML,1199.0,19682.75
LIMPADOR PERFUMADO CASA PERFUMADA FLOR DE LOTUS 1L,3030.0,19678.96
AMACIANTE CONCENTRADO NATURESSE PESSEGO E BAUNILHA 1L,1565.0,19669.04
ALVEJANTE SEMPRE VIVA SEM CLORO 1L,1516.0,19658.16
DESINFETANTE SANOL FORCA BRUTA ORIGINAL 1L,1842.0,19628.52
DESINFETANTE BARRA PINHO CAMPESTRE 500ML,5882.0,19611.21
AGUA SANITARIA CLARIX 2L,3233.0,19593.14
DETERGENTE LIQUIDO ATOL NEUTRO 5L,951.0,19581.06
CLORO LERTOFF 2L,1778.0,19515.17
DESINFETANTE GUARANI VIOLETA 2L,3107.0,19512.31
AGUA SANITARIA GIRANDO SOL BRANCA 2L,2917.0,19508.99
DESINFETANTE LEVE BASE 200ML,5067.0,19498.95
LIMPADOR PERFUMADO AJAX FESTA DAS FLORES MENTA E ORQUIDEA 1L,1593.0,19492.47
DETERGENTE LIQUIDO GEO CLEAR 500ML,10493.0,19488.74
SABAO LIQUIDO DU REI TRADICIONAL 3L,1708.0,19479.92
DESINFETANTE ECONOMICO MARINE 2L,2397.0,19478.69
AMACIANTE DILUIDO OESTE FLORAL 2L,2651.0,19472.29
DETERGENTE LIQUIDO ORIENTAL NEUTRO 500ML,12309.74,19444.34
DESINFETANTE ECONOMICO PINHO 2L,2320.0,19437.84
DETERGENTE LIQUIDO AQUAFAST MACA 500ML,8610.0,19433.5
DESINFETANTE OESTE EUCALIPTO 5L,1585.0,19412.41
LIMPADOR ESSENCIA ZULU ALGODAO 120ML,2376.0,19363.17
SABAO EM PO TIXAN YPE SACHE PRIMA AZUL 400G,4284.0,19354.92
LIMPADOR PERFUMADO CASAFLOR BRASILIDADES GRAVIOLA 1L,2526.0,19351.82
AMACIANTE DILUIDO KIMAFLOR AROMAS DO CAMPO 5L,1334.0,19340.45
DETERGENTE LIQUIDO LAVA BEM NEUTRO 500ML,10626.0,19339.55
AGUA SANITARIA EPORT GF 2L,2778.0,19330.16
AMACIANTE DILUIDO BRILHA SUL ROSA 5L,1682.0,19329.92
SABAO LIQUIDO INVICTO ACTION SUPERACAO 1L,1740.0,19328.57
ALVEJANTE CLASSIC PINK 2L,1235.0,19302.64
AMACIANTE DILUIDO TRIEX AMARELO 2L,2965.0,19301.77
DESINFETANTE ZAB FLORAL PINHO GEL 1L,2959.0,19294.6
LIMPADOR MULTIUSO ZUPP POWER TRADICIONAL 500ML,4576.0,19286.95
SABAO LIQUIDO AQUAFAST LAVAGEM RAPIDA FRESH CLEAN 1L,1680.0,19281.47
ALVEJANTE SANTO BRILHO LIQUIDO SEM CLORO 2L,1612.0,19242.83
DESINFETANTE MAGICO LAVANDA 2L,1494.0,19240.03
DETERGENTE LIQUIDO LAVA BEM LIMAO 500ML,10633.0,19238.17
SABAO LIQUIDO GUARANI TRADICIONAL 5L,629.0,19216.62
LIMPADOR PERFUMADO URCA MOMENTO RELAXANTE 500ML,3726.0,19192.08
SABAO LIQUIDO SOFT PLUS BABY 500ML,1543.0,19188.78
LIMPADOR PERFUMADO CASA E PERFUME AMABLE PG900ML LV1L 1L,1972.0,19186.84
DESINFETANTE OESTE PINHO 2L,3241.0,19173.88
DESINFETANTE DRAGAO LAVANDA 5L,1466.0,19173.12
SABAO LIQUIDO POLLUX TRADICIONAL 3L,1503.0,19121.17
DESINFETANTE BUFALO PINHO MARINE 2L,3275.0,19116.37
LIMPADOR PERFUMADO AZULIM CARINHO 2L,1410.0,19104.86
AMACIANTE DILUIDO QUASAR BRISA 2L,2608.0,19103.76
DETERGENTE LIQUIDO LAVA BEM COCO 500ML,10627.0,19100.88
SABAO LIQUIDO MAIS Q BOM PERF 2L,1473.0,19084.75
AGUA SANITARIA REAL LIMP 2L,2186.0,19082.49
AMACIANTE CONCENTRADO DOWNY BRISA INTENSO 12X500ML,156.0,19079.54
DETERGENTE LIQUIDO LAVA BEM MACA 500ML,10620.0,19054.3
SABAO EM PO TIXAN YPE MACIEZ CX 2KG,1013.0,19048.67
LIMPEZA PESADA SOL LIMPA FORNO DESINCRUSTANTE 230G,1518.0,19033.44
LIMPADOR MULTIUSO AUDAX FACILITA LAVANDA SPRAY 500ML,5878.0,19015.77
REMOVEDOR PERFECTO REMOVEX 2LT PORC,584.0,18986.1
LIMPADOR MULTIUSO PINGO MAGICO FLOTADOR 1L,1090.0,18973.65
DETERGENTE LIQUIDO RADIANTE LIMAO 500ML,11481.0,18959.62
AMACIANTE DILUIDO SOFT PLUS ALECRIM 2L,2302.0,18955.67
AMACIANTE DILUIDO ENVOLV CHUVA DE ALEGRIA 5L,1294.0,18932.56
AMACIANTE CONCENTRADO MINUANO DOCE SEDUÇAO 500ML,1933.0,18909.75
CLORO CLORAL GALAO 5L,1178.0,18902.71
"AMACIANTE DILUIDO BABY SOFT TOQUE DE CARINHO L2P1,8L 2L",2399.0,18892.95
REMOVEDOR MULTISSUPERFICIES ZULU 900ML,1825.0,18890.86
SABAO EM PO SACHE UZZILIM LAVANDA 1KG,2886.0,18832.33
AMACIANTE CONCENTRADO BUFALO VENTO DAS MONCOES 2L,1543.0,18829.39
SABAO LIQUIDO NOVA AURORA 2L,1509.0,18825.63
AMACIANTE DILUIDO ZAVASKI AMOR AZUL 2L,685.0,18811.02
DESINFETANTE NUTRILAR FLORAL 1L,5025.0,18779.67
LIMPADOR DE VIDRO SANTO BRILHO GATILHO 500ML,3236.0,18767.62
SABAO LIQUIDO DRAGAO COCO 1L,2245.0,18747.38
DETERGENTE LIQUIDO ESPUMIL NEUTRO 500ML,11921.0,18735.3
TIRA MANCHA SAIF SEM CLORO 2X500ML + LIMPA MAQUINA 80G,1306.0,18698.04
TIRA MANCHA VANISH SUPER BARRA WHITE+PINK 150G,1249.0,18681.21
LIMPADOR ESSENCIA CONCENTRADA CASAFLOR DESIRE 120ML,1487.0,18664.63
ALVEJANTE ZAB SEM CLORO 1L,2705.0,18652.89
AGUA SANITARIA FC AMARELA 2L,4611.0,18651.86
SABAO LIQUIDO ZAVASKI GLICERINA 3L,863.0,18599.91
SABAO LIQUIDO POLIAL BEM ESTAR 3L,1108.0,18596.37
AMACIANTE DILUIDO ROUPA E CARINHO 2L,3006.0,18596.15
AGUA SANITARIA CRISTAL 2L,2608.0,18577.07
CLORO GRANULADO HTH BALDE 10KG,58.0,18570.67
AGUA SANITARIA MINHA CASA 1L,7853.0,18547.9
SABAO LIQUIDO WOOLITE PRETO 450ML,515.0,18540.46
AMACIANTE DILUIDO YPE ACONCHEGO 24X500ML 12L,283.0,18528.04
AMACIANTE DILUIDO GIRANDO SOL ROSA 500ML,4138.0,18513.74
LIMPADOR PERFUMADO AZULIM TERNURA 1L,2388.0,18501.3
AMACIANTE DILUIDO ECONOMICO SOFT ROSE 2L,2266.0,18496.94
ALVEJANTE SILVA SEM CLORO 5L,948.0,18460.24
AGUA SANITARIA KINTANA GALAO 5L,1311.0,18450.42
"OMO SABAO EM PO SANIT&HIG SC 2,4KG",484.0,18447.16
LIMPADOR ESSENCIA CONCENTRADA CASAFLOR ALGODAO 120ML,1531.0,18444.29
LIMPEZA PESADA ZUPP LIMPA PEDRAS 2L,1050.0,18441.63
SABAO LIQUIDO QUASAR 2L,1515.0,18414.36
LIMPADOR ESSENCIA CONCENTRADA CASAFLOR INTUITIVE 120ML,1496.0,18408.35
DESINFETANTE BRILHA SUL JASMIM 2L,2936.0,18405.73
DETERGENTE LIQUIDO ALPES LIMAO 500ML,8441.0,18380.32
DESINFETANTE APYCE PINHO 2L,3159.0,18370.56
LIMPADOR ESSENCIA MARINA EUCALIPTO 140ML,2234.0,18362.45
LIMPADOR ESSENCIA AROMASIL ORQUIDEA BRANCA 140ML,1976.0,18357.99
AGUA SANITARIA D FLORES 5L,1964.0,18357.13
CLORO CLASSIC 2L EX,2121.0,18350.56
DETERGENTE LIQUIDO AQUAFAST MACA 1L,4014.0,18349.82
DESENGORDURANTE SUPREMA SQUEEZ 500ML,3252.0,18329.68
SABAO EM PO SURF LAVANDA 5EM1 SC 800G,1894.0,18329.31
LIMPADOR ESSENCIA CONCEN POLITRIZ EUCALIPTO MARINE 140ML,1678.0,18321.33
CLORO DACLOR PURO 1L,1915.0,18288.54
LIMPADOR MULTIUSO TUDO LARANJA SQUEEZE 500ML,5432.0,18284.08
SABAO LIQUIDO BRILHANTE CONCENTRADO PARA DILUIR 500ML,596.0,18271.65
DESINFETANTE JUA HERBAL 1L,3957.0,18268.61
SABAO LIQUIDO APYCE GLICERINADO 3L,1162.0,18262.49
DESINFETANTE PET PROCAO CLASSIC PLUS LAVANDA 2L,879.0,18261.61
SABAO EM PO TUFF SACHET 800G,2614.0,18240.03
AMACIANTE DILUIDO GOTA LIMPA FASCINO VIOLETA 5L,1100.0,18210.73
LIMPADOR PERFUMADO SANOL ROSE PETALS 500ML,3498.0,18207.44
DESINFETANTE LAVABEM JASMIM 1L,5036.0,18203.51
AGUA SANITARIA PRO WATER VERDE 5L,1498.0,18198.87
AMACIANTE DILUIDO BRILHA SUL AMARELO 2L,3180.0,18179.62
ALVEJANTE TWIM SEM CLORO 5L,909.0,18168.19
AMACIANTE DILUIDO TOPAZIO ACONCHEGO 2L,3641.0,18165.86
AGUA SANITARIA RADIANTE 5L,1687.0,18163.46
DESINFETANTE ULTRALAR PINHO 2L,2742.0,18152.04
LIMPADOR MULTIUSO ALPES PISO 2L,1329.0,18136.99
SABAO LIQUIDO GLOBAL AMAZONIA 2L,1788.0,18135.23
DESINFETANTE BEM TE VI LAVANDA 500ML,5531.0,18126.57
SABAO EM PO TIXAN YPE MACIEZ SC 500G,3386.0,18116.46
DESINFETANTE CLEAN PLUS LAVANDA 5L,881.0,18112.19
"SABAO EM PO COQUEL NATUREZA LIMPA 1,6KG",982.0,18111.54
SABAO LIQUIDO BUFALO ULTRA PREMIUM 2L,1565.0,18108.35
AMACIANTE DILUIDO AMOLIM CONFORTO AZUL 5L,1441.0,18099.66
TIRA MANCHA QUIMIDROL PERCARBONATO DE SODIO SC 1KG,582.0,18081.1
SABAO LIQUIDO SOFT PLUS COCO 500ML,1445.0,18080.68
DESENGORDURANTE SANOL SQUEEZE 500ML,2574.0,18067.68
SABAO LIQUIDO RADIANTE ACAO TOTAL 3L,720.0,18052.03
AGUA SANITARIA ATRIUS CLORO ATIVO 2L,3297.0,18045.97
SABAO EM PO SACHE TOP LIMP 4KG,1028.0,18018.37
"AMACIANTE DILUIDO INVICTO SENSAÇÕES DE BEM ESTAR AZUL 1,8L",1965.0,18016.12
SABAO EM PO UZZILIM FLORES 1KG,2732.0,18015.19
LIMPADOR MULTIUSO BRILUX TERNURA SPRAY 500ML,3593.0,18013.98
LIMPADOR PERFUMADO CASAFLOR CHA BRANCO 3L,817.0,18011.77
LIMPADOR DE VIDRO RODABRILL ANTI EMBACANTE 100ML,1926.0,17987.76
DESINFETANTE MARINA ERVA DOCE 2L,3267.0,17916.43
DETERGENTE LIQUIDO SUPREMA NATURAL CLEAR 5L,857.0,17869.93
SABAO LIQUIDO NOVO REINO CARIBE 2L,1695.0,17860.51
SABAO EM PO BRILHANTE CUIDADO TOTAL 27X400G,132.0,17843.76
REMOVEDOR ZULU 100ML,3576.0,17834.21
DESINFETANTE ZUPP FRESCORLAVANDA 5L,975.0,17819.93
LIMPADOR PERFUMADO AZULIM AMOR 1L,2286.0,17817.39
AGUA SANITARIA CLASSIC 1L,4959.0,17811.94
DESINFETANTE ORIENTAL LAVANDA 1L,4142.32,17799.1
DETERGENTE LIQUIDO ATILA NEUTRO 500ML,10138.0,17754.66
DETERGENTE LIQUIDO ABSOLUTO LIMAO 500ML,11657.0,17754.19
"AMACIANTE CONCENTRADO AQUAFAST MISTERIO 1,5L",935.0,17745.6
FLOC PLUS 2 EM 1 HIDROAZUL 1L,776.0,17744.27
SABAO EM PO BRILUX TRIPLA ACAO 4KG,429.0,17739.14
AMACIANTE CONCENTRADO FLOM TRADICIONAL 500ML,1754.0,17707.89
DETERGENTE LIQUIDO GUIMARAES NEUTRO 5L,906.0,17659.71
DESINFETANTE APYCE JASMIM 2L,2984.0,17645.06
LIMPADOR PERFUMADO CASAFLOR NATURE 500ML,3802.0,17644.98
TIRA MANCHA SAIF SEM CLORO MULTIUSO 1L,1734.0,17629.34
LIMPEZA PESADA START LIMPA REJUNTES 2L,465.0,17612.76
AMACIANTE DILUIDO BRISA COCO E LAVANDA 2L,2201.0,17611.7
LIMPEZA PESADA CASA LIMPA SABAO DE QUEROSENE 1L,1161.0,17581.9
DESINFETANTE APYCE LAVANDA 2L,3046.0,17572.58
ELIMINADOR DE ODORES PET PROCAO MARINE  2L,852.0,17562.42
DETERGENTE LIQUIDO BRILHA SUL NEUTRO 5L,1128.0,17561.57
AMACIANTE CONCENTRADO NATURESSE JASMIM E FRUTAS VERMELHAS 1L,1397.0,17559.13
SABAO LIQUIDO LAVA BEM LAVANDA 1L,2023.0,17555.83
LIMPADOR MULTIUSO BECKER ORIGINAL 500ML,4330.0,17554.04
DETERGENTE LIQUIDO ALPES NEUTRO 1L,3440.0,17531.82
AGUA SANITARIA KINTANA GF 2L,2531.0,17525.76
DETERGENTE LIQUIDO ABSOLUTO NEUTRO 500ML,11399.0,17521.5
DETERGENTE LIQUIDO ABSOLUTO MACA 500ML,11569.0,17516.5
AMACIANTE CONCENTRADO URCA TERNURA BABY 500ML,3712.0,17490.79
DETERGENTE LIQUIDO MARILUX NEUTRO 500ML,10935.0,17485.98
DESINFETANTE ATRIUS LAVANDA 2L,2914.0,17478.82
DESINFETANTE DRAGAO CAMPESTRE 1L,5253.0,17473.72
REMOVEDOR AZULIM 500 FOLHAS GORDUR GRA 500ML,1175.0,17457.23
SABAO LIQUIDO LIMPLUX SABAO LIQUIDO 2L,1942.0,17451.65
SABAO LIQUIDO ORIENTAL MAX ACAO 2L,1290.0,17449.51
LIMPEZA PESADA GUIMARAES DETERGENTE CLORADO 5EM1 5L,536.0,17446.93
LAVA ROUPA LIQ OMO 7L LAVAGEM PERFEITA,223.0,17425.2
TIRA MANCHA SEMORIN WHITE 100ML,1098.0,17422.52
DESINFETANTE PET PROCAO CLASSIC PLUS CITRONELA 2L,858.0,17419.91
LIMPADOR PERFUMADO AROMASIL FLORES DE BAMBU 1L,2050.0,17381.45
AMACIANTE CONCENTRADO RADIANTE PUFF ORQUIDEA NEGRA 2L,2055.0,17381.37
DETERGENTE LIQUIDO BIO BRILHO NEUTRO 500ML,9917.0,17381.0
DETERGENTE LIQUIDO ZAVASKI NEUTRO 5L,827.0,17378.67
LIMPADOR MULTIUSO ALPES LIMPEZA MAGICA FLOTADOR SPRAY 500ML,1758.0,17377.45
DETERGENTE LIQUIDO BIO BRILHO CLEAR 500ML,9975.0,17362.89
TIRA MANCHAS SUPER CANDIDA BRANQUEADOR 500ML,2022.0,17354.28
AMACIANTE CONCENTRADO DOWNY FRESCOR DA PRIMAVERA GALAO 3L,272.0,17341.02
AMACIANTE DILUIDO YPE TERNURA 5L,681.0,17319.8
SABAO LIQUIDO VIDA MACIA 500ML KIT + AMAC 500ML + SH 200ML,487.0,17312.78
SABAO EM PO GUARANI COCO 400G,11467.0,17294.43
SABAO EM PO INVICTO LAVANDA SACHE 400G,4058.0,17274.33
DESENGORDURANTE MR MUSCULO PLATINUM COZ LARANJA AP 500ML,791.0,17248.53
DETERGENTE LIQUIDO NUTRILAR MACA 500ML,8932.0,17246.76
LIMPADOR ESSENCIA MARIANA LAVANDA 140ML,2114.0,17243.88
DESINFETANTE BUFALO EUCALIPTO 750ML,5000.0,17235.98
SABAO EM PO ALA CUIDADO DO COCO 27X400G,201.0,17232.72
LIMPADOR MULTIUSO TRIEX BROTO DE BAMBU 500ML,5138.0,17216.72
DESINFETANTE KI JOIA LEITOSO FLORAL 2L,3266.0,17213.88
AMACIANTE CONCENTRADO RELAMPAGO HAVAI 2L,2621.0,17213.34
AGUA SANITARIA NEGRITA GALAO 5L,1375.0,17160.67
AGUA SANITARIA DULAR 5L,1508.0,17158.4
ALGICIDA MANUTENÇÃO HLC 1LT,781.0,17156.1
DESINFETANTE Q LAR EUCALIPTO 5L,1475.0,17155.45
DESINFETANTE ALPES PINHO LIMAO 2L,2426.0,17150.24
DESINFETANTE SANOL LEITOSO MARINE 500ML,3899.0,17149.34
SABAO LIQUIDO SMELL CLINIL PLUS 5L,916.0,17121.36
LIMPADOR PERFUMADO URCA MOMENTO PURIFICANTE 500ML,3413.0,17101.56
DESINFETANTE PINHO SOL ORIGINAL PG450ML LV500ML 12X500ML,197.0,17094.8
DESINFETANTE DRAGAO EUCALIPTO 2L,2581.0,17093.49
LIMPADOR ESSENCIA AROMATEC LAVANDA 100ML,2029.0,17092.2
DESINFETANTE GUARANI FLORAL 1L,5028.0,17081.47
LIMPADOR ESSENCIA SETE CHA BRANCO 120ML,1418.0,17069.81
DESINFETANTE UFENOL CREOLINA GERMICIDA/BACTERICIDA 750ML,1346.0,17062.56
SABAO PO ALA 1KG CEREJEIRA/LAVAN,2376.0,17057.03
LIMPADOR MULTIUSO AQUAFAST C/ALCOOL LAVANDA 500ML,3635.0,17052.41
SABAO LIQUIDO OESTE PREMIUM CHA BRANCO 5L,460.0,17024.47
SABAO LIQUIDO UNOLAR FLORAL 5L,658.0,17022.56
DESINFETANTE AZULIM DILUIVEL FLORAL 140ML,1725.9998,17001.48
LIMPADOR PERFUMADO CASAFLOR SERENE 1L,2245.0,16970.48
ALVEJANTE SUPER CANDIDA C/CLORO E DETERGENTE PLUS 1L,2991.0,16962.12
AMACIANTE DILUIDO GUIMARAES FLOR DE CEREJEIRA 2L,2261.0,16962.03
DETERGENTE LIQUIDO UNOLAR MACA 5L,1149.0,16954.8
LIMPADOR PERFUMADO UAU LAVANDA E CONFORTO 1L,1700.0,16953.24
"AMACIANTE CONCENTRADO YPE ALQUIMIA INSPIRACAO 1,5L",784.0,16939.37
AGUA SANITARIA CHEMIX FRASCO 2L,3131.0,16916.22
LIMPADOR ESSENCIA SANOL CONC FLOR DE LARANJEIRA 120ML,1539.0,16908.01
DESINFETANTE EDILIMP LAVANDA 2L,2633.0,16905.83
AGUA SANITARIA DESOMAX 2L,3230.0,16897.98
DESINFETANTE GUARANI FLORAL 2L,2668.0,16896.2
DESINFETANTE BRILHA SUL JASMIN 5L,1376.0,16879.49
DETERGENTE LIQUIDO LIMPOL CONCENTRADO CEREJA HIBISCO 400G,2008.5,16870.14
LIMPEZA PESADA DIABO VERDE DESENTUPIDOR BIOLOGICO 150G,398.0,16860.91
LIMPADOR ESSENCIA ZUPP CITRONELA 120ML,1687.0,16851.08
SABAO LIQUIDO FOFURA 5 L,861.0,16807.12
AMACIANTE DILUIDO PARCERIA AZUL ENCANTO 2L,2833.0,16799.0
CLORO LIQUIDO POLILUZ 1L,2624.0,16797.21
DESENGORDURANTE UAU KIT LIMP 500ML 50% DESC 2X500ML,1196.0,16793.4
SABAO LIQUIDO GUARANI ACAO TOTAL 700ML,2654.0,16788.04
SABAO LIQUIDO MAX LAR AZUL FANTASIA 5L,1318.0,16755.8
LIMPADOR DE VIDRO URCA SQUEEZE 500ML,2519.0,16747.36
DESINFETANTE GIOCA MARINE 2L,2317.0,16747.13
DESINFETANTE SUPER GLOBO PINHO LAVANDA 1L,2622.0,16747.09
LIMPADOR ESSENCIA ZUPP EUCALIPTO 120ML,1682.0,16722.47
AGUA SANITARIA LIMPA FACIL 5L,1863.0,16719.27
"ALVEJANTE ZAVASKI SEM CLORO PARA ROUPAS COLORIDAS 1,5L",1173.0,16716.41
DESINFETANTE GOTA LIMPA LAVANDA 500ML,4759.0,16688.8
LIMPADOR DE VIDRO CIF BORRIFADOR LV500ML PG325ML 500ML,999.0,16674.28
AGUA SANITARIA FAZENDA DA ESPERANCA 2L,2946.0,16667.21
DESENGORDURANTE DIABO VERDE LIMPA GRELHA SPRAY 300ML,604.0,16644.36
DESINFETANTE MARINA FLORAL 5L,1369.0,16642.64
DESINFETANTE OLIMPO MARINE 2L,1913.0,16626.63
AGUA SANITARIA CLINEZA 2L,4089.0,16615.52
DESINFETANTE ATRIUS MARINE 5L,1435.0,16609.67
LIMPADOR PERFUMADO ZULU CEREJA 500ML,3356.0,16605.24
DESINFETANTE AZULIM DILUIVEL MARINE 140ML,1661.0,16576.31
LIMPEZA PESADA UAU ALTA PERFORMANCE 500ML,2050.0,16572.0
CLORO HTH BALDE 10X1 10KG GRANULADO,49.0,16562.22
SABAO EM PO BARBAREX 800G,2826.0,16527.48
DESENGORDURANTE BYT S LIMPA AIR FRYER 500ML,1000.0,16525.25
"AMACIANTE DILUIDO BARBAREX BLUE 1,8L",2663.0,16524.81
ALVEJANTE ECONOMICO SEM CLORO 12X1L,195.0,16511.04
ALVEJANTE BARRIGA VERDE SEM CLORO 5L,794.0,16496.14
LIMPADOR MULTIUSO MEGA CAMPESTRE SP 500ML,5104.0,16487.18
"AMACIANTE DILUIDO ZUPP CONFORTO 1,8L",1756.0,16482.5
LIMPADOR PERFUMADO AZULIM PERA INGLESA E FRESIA 1L,2319.0,16482.02
AGUA SANITARIA GEO 1L,4008.0,16445.32
DETERGENTE LIQUIDO ISIS NEUTRO 5L,1465.0,16430.63
SABAO LIQUIDO CANDURA ROUPAS BCA E COLOR COCO E AVELA 5L,537.0,16420.83
SABAO LIQUIDO ZERO A DOIS BABY 500ML,1237.0,16420.8
SABAO EM PO GEO FLORAL 800G,2037.0,16396.12
DETERGENTE LIQUIDO EDILIMP NEUTRO 2L,2572.0,16396.1
SABAO EM PO TIXAN YPE PRIMAVERA CX 500G,2377.0,16392.86
DESINFETANTE ALPES PINHO EUCALIPTO 2L,2393.0,16363.09
DESINFETANTE TAY CLORO USO GERAL 5L,711.0,16354.38
LIMPADOR PET SANOL DOG ELIMINADOR ODORES CITRONELA 2L,838.0,16347.31
DETERGENTE LIQUIDO TANLUX LIMAO 500ML,11337.0,16342.19
ALVEJANTE NUTRILAR WHITE SEM CLORO 1L,2885.0,16338.58
LIMPADOR DE VIDRO GIOCA GATILHO 500ML,1269.0,16318.24
LIMPADOR MULTIUSO AQUAFAST C/BICARBONATO ORIGINAL 500ML,3470.0,16316.36
DETERGENTE LIQUIDO JUA NEUTRO 2L,1991.0,16310.72
CLORO CRYSTAL QUIBENNE 1KG BD,438.0,16307.78
AMACIANTE DILUIDO ALVEJAX AZUL 5L,821.0,16307.55
LIMPADOR MULTIUSO AZULIM CITRONELA SQZ 500ML,4472.0,16280.86
"DESINFETANTE PINHO SOL ORIGINAL 3,8L",381.0,16266.78
SABAO LIQUIDO QUASAR 5L,647.0,16258.89
DETERGENTE LIQUIDO GUARANI LIMAO 5L,920.0,16249.38
LIMPADOR PERFUMADO SANOL GREEN FLOWERS 500ML,3020.0,16240.63
DETERGENTE LIQUIDO UNOLAR LIMAO 5L,1115.0,16231.65
TIRA MANCHA BRILUX EM PO PODER O2 ATIV BRAN LV250 PG230 250G,1129.0,16231.23
DESINFETANTE BRINORT EUCALIPTO 2L,2921.0,16228.35
DESINFETANTE ORIENTAL CAMPESTRE 2L,2445.0,16223.3
DESINFETANTE POLITRIZ LAVANDA 3L,1330.0,16223.01
DETERGENTE LIQUIDO ESFRELUX CAPIM LIMAO 500ML,7971.0,16215.54
SABAO LIQUIDO ZAB LAVA ROUPAS TOQUE DE FRESCOR 1000ML,1907.0,16214.32
"TIRA MANCHA SUPER GLOBO SEM CLORO 1,5L",1100.0,16185.79
AGUA SANITARIA CLORO ATIVO SUPREMA GALAO 5L,974.0,16172.66
"SABAO LIQUIDO INVICTO ACTION LAVANDA 2,7L",589.0,16167.05
DETERGENTE LIQUIDO GEO MACA 500ML,8648.0,16166.79
DESENGORDURANTE VEJA COZINHA LIMAO 30%DESC REFIL KIT 2X400ML,869.0,16161.08
LIMPADOR PERFUMADO BRILUX LAVANDA 2L,813.0,16153.08
AGUA SANITARIA CLOROFINA 1L,3470.0,16148.15
ALVEJANTE TEIU DE LAVANDA 1L,3874.0,16145.81
DETERGENTE LIQUIDO ORIENTAL LIMAO 500ML,10383.279,16141.5
LIMPEZA PESADA ECONOMICO LIMPA PEDRAS 1L,1947.0,16133.92
ALVEJANTE ATRIUS SEM CLORO 5L,774.0,16129.31
DETERGENTE LIQUIDO YPE COCO 24X500ML,295.04150000000004,16127.29
SABAO LIQUIDO CATARINA ALTA PERF 5L,436.0,16127.21
ALVEJANTE TUFF PARA ROUPAS BRANCAS SEM CLORO 2L,938.0,16112.8
LIMPADOR PERFUMADO SEMPRE VIVA 1L,650.0,16104.12
DESINFETANTE RAJJA LAVANDA 2L,2675.0,16089.68
AGUA SANITARIA MAIS GF 1L,5216.0,16080.67
AGUA SANITARIA DESOMAX GALAO 5L,1353.0,16073.91
CLORO P PISCINA HCL PLUS HIDRO 10KG,89.0,16072.65
DETERGENTE LIQUIDO FAMILIA + LIMAO 500ML,7702.0,16070.51
DETERGENTE LIQUIDO RADIANTE NEUTRO 5L,989.0,16069.92
SBL OMO MULTIACAO PODER ACELERADOR REF SC 1000ML,970.0,16062.87
AMACIANTE DILUIDO GEO CAMPOS PROVENCE 2L,1983.0,16046.87
ALVEJANTE TUFF SEM CLORO 3L,640.0,16028.52
AMACIANTE DILUIDO EDILIMP CARICIA 2L,2273.0,16013.69
AMACIANTE DILUIDO MEU LAR CARINHO DE MAE 2L,2164.0,16002.23
SABAO LIQUIDO DAS NEVES OCEAN 2L,2413.0,16002.06
LIMPEZA PESADA AROMASIL FLOTADOR POWER LIMP 1L,725.0,15996.0
REMOVEDOR TRIEX TRADICIONAL 1L,1706.0,15975.52
DESINFETANTE MARINA EUCALIPTO 5L,1291.0,15961.13
LIMPADOR ESSENCIA SECAR CONC CITRONELA DA INDIA 120ML,1310.0,15956.33
DETERGENTE LIQUIDO YPE CLEAR E6 6X500ML,1144.0,15952.58
SABAO EM PO BRILHANTE HIGIENE TOTAL 27X400G,119.0,15948.9
SABAO LIQUIDO ATRIUS GLICERINA 5L,823.0,15938.56
ALVEJANTE GIRANDO SOL PERFUMADO LEMON 1L,3266.0,15930.46
SABAO EM PO ASTER MULTIACAO SCH 800G,3008.0,15930.03
AMACIANTE DILUIDO YPE INTENSO 6X2L 12L,354.0,15907.84
DESINFETANTE AZULIM DILUIVEL ERVA DOCE 140ML,1613.0,15906.88
DESINFETANTE PINHO ALPES LAVANDA 500ML,4738.0,15898.05
LIMPADOR DE VIDRO CASA E LIMPEZA ALCOOL LIQ GATILHO 500ML,1034.0,15869.39
REMOVEDOR BUFALO EUCALIPTO 500ML,943.0,15867.72
SABAO LIQUIDO BRIIZ BLUE 3L,1858.0,15867.32
AGUA SANITARIA GLOBO COM CLORO ATIVO 2L,2884.0,15867.07
DESINFETANTE AZULIM 4 EM 1 LAVANDA GEL 2KG,512.0,15866.49
AGUA SANITARIA REALY GALAO 5L,951.0,15861.63
DESINFETANTE PURA MAGIA BABY 140ML,1655.0,15847.13
LIMPADOR PERFUMADO AZULIM FELICIDADE 500ML,3033.0,15838.36
DESINFETANTE AZULIM FLORATTA 2L,1659.0,15837.98
DESINFETANTE GUIMARAES MARINE AZUL 2L,1881.0,15837.1
SABAO EM PO BRISA FLORAL E BICARB CART 800G,2176.0,15814.76
DETERGENTE LIQUIDO GUARANI MACA 5L,888.0,15811.72
DESINFETANTE SANOL BAMBOO 5L,976.0,15809.54
DETERGENTE LIQUIDO ATOL COCO 2L,1746.0,15781.9
REMOVEDOR ZULU PERFUMADO 900ML,505.0,15778.22
LIMPADOR ESSENCIA COALA REVA DOCE 120ML,1117.0,15768.5
LIMPADOR PERFUMADO BRILUX MAGIA 500ML,2851.0,15764.91
AMACIANTE CONCENTRADO MINUANO MISTERIO DA NOITE 500ML,1514.0,15758.51
DETERGENTE LIQUIDO LIMPADUA CLEAR 500ML,8027.0,15707.94
LIMPADOR PERFUMADO AZULIM GRATIDAO 1L,2089.0,15704.77
REMOVEDOR TRIEX HERBAL 1L,1654.0,15699.51
LIMPADOR PERFUMADO AZULIM MARINER 500ML,1736.0,15695.26
DETERGENTE LIQUIDO ISIS MACA 5L,1373.0,15683.87
DESINFETANTE MAIS FAMILIA HERBAL 2L,2437.0,15682.78
DESINFETANTE AZULIM MARINER 5L,686.0,15663.15
LIMPADOR PERFUMADO COALA FLOR DE CACTO ZULU 500ML,3141.0,15638.93
DETERGENTE LIQUIDO TANLUX MACA 500ML,10916.0,15632.56
LIMPADOR MULTIUSO DRAGAO CAMPESTRE 500ML,4004.0,15594.19
SABAO LIQUIDO BRILUX LAVA ROUPAS HOME TRIPLA ACAO 3LT,991.0,15557.32
LIMPADOR MULTIUSO ALPES TRADICIONAL 500ML,3976.0,15549.8
"AMANCIATE DILUIDO ALPES TODO DIA AZUL 1,8L",1985.0,15547.68
LIMPADOR MULTIUSO COPERALCOOL ENCANTO DA FLORES 500ML,1104.0,15527.76
"SABAO EM PO TUFF LAVA ROUPAS SACHET 1,6KG",1043.0,15524.41
ALVEJANTE OMO EM PO ROUPAS BRANCAS 380G,640.0,15522.44
TIRA MANCHA BRILUX LIQUIDO PODER O2 ATIVO BRANQ REFIL 500ML,1619.0,15516.63
SABAO LIQUIDO ESTRELA 1L,1661.0,15511.03
TIRA MANCHA OMO LIQUIDO EXTRA PODER ULTRA ESPUMA 135ML,726.0,15506.57
AMACIANTE DILUIDO QBOA SENSE TERNURA 2L,1676.0,15495.07
AMACIANTE DILUIDO INVICTO AZUL 500ML,4543.0,15493.85
AMACIANTE DILUIDO ATRIUS NOTAS DE AMOR 5L,1311.0,15493.74
LIMPADOR ESSENCIA SAIF CONCENTRADO MAGIA E SEDUCAO 120ML,1435.0,15482.88
"SABAO LIQUIDO INVICTO ACTION SUPERACAO 2,7L",570.0,15477.37
DESINFETANTE ECONOMICO FLORAL 5L,785.0,15469.13
DESINFETANTE ECONOMICO MARINE 1L,3707.0,15460.55
DETERGENTE LIQUIDO BRILHA SUL COCO 500ML,8604.0,15454.14
AGUA SANITARIA URCA 2L,2169.0,15453.55
AMACIANTE CONCENTRADO ZUPP VELVET BLUE SKY 1L,898.0,15420.41
LIMPADOR ESSENCIA  ZUPP TALCO 120ML,1545.0,15416.62
DESINFETANTE GIRANDO SOL LIMAO 3L,1224.0,15413.57
DESINFETANTE BEM TE VI JASMIM 500ML,4708.04,15408.01
DESINFETANTE ZUPP MARINE 1L,2464.0,15402.91
DESENGORDURANTE MR MUSCULO PLATINUM COZ LAVANDA REFIL 400ML,1202.0,15389.57
DESINFETANTE ALPES FLORAL 5L,988.0,15387.57
AMACIANTE CONCENTRADO COMFORT ORIGINAL CLINICAL PRO 5L,175.0,15379.59
AMACIANTE CONCENTRADO ODD SUAVIDADE PERFUMADA 2L,1688.0,15346.15
SABAO LIQUIDO NOVO REINO CARIBE 3L,996.0,15341.99
SABAO EM PO KLIP ORIGINAL 1KG,2068.0,15341.73
AMACIANTE DILUIDO ORIENTAL CARINHO 5L,1015.0,15332.77
AMACIANTE DILUIDO BRILHA SUL VERMELHO 5000ML,1354.0,15310.05
DETERGENTE LIQUIDO GIRANDO SOL NATURAL 2L,1526.0,15294.27
AMACIANTE DILUIDO TEIU SUNNY AMARELO 2L,1560.0,15291.86
LIMPADOR DE VIDRO MR MUSCULO SACHET 400ML,1166.0,15290.53
SABAO EM PO INVICTO COCO SC 400,3672.0,15272.24
LIMPADOR MULTIUSO LIMPOL ESSENCE 500ML,3117.0,15265.0
AGUA SANITARIA Q LAR 2L,3031.0,15260.75
DETERGENTE LIQUIDO BRILHA SUL NEUTRO 1L,4119.0,15258.36
DETERGENTE LIQUIDO MINUANO COCO 24X500ML,363.0,15233.11
LIMPADOR ESSENCIA NOGUEIRA LAVANDA 125ML,1913.0,15229.11
LIMPADOR ESSENCIA ZUPP LAVANDA 120ML,1559.0,15227.16
SABAO EM PO ATOL ENCANTOS LAVANDA 800G,2700.0,15212.04
DESINFETANTE HIGI FOODS FRUTAS E LEGUMES 350ML,1061.0,15200.3
LIMPADOR PERFUMADO TRIEX CALENDULA 500ML,3279.0,15167.45
LIMPADOR PERFUMADO CASAFLOR PORCELANATO E CERAMICAS 1L,1325.0,15166.27
DETERGENTE LIQUIDO FACILLE CLEAR 500ML,6928.0,15157.44
LIMPADOR PERFUMADO CASA PERFUMADA PETALAS AZUIS 1L,2401.0,15155.64
LIMPADOR MULTIUSO CIF SQUEEZE 500ML,1815.0,15152.66
DESENGORDURANTE AZULIM LIMPA GRELHAS 500ML,533.0,15135.01
DETERGENTE LIQUIDO NUTRILAR COCO 500ML,7646.0,15133.22
TABLETE GENCO CLORO ESTABILIZA 200G,1400.0,15132.15
LIMPADOR PERFUMADO CASAFLOR BRASILIDADES ACAI 500ML,3295.0,15122.26
LIMPADOR PET SANOL DOG ELIMINADOR DE ODORES HERBAL 2L,781.0,15111.33
AMACIANTE CONCENTRADO NATURESSE FRANBOESA E SANDALO 1L,1195.0,15110.82
LIMPADOR DE VIDRO ZAVASKI GATILHO 500ML,1107.0,15102.48
AMACIANTE CONCENTRADO BABY SOFT TOQUE DE CARINHO 1L,1191.0,15099.13
LIMPEZA PESADA FORCA AZUL DESENTUPIDOR PO 300G,839.0,15083.02
DETERGENTE LIQUIDO NUTRILAR LIMAO 500ML,7754.0,15073.62
DESINFETANTE ECONOMICO CITRUS 500ML,5500.0,15058.73
LIMPADOR MULTIUSO SANOL INTENSE LAVENDER 1L,1557.0,15045.87
DESINFETANTE GEO PINHO 2L,2246.0,15040.17
AGUA SANITARIA MARAJO 1L,8904.3,15021.3
DESINFETANTE SUPREMA 7 EM 1 CLORO ATIVO 2L,1960.0,15006.47
CLORO PARA PISCINA HIDROSAN  HIDROALL 1KG,448.0,14962.94
AMACIANTE CONCENTRADO TUFF POEME 1L,1078.0,14950.69
SABAO LIQUIDO DULAR MULTIBLUE 3L,774.0,14950.41
DESINFETANTE GUARANI HERBAL 2L,2386.0,14947.71
DESENGORDURANTE MARINA CITRUS 500ML,2939.0,14941.73
AMACIANTE DILUIDO ODD JARDIM PERFUMADO 2L,1662.0,14921.93
SABAO EM PO INVICTO SUPERACAO SACHE 400G,3541.0,14914.6
AMACIANTE DILUIDO TEIU PERFUME DE ROSAS 1L,2571.0,14913.59
DETERGENTE LIQUIDO JUA CLEAN 500ML,6802.0,14897.02
DETERGENTE LIQUIDO LIMPADUA MACA 500ML,7734.0,14882.26
AMACIANTE CONCENTRADO PLUSH FLOWERS 1L,1152.0,14864.16
AGUA SANITARIA E BAO 1L,5182.0,14857.67
"AMACIANTE DILUIDO BEM TE VI TOQUE DE ALEGRIA 1,8L",2184.045,14849.36
SABAO EM PO ULTRA CLASS TOP LIMP 1KG,3781.0,14848.41
DESINFETANTE BUFALO PINHO CITRUS 2L,2492.0,14847.33
AMACIANTE DILUIDO PLUSH SENSUALITY 2L,1843.0,14845.03
AGUA SANITARIA AQUA PLUS GF 1L,6583.0,14825.18
LIMPADOR ESSENCIA CONCENTRADA CASAFLOR BAMBOO 120ML,1164.0,14817.29
LIMPADOR PERFUMADO SANOL CITRIC FLOWERS 500ML,2840.0,14808.49
SABAO LIQUIDO BECKER VERSATIL 5L,512.0,14805.6
AMACIANTE DILUIDO ESTRELA BUQUE 5L,838.0,14799.12
AMACIANTE DILUIDO KI JOIA BRISA SUAVE 2L,2120.0,14794.15
AMACIANTE DILUIDO ZAB MAGIA DAS ROSAS 2L,1758.0,14768.53
SABAO LIQUIDO ESTRELA 5L,368.0,14735.33
SABAO EM PO PROEZA 2KG,1073.0,14732.29
AGUA SANITARIA LAVA BEM 3 EM 1 2L,2597.0,14713.58
DESINFETANTE GUIMARAES CAPIM LIMAO 2L,1717.0,14710.97
LIMPADOR PERFUMADO CASAFLOR BRASILIDADES GRAVIOLA 1.75L,1231.0,14709.5
AGUA SANITARIA DA ILHA 3X5L,546.0,14692.29
DESINFETANTE SUPER GLOBO ORIGINAL 500ML,3745.0,14675.68
LIMPADOR MULTIUSO VINAGREEN5 NATURAL 500ML,3064.0,14672.18
ALVEJANTE MARINA SEM CLORO BRANQUEADOR 2L,1033.0,14664.17
AMACIANTE DILUIDO ZAVASKI FASCINIO 2L,1890.0,14653.32
DESINFETANTE POLILUZ PINHO 2L,2171.0,14648.45
LIMPADOR PERFUMADO ZAB CAPIM LIMAO GEL 2L,1146.0,14647.3
"AMACIANTE CONCENTRADO BRILUX JARDIM DE INVERNO 1,5L",806.0,14646.19
AMACIANTE DILUIDO SUPER FLORAL 5L,915.0,14631.97
SABAO EM PO GIRANDO SOL OPTICAL WASH CUIDA PROTEGE 10KG,206.0,14619.95
LIMPADOR MULTIUSO UAU 500ML + CLORO 500ML + LAV 500ML,762.0,14612.49
DESINFETANTE MAIS FAMILIA FLORAL 2L,2134.0,14596.01
DESINFETANTE LAVABEM ERVA DOCE 1L,3939.0,14592.5
DESINFETANTE LYSOFORM CLORO GEL CITRUS 500ML,910.0,14592.11
ALVEJANTE TEIU COM CLORO ATIVO C/DETERGENTE PERFUMADO 1L,3447.0,14580.41
DESINFETANTE URCA BRISA DO MAR 5L,1120.0,14579.24
DESINFETANTE LINHAL CREO DE USO GERAL 900ML,652.0,14571.69
AMACIANTE DILUIDO ISIS AZUL 5L,1190.0,14570.2
LIMPEZA PESADA SAIF LIMPA PISOS 1L,967.0,14544.75
AMACIANTE DILUIDO CLARUS AZUL 5L,969.0,14542.98
AMACIANTE DILUIDO PUFF BRISA SUAVE 2L,1600.0,14516.88
DESINFETANTE TOPAZIO LAVANDA PLUS 2L,2809.0,14516.33
DESENGORDURANTE POLITRIZ USO GERAL SPRAY 500ML,2563.0,14509.06
DESINFETANTE SANTA CLARA EUCALIPTO 5L,1207.0,14505.13
"AMACIANTE CONCENTRADO BABY SOFT 1,5L",832.0,14502.19
DESINFETANTE LAVABEM LAVANDA 2L,2049.0,14490.01
SABAO LIQUIDO PLIN 48 LAVAGENS BLUE 3L,698.0,14461.76
SABAO EM PO BRISA LAVANDA E COCO CART 800G,1955.0,14451.01
DETERGENTE LIQUIDO LIMPOL LAVANDA 24X500ML,326.0,14440.22
DESINFETANTE ORIENTAL SENSACOES ALFAZEMA 2L,2211.0,14439.73
ESTABILIZADOR PH HIDROALL 2KG,492.0,14420.55
SABAO EM PO ESPUMIL LAVANDA SACHE 800G,3834.0,14419.72
AMACIANTE DILUIDO SOFT PLUS DOCE LEMBRANCA 500ML,2014.0,14418.82
ALVEJANTE SEMORIN SEM CLORO OXY POWER 500ML,1830.0,14418.26
DESINFETANTE PURIFICA P/HORTIFRUTICOLAS 300ML,1012.0,14401.17
AMACIANTE DILUIDO BRILHA SUL ROSES GARDEN 2L,2435.0,14396.31
ALVEJANTE SEMORIN EM PO OXY POWER 400G,797.0,14387.96
DESINFETANTE GUIMARAES LAVANDA 5L,750.0,14381.61
LIMPEZA PESADA FORCA AZUL DESENTUPIDOR LIQUIDO 1L,404.0,14376.16
ESTABILIZANTE DE PH GENCO PH CERTO ELEV ALCAL 2KG,350.0,14350.98
LIMPADOR ESSENCIA NOGUEIRA CITRONELA 125ML,1803.0,14349.45
DESINFETANTE MAGICO GEL MATA ATLANT 2L,1113.0,14338.12
AMACIANTE DILUIDO SOFT PINK 2L,2056.0,14336.97
DETERGENTE LIQUIDO YPE GEL CONCENTRADO GREEN 406G,1509.0,14329.85
AGUA SANITARIA CLORAL 6X2L,484.0,14329.22
DESENGORDURANTE JUA 500ML,2325.0,14327.07
DESINFETANTE MARINA TALCO 2L,2636.0,14309.22
AMACIANTE CONCENTRADO TUFF ROSE PINK 1L,1008.0,14303.43
AGUA SANITARIA STORK GF 2L,2375.0,14299.52
DETERGENTE LIQUIDO ATRIUS NEUTRO 5L,933.0,14297.6
DESINFETANTE ORIENTAL JASMIM 1L,3309.0,14282.63
REMOVEDOR KING MULTIUSO PLUS FRASCO 1L,426.0,14277.06
DESINFETANTE RADIANTE LAVANDA 2L,1776.0,14264.67
DESINFETANTE ZUPP HORTIFRUTICOLAS SALAD PLUS 300ML,1334.0,14254.69
SABAO LIQUIDO LAVA BEM COCO 1L,1604.0,14241.06
SABAO LIQUIDO ISIS POWER BLUE 5L,886.0,14222.21
SABAO EM PO ZAB ACAO TOTAL 800G,1731.0,14210.27
AGUA SANITARIA SMART 2L,2073.0,14190.29
AMACIANTE CONCENTRADO MINUANO SUAVE BRANCO 500ML,1413.0,14184.36
DESINFETANTE REMMUS VITORIA REGIA CAMPESTRE 2L,2160.0,14171.27
AGUA SANITARIA BRINORT 12X1L,671.0,14160.44
LIMPADOR PERFUMADO QUASAR TALCO 2L,2284.0,14159.69
LIMPADOR DE VIDRO VITREO CRISTAL GATILHO 500ML,1007.0,14155.82
LIMPADOR MULTIUSO ALPES FRESCOR DE MACA 500ML,3621.0,14146.68
DESINFETANTE MINUANO EUCALIPTO 2L,1455.0,14127.15
AMACIANTE CONCENTRADO FLOM INTENSE SENSUAL BLOOM 900ML,823.0,14126.05
SABAO LIQUIDO BRILHOLAC EXIGENTE CHA BRANCO 3L,668.0,14114.21
TIRA MANCHAS SUPER CANDIDA S/CLORO CORES 500ML,1637.0,14093.24
DESENGORDURANTE KELLDRIN FORNO E MICROONDAS PODEROSO 300ML,811.0,14092.55
CLORO LERTOFF 5L,634.0,14070.3
SABAO EM PO CUTIA VERDE PLUS 1KG,105.0,14053.55
"LAVA ROUPAS LIQUIDO PLUSH REPELENTE DE PELOS 1,5L",779.0,14052.1
SABAO EM PO GOTA LIMPA HARMONIA 600G,3540.0,14050.53
DESINFETANTE DRAGAO FLORAL 5L,1034.0,14049.19
AGUA SANITARIA INFLUX 2L,2391.0,14047.85
DETERGENTE LIQUIDO ORIENTAL MACA 500ML,8723.7,14047.17
AMACIANTE DILUIDO TOQUE DE CARINHO MINHA CASA 2L,2505.0,14042.69
LIMPADOR PERFUMADO BRINORT FLORES 2L,2156.0,14037.56
"DETERGENTE LIQUIDO ALPES NEUTRO 3,6L",846.0,14034.61
CLORO EM GEL CANDURA CLORO TRAD 700ML,1394.0,14018.48
DETERGENTE LIQUIDO ESFRELUX MACA 500ML,6918.0,14010.62
SABAO EM PO TIXAN YPE PRIMAVERA 24X800G,63.0,13993.44
CLORO KINTANA 2L,1694.0,13988.4
CLORO DESINF PISCINA Q CLOR S AC 10KG,71.0,13986.21
SABAO EM PO INVICTO SUPERACAO SC 4KG,429.0,13974.97
DESINFETANTE MARINA PINHO 2L,2506.0,13966.08
LIMPEZA PESADA SAIF LIMPA PEDRAS E ARGAMASSAS 5L,492.0,13920.04
SABAO EM PO ALA ROSAS FLOR DE LIS 400G,5226.0,13897.95
HTH ULTRA CLEAR 2X1 CLORETO ALUMINIO,300.0,13890.56
SABAO LIQUIDO PAMPA CHEMICAL WHITE 5L,525.0,13885.2
LIMPADOR PERFUMADO AZULIM FELICIDADE 2L,993.0,13876.62
AGUA SANITARIA JOB 2L,3078.0,13873.21
LIMPADOR PERFUMADO SUPER GLOBO MOMENTOS DE TRANQUILIDADE 1L,2000.0,13871.46
SABAO EM PO APYCE MULTIACAO SACHE 400G,4625.0,13870.99
SABAO LIQUIDO CONFORTO CX 6X3L,1035.0,13854.94
LIMPADOR PERFUMADO BRILUX TERNURA 2L,692.0,13845.7
AMACIANTE DILUIDO COMFORT EXPLOSAO AZUL FRASCO 3L,390.0,13838.07
DESINFETANTE ECONOMICO FLORAL 500ML,5055.0,13836.39
LIMPADOR MULTIUSO CENAP FLOTADOR UNIVERSAL LAVANDA 1L,972.0,13832.23
LIMPADOR PET SANOL DOG ELIMINADOR ODORES FLORAL 2L,710.0,13819.2
DETERGENTE LIQUIDO DRAGAO COCO 500ML,8330.0,13812.58
DESINFETANTE ECONOMICO JASMIM 500ML,4939.0,13810.52
LIMPADOR DE VIDRO CASA E LIMPEZA SQUEEZE 500ML,1655.0,13802.61
DESINFETANTE KALIPTO EUCALIPTO 5L,605.0,13791.95
LIMPADOR ESSENCIA TRIEX CAPIM LIMAO 140ML,1971.0,13787.49
SABAO LIQUIDO CLASSIC NATURE PLUS 5L,640.0,13761.4
DESINFETANTE POLITRIZ GARDENIA 3L,1096.0,13759.98
TIRA MANCHAS TIXAN YPE GEL ROUPAS BRANCAS E COLOR SQ 462G,1210.0,13759.43
DESINFETANTE BARBAREX ALGAS 2L,2364.0,13748.06
"SABAO EM PO GOTA LIMPA POWER CLEAR 1,6KG",967.0,13736.5
DESINFETANTE LAVABEM LIMAO 1L,3753.0,13733.02
"LAVA ROUPAS LIQ ARIEL 1,2L SUAVE E GENTIL",436.0,13730.58
ODORIZADOR DE ROUPA COALA PATCHOULI TANGERINA 260ML,450.0,13718.62
CLORO PISCINA FIBRA VINIL HIDROSAN 10KG HIDROALL,59.0,13713.8
LIMPEZA PESADA MARINA LIMPA CERAMICA 1L,2183.0,13675.51
DETERGENTE LIQUIDO ORIENTAL COCO 500ML,8687.02,13675.41
LIMPADOR DE VIDRO PODEROSO 400ML,806.0,13669.53
LIMPADOR MULTIUSO SUPER GLOBO ELIMINA ODORES 500ML,3811.0,13665.37
SABAO LIQUIDO BARBAREX 3L,647.0,13658.05
DESINFETANTE ZUPP CITRONELA 2L,2049.0,13653.36
DESINFETANTE LAVABEM FLORAL 2L,1932.0,13641.36
SABAO LIQUIDO GUIMARAES C/ENZIMAS ATIVAS 3L,488.0,13631.27
DETERGENTE LIQUIDO YPE GREEN 500ML,4034.0,13629.1
SABAO LIQUIDO RADIANTE ACAO TOTAL 700ML,2195.0,13621.05
AMACIANTE DILUIDO HIPER PLUS PURO AMOR 2L,2459.0,13613.18
LIMPADOR MULTIUSO QBOA ANTIBAC 500ML,3040.0,13609.43
SABAO EM PO ALIADO PODER FLORES 400G,8106.0,13604.62
DESINFETANTE BUFALO JASMIM 750ML,3944.0,13591.3
DESINFETANTE ZUPP FRESCOR MARINE 5L,788.0,13584.3
LIMPADOR MULTIUSO ZAB LAVANDA 2L,1070.0,13577.61
SABAO LIQUIDO INVICTO ACTION LAVANDA 1L,1193.0,13558.9
SABAO EM PO BOLD FRESCO VERAO 500G,315.6,13549.92
"AMACIANTE CONCENTRADO CANDURA FRESCOR DE VERAO 1,5L",888.0,13549.4
DESINFETANTE STILL LAVANDA 2L,2713.0,13543.67
DESINFETANTE BRILHA SUL LIMAO 2L,2141.0,13537.57
LIMPADOR ESSENCIA AROMASIL PITANGA PRETA 140ML,1460.0,13535.51
AMACIANTE DILUIDO PLUSH ELEGANCE 2L,1683.0,13534.34
SABAO LIQUIDO TOQUE DE CARINHO CONCENTRADO 3L,799.0,13511.16
DESINFETANTE FLUMINENSE LAVANDA 2L,2362.0,13509.49
CLORO KINTANA 5 L.,810.0,13505.15
ALVEJANTE BRANQUEIA ORIGINAL 2L,561.0,13478.0
AMACIANTE DILUIDO HIPER PLUS AMAZON PRIME 2L,2263.0,13469.19
DESINFETANTE GUARANI HERBAL 1L,3953.0,13462.19
AMACIANTE DILUIDO ROUPAS ECO VIDA SUAVE 3L,1352.0,13451.2
SABAO LIQUIDO NOVO REINO GREEN 2L,1282.0,13440.93
SABAO LIQUIDO LIMPEBEM ROSA NEGRA 3L,713.0,13440.74
ALVEJANTE BRILHA SUL SEM CLORO 1L,1979.0,13436.03
LIMPADOR MULTIUSO TRIEX FLOR DE TANGERINA 500ML,4080.0,13435.73
LIMPADOR MULTIUSO SUPER GLOBO ACAO CLAREADORA 500ML,3874.0,13426.01
DESINFETANTE ZUPP LAVANDA 1L,2137.0,13405.21
AMACIANTE DILUIDO ASSIM ACONCHEGO 2L,1408.0,13395.52
DETERGENTE LIQUIDO GEO COCO 500ML,7088.0,13389.84
LIMPADOR MULTIUSO VEJA ORIG KIT LV4 2L,939.0,13379.76
DESINFETANTE KI JOIA FLORAL TRANSPARENTE 5L,1114.0,13366.38
LIMPADOR MULTIUSO AZULIM CUIDADO E PERFUME BRISA SUAVE 500ML,3772.0,13364.48
SABAO LIQUIDO CANDURA ACTION 1L,1502.0,13344.95
DESINFETANTE RADIANTE LAVANDA 500ML,5333.0,13343.85
DESINFETANTE ORIENTAL LAVANDA 500ML,5338.0,13334.13
DETERGENTE LIQUIDO EDILIMP MACA 2L,2085.0,13331.84
AMACIANTE DILUIDO ECONOMICO SOFT ROSE 1L,3123.0,13314.0
LIMPADOR MULTIUSO UAU LIMPA E BRILHA INOX SPRAY 500ML,737.0,13299.52
SABAO EM PO DESOMAX 800G,2581.0,13281.91
DETERGENTE LIQUIDO FAMILIA + CLEAN 500ML,6440.0,13275.34
LIMPADOR ESSENCIA CASAFLOR CONCENTRADO CEREJA E AVELA 120ML,1059.0,13243.12
DESINFETANTE ECONOMICO PINHO 500ML,4791.0,13235.74
ALVEJANTE TUFF PARA ROUPAS BRANCAS SEM CLORO 1L,1384.0,13221.51
AMACIANTE DILUIDO MEU LAR AZUL 1L,2767.0,13213.21
LIMPADOR ESSENCIA SUAVE LAR LAVANDA 140ML,1236.0,13208.65
LIMPADOR PERFUMADO UAU FLORES VERMELHAS E SEDUCAO 1L,1389.0,13204.12
SABAO LIQUIDO MON BIJOU ROUPAS INTIMAS 300ML,1043.0,13196.32
LIMPADOR PERFUMADO GUIMARAES BAMBOO 2L,1036.0,13183.41
SABAO LIQUIDO NOVO REINO GREEN 3L,849.0,13176.21
SURF DT LIQ LAVANDA 5L,267.0,13176.15
LIMPADOR PET PETBRILHO ELIMINA ODORES LAVANDA 2L,876.0,13160.5
SABAO LIQUIDO GUIMARAES FLORES DA SERRA 5L,374.0,13144.77
"DESINFETANTE VIDA PINHO TRADICIONAL 1,5L",3055.0,13142.62
LIMPADOR MULTIUSO SAIF BANHEIRO GAT 500ML,818.0,13130.93
DETERGENTE LIQUIDO GOTA LIMPA CAPIM LIMAO 500ML,5941.0,13124.0
AMACIANTE CONCENTRADO BRILUX FRESCOR DE VERAO REFIL 400ML,2037.0,13110.62
LIMPADOR PERFUMADO QUASAR DAMA NOIR 2L,2143.0,13105.55
DETERGENTE LIQUIDO ESPUMIL MACA 500ML,8293.0,13104.33
AMACIANTE DILUIDO BRILHA SUL ROXO 5000ML,1166.0,13087.46
LIMPADOR MULTIUSO AROMASIL ESSENCIA TUTTI FRUTTI 140ML,1401.0,13075.17
LIMPADOR PERFUMADO SANOL JASMINE 1L,1353.0,13069.02
DESINFETANTE BARBAREX FLORES DO CAMPO 2L,2295.0,13068.83
AMACIANTE DILUIDO KIMAFLOR AZUL 2L,1652.0,13061.93
SABAO LIQUIDO BRIFORT CONCENTRADO VERDE 2L,1437.0,13061.68
AGUA SANITARIA NEGRITA FRASCO 2L,2351.0,13060.23
DESINFETANTE CLASSIC LAVANDA 2L,2102.0,13059.49
LAVA ROUPAS LIQUIDO PLUSH BIOPOWER CONFORTO 2L,887.0,13055.63
DETERGENTE LIQUIDO AGIFACIL LIMPEZA TOTAL 3L,718.0,13050.26
DESINFETANTE GIOCA PINHO 2L,1809.0,13027.4
DETERGENTE LIQUIDO RADIANTE NEUTRO 2L,1969.0,13025.52
LIMPADOR ESSENCIA CONCENTRADA CASAFLOR MARINE 120ML,1048.0,13013.87
TIRA MANCHA SEMORIN PO WHITE OXY POWER 400G,728.0,12990.41
DETERGENTE LIQUIDO ASTOLLI NEUTRO 500ML,9495.0,12987.47
TIRA MANCHA ZUPP OXI POWER PO 450G,1043.0,12978.88
DESINFETANTE GEO EUCALIPTO 2L,1958.0,12974.94
DESINFETANTE RAJJA EUCALIPTO 2L,2139.0,12974.9
SABAO EM PO GOTA LIMPA HARMONIA 2.4KG,707.0,12960.9
LIMPADOR ESSENCIA SETE CONCENTRADO ORQUIDEA NEGRA 120ML,1117.0,12950.87
SABAO LIQUIDO MARILUX LAVANDA E SONHOS 2L,1220.0,12929.17
AMACIANTE DILUIDO DESOMAX 5L,993.0,12912.06
AGUA SANITARIA FUZZETO STORK CLORO ATIVO 1L,4276.0,12910.34
SABAO EM PO BRILHA SUL AZUL 800G,2300.0,12883.02
LIMPADOR MULTIUSO SUPER GLOBO ORIGINAL 500ML,984.0,12879.66
CLORO PISCINA 3X1 PROPOOL HIDROALL 1KG,555.0,12877.26
SABAO EM PO SURF LIMAO BICARBO 5EM1 SC 800G,1351.0,12876.77
LIMPADOR MULTIUSO GUIMARAES MULTIOX S/CLORO 5L,330.0,12870.03
DESINFETANTE AZULIM ERVA DOCE 2L,1267.0,12861.87
LIMPADOR MULTIUSO SANOL LAVANDA 500ML,1977.0,12856.52
SABAO LIQUIDO TEIU TRAD 3EM1 3L,443.0,12841.26
SABAO LIQUIDO NOVA AURORA NOVA AURORA 1L,1987.0,12839.98
SABAO LIQUIDO INVICTO ACTION SUPERACAO 5L,468.0,12839.47
SABAO LIQUIDO QUASAR PERFUMADO 2L,1080.0,12837.0
TIRA MANCHA MON BIJOU CONCENTRADO 3 EM 1 100ML,778.0,12830.36
ALVEJANTE BRILHANTE COM CLORO ATIVO FLORAL 1L,1005.0,12824.28
LIMPADOR PERFUMADO TRIEX SUAVE SENSACAO 500ML,2782.0,12802.14
DESINFETANTE LAVABEM JASMIM 2L,1798.0,12797.74
AGUA SANITARIA ALVEJAX 5L,805.0,12792.37
AMACIANTE DILUIDO BIG SOFT AZUL GFA PLAST 2000 ML,2068.0,12787.22
TIRA MANCHA BRILUX LIQ PODER O2 BCA E COLORIDAS SCH 500ML,1362.0,12785.89
LIMPADOR ESSENCIA CONC POLITRIZ CITRONELA 140ML,1188.0,12782.67
REMOVEDO GIOCA LAVANDA 800ML,552.0,12780.08
DETERGENTE LIQUIDO MINUANO MACA 24X500ML,312.0,12773.99
LIMPADOR PERFUMADO CASAFLOR BRASILIDADES AGUA DE COCO 500ML,2772.0,12766.54
DESINFETANTE POLITRIZ MARINE 3L,1045.0,12764.99
AMACIANTE DILUIDO ZUPP LAVANDA 5L,561.0,12759.16
DESINFETANTE SANTA CLARA FLORAL 5L,1056.0,12749.9
LIMPADOR DE VIDRO SAIF COM ALCOOL SACHE LV500 PG400 500ML,1319.0,12749.56
AMACIANTE DILUIDO COMFORT PURO CUIDADO 3L,343.0,12744.69
LAVA ROUPAS LIQUIDO PLUSH BIOPOWER LAVANDA 2L,832.0,12734.92
DETERGENTE LIQUIDO MAX CLEAR MACA 2L,1959.0,12734.57
DETERGENTE LIQUIDO MAX CLEAR NEUTRO 2L,1978.0,12729.76
AMACIANTE DILUIDO MON BIJOU MAIS PERFUME 6X1700ML,341.0,12715.5
DESINFETANTE CLASSIC FLORAL 2L,2054.0,12705.03
SABAO EM PO BRILHANTE DELICADEZA TOTAL 1.6KG,619.0,12697.26
SABAO EM PO MARILUX TRADICIONAL 4KG,672.0,12694.25
AGUA SANITARIA MIL FLORES 5L,1401.0,12682.85
AMACIANTE CONCENTRADO TAKLIM PREMIUM VANILLA 1L,887.0,12677.83
LIMPADOR PERFUMADO ZULU BAMBU 1L,1370.0,12668.54
SABAO EM PO SACHE MEU LAR 500G,4072.0,12666.5
AGUA SANITARIA SENIX 1L,6408.0,12652.23
DESINFETANTE CLEAN PLUS FLORAL 5L,604.0,12646.49
LIMPADOR MULTIUSO ALPES BICARBONATO LIMAO 500ML,2357.0,12638.54
DESENGORDURANTE ZAP CLEAN LIMP FORNO 400ML,672.0,12635.91
SABAO EM PO OMO LAVAGEM PERFEITA GTS150G 9X1.6KG,52.0,12630.06
DETERGENTE LIQUIDO OI NEUTRO 5L,759.0,12625.02
AMACIANTE DILUIDO BOLTZ CARICIA 5L,1085.0,12621.33
DESINFETANTE GOTA LIMPA FLORAL 5L,720.0,12615.75
LIMPADOR MULTIUSO COPERALCOOL FLORES BRANCA 500ML,885.0,12599.74
DESINFETANTE AQUAFAST MARINE 1L,1942.0,12599.2
ALVEJANTE SEMORIN SEM CLORO WHITE OXY POWER 500ML,1560.0,12593.99
DESINFETANTE ATRIUS PINHO 5L,1022.0,12572.67
PH ESTAVEL HIDROALL 2KG,377.0,12563.22
AMACIANTE CONCENTRADO SOFT PLUS MISTERIO 1L,935.0,12559.79
ALVEJANTE RADIANTE PERFUMADO LAVANDA 1L,3928.0,12544.5
DESENGORDURANTE DOMLINE LIMPA FORNO E MICROONDAS 300ML,745.0,12529.01
REMOVEDOR BUFALO PINHO 500ML,754.0,12525.43
DETERGENTE LIQUIDO LIMPADUA NEUTRO 5L,656.0,12519.6
DESINFETANTE OESTE CITRONELA 2L,2177.0,12509.07
AGUA SANITARIA SO AROMA 1L,4722.0,12506.81
"SABAO EM PO APYCE MULTIACAO NATUREZA 1,6KG",1320.0,12503.39
LIMPEZA PESADA SANOL PLUSH ESTOFADOS CARPETE 500ML,869.0,12497.58
AGUA SANITARIA DULAR 1L,4037.0,12494.68
SABAO EM PO AROMASIL TRADICIONAL SACHE 800G,1720.0,12489.52
LIMPADOR PERFUMADO FACILLE ENCANTO FLORAL 1L,1785.0,12489.15
LIMPADOR PISCINA BEL REDUTOR DE PH E ALCALINIDADE 1L,560.0,12489.09
DESINFETANTE AZULIM EUCALIPTO 1L,2166.0,12471.09
LIMPADOR MULTIUSO AZULIM FRESCOR DO CAMPO 500ML,3500.0,12462.11
LIMPADOR MULTIUSO SEMORIN LIMPA TAPETES E CARPETES 500ML,795.0,12449.09
SABAO EM PO BRILHANTE LIMPEZA TOTAL 20X800G,70.0,12444.47
DESINFETANTE AZULIM VIOLETTE 2L,1285.0,12435.42
AGUA SANITARIA DACLOR 1L,3325.0,12434.67
DETERGENTE LIQUIDO JUA MACA 2L,1527.0,12434.04
DETERGENTE LIQUIDO BRINORT MACA 500ML,6111.0,12427.95
DESINFETANTE BRILHA SUL EUCALIPTO 2L,1958.0,12405.54
ALVEJANTE BRILHANTE COM CLORO ATIVO FRESH 1L,863.0,12404.75
LIMPADOR ESSENCIA LIMPADUA LAVANDA 200ML,802.0,12403.33
AGUA SANITARIA AMOLIM 2L,2493.0,12403.09
AMACIANTE CONCENTRADO CASAFLOR FRESCOR DA MANHA 1.5L,440.0,12391.35
LIMPADOR MULTIUSO ORIENTAL TRADICIONAL SPRAY 500ML,3833.378,12388.22
SABAO EM PO BLEACH COCO 500G,846.0,12387.47
CLORO EM GEL CANDURA LAVANDA 700ML,1209.0,12386.98
"SABAO EM PO AMACITEL TOQUE DE POESIA CARTUCHO 1,6KG",806.0,12378.87
DETERGENTE LIQUIDO MARILUX MACA 500ML,7491.0,12364.39
SABAO LIQUIDO MARILUX COCO ACTION 3L,876.0,12362.18
CLORO POLLI BRILHO HIPOCLORITO 2LT,1218.865,12358.39
DESINFETANTE PET BENZOCREOL LT 500ML,392.0,12357.53
"SABAO EM PO ESPUMIL LAVANDA 1,6KG",1549.0,12352.43
DESINFETANTE ECOVIDA LAVANDA 3L,1537.0,12331.03
DETERGENTE LIQUIDO ATILA COCO 500ML,6994.0,12325.3
AMACIANTE DILUIDO PLUSH GLAMOUR 2L,1496.0,12323.22
LIMPADOR MULTIUSO SUPER CLEAN ALUM E INOX TRADICIONAL 500ML,4596.0,12318.96
DESINFETANTE BARBAREX FLORAL 2L,2150.0,12318.69
SABAO EM PO ALA LAVANDA 27X400G,140.0,12311.52
LIMPADOR ESSENCIA MARINA CITRONELA 140ML,1496.0,12307.05
"AMACIANTE CONCENTRADO URCA TERNURA 1,5L",958.0,12269.6
SABAO EM PO CANDURA TRIPLA ACAO 800G,1715.0,12269.34
AMACIANTE DILUIDO EPORT TRADICIONAL 2L,1778.0,12261.68
SABAO EM PO BRILHANTE SC LIMPEZA TOTAL 27X400G,94.0,12261.51
SABAO EM PO BEM TE VI COCO CUIDADO ESTENDIDO 27X400G,186.0,12251.95
LIMPADOR MULTIUSO BRILUX LARANJA SQUEEZE 500ML,2453.0,12245.33
AMACIANTE CONCENTRADO COMFORT  EXPLOSAO FLORAL FRASCO 900ML,553.0,12240.18
DESINFETANTE SANOL FORCA BRUTA SUAVE ODOR 1L,1162.0,12217.56
DESINFETANTE ORIENTAL LAVANDA 5L,844.0,12216.97
SABAO EM PO ORIENTAL FLORES 500G,4512.0,12203.91
CLORO GRANULADO 10KG START AQ,59.0,12195.0
SABAO EM PO COQUEL VEGANO 800G,961.0,12180.01
DETERGENTE LIQUIDO AGIFACIL NEUTRO 500ML,7072.0,12178.0
TIRA MANCHA BRILUX PO PODER O2 ATIV PT LV250G PG230G 250G,826.0,12175.36
LIMPADOR PERFUMADO LAR DOCE LAR LAVANDA 500ML,2625.0,12171.05
TIRA MANCHA BRILHANTE EM PO S/CLORO FLORAL 380G,645.0,12144.27
LIMPADOR PISCINA AQUAPOOL CLARIFICANTE E DECANTADOR  1L,521.0,12127.37
LIMPADOR DE VIDRO POLITRIZ SPRAY 500ML,2388.0,12115.63
DETERGENTE LIQUIDO QUASAR NEUTRO 5L,633.0,12102.43
ODORIZADOR DE ROUPA MON BIJOU PUREZA 300ML,477.0,12100.13
LIMPADOR ESSENCIA CONCENTRADA CASAFLOR EUCALIPTO 120ML,986.0,12082.15
LIMPADOR ESSENCIA NOGUEIRA TALCO 125ML,1552.0,12078.78
LIMPADOR PISCINA BEL CLORO GRANULADO BALDE 5KG,55.0,12068.55
AMACIANTE DILUIDO ECONOMICO SOFT ROSE 500ML,4863.0,12059.84
TIRA MANCHA OMO EXTRA PODER EMB ECONOMICA 380G,465.0,12059.39
AGUA SANITARIA ALVINHA 5L,1205.0,12058.5
AGUA SANITARIA DICLORO 1L,3514.0,12054.45
LIMPADOR PERFUMADO AZULIM GEL PINHO 500G,1322.0,12053.91
ALVEJANTE BARBAREX SEM CLORO 5L,621.0,12044.07
DESINFETANTE KALIPTO FLORAL 750ML,3023.0,12039.64
DESINFETANTE COALA CONCENTRADO PINHO 120ML,801.0,12033.58
DESINFETANTE SUPER VALE COM ALCOOL LAVANDA 1L,1520.0,12020.57
DETERGENTE LIQUIDO MARILUX LIMAO 500ML,7442.0,12011.52
DESINFETANTE LEAO LAVANDA 2L,2424.0,12005.15
LIMPADOR PERFUMADO AQUAFAST MAGIA E SEDUCAO 500ML,2468.0,12004.13
DESINFETANTE IGUAL JASMIM 500ML,4786.0,12002.99
SABAO EM PO ATOL COCO 800G,2067.0,11992.95
SABAO EM PO MARINA MULTIACAO 3KG,571.0,11985.7
DETERGENTE LIQUIDO ORIENTAL NEUTRO 5L,778.0,11972.66
CLORO LIQUIDO CRIS AGUA 5LT,450.0,11957.07
SABAO LIQUIDO OI LAVANDA 5L,464.0,11956.75
DETERGENTE LIQUIDO BIO BRILHO MACA 500ML,6935.0,11948.3
AGUA SANITARIA PONTAL 1L,4390.0,11928.49
AGUA SANITARIA PRINCESA 2L,1717.0,11918.48
DETERGENTE LIQUIDO UBERABA 500ML,6297.0,11906.32
AGUA SANITARIA DESOMAX 1L,4242.0,11901.21
DETERGENTE LIQUIDO BRINORT LIMAO 500ML,5925.0,11898.37
LIMPADOR MULTIUSO FACILLE 1L,1745.0,11894.8
AMACIANTE CONCENTRADO OESTE PASSION 1L,881.0,11885.15
DETERGENTE LIQUIDO ODD COCO 24X500ML,245.0,11878.32
AGUA SANITARIA BE 2L,2374.0,11874.53
CLORO 1KG 3X1 ATCLLOR ESTABILIZADO  - 00,477.0,11839.21
SABAO LIQUIDO MAX LAR SENSACAO 3L,936.0,11834.83
SABAO EM PO MEU LAR LAVANDA BLOCK 400G,3843.0,11829.84
DETERGENTE LIQUIDO ASTOLLI MACA 500ML,8601.0,11823.47
DESINFETANTE PINHO ALPES FLORAL 500ML,3586.0,11819.5
LIMPADOR PET SANOL DOG ELIMINADOR DE ODORES LAVANDA 2L,626.0,11817.05
LIMPADOR ESSENCIA COALA HORTELA 120ML,800.0,11803.25
LIMPADOR ESSENCIA ZUPP FLORAL 120ML,1187.0,11802.6
DETERGENTE LIQUIDO JUA LIMAO 2L,1442.0,11790.5
SABAO EM PO ATOL FRESCOR COCO 400G,4006.0,11789.2
DESINFETANTE MAIS FAMILIA LAVANDA 5L,705.0,11776.54
AMACIANTE DILUIDO ZAVASKI LAVANDA 5L,610.0,11770.61
DESINFETANTE ATRIUS FLORAL 5L,998.0,11760.5
SABAO LIQUIDO DU REI FRESH 3L,1047.0,11751.73
DESINFETANTE AZULIM FLORATA 5L,546.0,11748.08
AMACIANTE DILUIDO GUARANI CELESTE 5L,652.0,11746.73
"AMACIANTE DILUIDO DE ROUPA ALPES AZUL INTENSO 1,8L",1554.0,11724.92
AMACIANTE CONCENTRADO TUFF LE JARDIM 500ML,1353.0,11714.5
SABAO LIQUIDO LEVO AZUL 2L,1070.0,11709.53
DETERGENTE LIQUIDO BRILHA SUL LIMAO 1L,3116.0,11671.97
LIMPADOR PERFUMADO GUIMARAES JASMIN E ALGAS MARINHAS 2L,902.0,11670.26
SABAO EM PO ORIENTAL LAVANDA 500G,4325.415,11669.39
LIMPADOR MULTIUSO TUDO FLOTADOR GATILHO 500ML,897.0,11664.77
AMACIANTE CONCENTRADO TUFF SPLENDOR 1L,836.0,11662.73
SABAO EM PO ABSOLUTO LAVANDA 400G,7713.0,11661.36
AMACIANTE DILUIDO PELOUCHE DOCE PRIMAVERA 2L,1801.0,11658.7
LIMPADOR DE VIDRO VITREO CRISTAL REFIL 500ML,1368.0,11656.16
DETERGENTE LIQUIDO UNOLAR CLEAR 5L,807.0,11645.82
DETERGENTE LIQUIDO ALPES CLEAR 1L,2160.0,11626.91
AGUA SANITARIA LIMPE BEM 5L,1127.0,11624.0
DETERGENTE LIQUIDO LAVO NEUTRO 500ML,8602.0,11618.93
LIMPADOR MULTIUSO SAIF BICARB+ALCOOL ORANGE SQUEEZE 500ML,1279.0,11590.14
AGUA SANITARIA PRINCESA 1L,3869.0,11588.23
SABAO LIQUIDO LIMPEMAX LIQ BLUE 2L,1133.0,11550.69
DESINFETANTE NUTRILAR FLOR DE CEREJEIRA 1L,3141.0,11549.8
AGUA SANITARIA DACASA CLORO ATIVO 5L,1411.0,11547.97
DESENGORDURANTE PRIME GRILL LIMPA GRELHAS 500ML,376.0,11541.35
LIMPADOR MULTIUSO BRILUX ACAO BACTERICIDA 500ML,2320.0,11540.98
SABAO LIQUIDO BARRA COCO 500ML,1288.0,11523.09
VEJA DESINFETANTE POWER ACTION PINHO 500ML SQUEEZE,1044.0,11511.21
REMOVEDOR BUFAL,2035.0,11468.3
AMACIANTE DILUIDO MEU LAR CRIANCA FELIZ 2L,1570.0,11445.54
AMACIANTE CONCENTRADO SECRETS ZUPP 500ML,1164.0,11440.72
PACE CLORO GRANULADO 7 EM 1 10KG,51.0,11435.06
SABAO EM PO ESPUMIL LAVANDA SACHE 400G,6131.0,11433.28
AGUA SANITARIA SUPER GLOBO TRADICIONAL 5L,574.0,11430.87
DETERGENTE LIQUIDO SMART NEUTRO 500ML,5914.0,11404.0
CLORO CLOROMAIS 1L,2771.0,11403.08
SABAO LIQUIDO ZUPP MANCHAS 5L,220.0,11398.78
CLORO SUPREMA CONCENTRADO 5% 5L,586.0,11389.8
AMACIANTE CONCENTRADO FLOM INTENSE BREEZE SENSATION 900ML,649.0,11387.88
DESINFETANTE ECO VIDA FLORAL 3L,1437.0,11386.75
LIMPADOR PERFUMADO SUPER GLOBO VIDA MARINHA 1L,1631.0,11382.88
LIMPADOR PISCINA AQUAPOOL CLORO ORGANICO ESTAB TRIACTION 1KG,379.03999999999996,11377.52
"TIRA MANCHA ASSIM LIQUIDO ROUPAS BRANCAS E COLORIDAS 1,5L",513.0,11374.31
SABAO EM PO TIXAN YPE PRIMAVERA SC 500G,1950.0,11372.19
LIMPADOR PERFUMADO VEJA PERFUMES AGUAS MARANHENSES 2L,716.0,11357.44
"SABAO EM PO TIXAN YPE PRIMAVERA 20% DESC CX 1,6KG",648.0,11356.24
DETERGENTE LIQUIDO POLITRIZ NEUTRO 500ML,4623.0,11346.92
SABAO LIQUIDO COQUEL NATUREZA LIMPA COCO 1L,822.0,11345.03
AMACIANTE DILUIDO JUA LAVANDA 5L,557.0,11343.14
AMACIANTE DILUIDO MINUANO CLASSICO CARINHO 6X2L,273.0,11343.0
DETERGENTE LIQUIDO LAVA BEM CLEAR 500ML,6276.0,11338.43
DESINFETANTE POLITRIZ EUCALIPTO 3L,949.0,11334.32
AMACIANTE DILUIDO BEM TE VI TOQUE DE CARINHO 5L,757.0,11331.81
DETERGENTE LIQUIDO MARINA 5L,315.0,11325.83
CLORO CLASSIC EXTRA FORTE 5L,576.0,11316.5
LIMPADOR MULTIUSO QBOA INOX E VIDRO 500ML,2388.0,11309.68
AMACIANTE DILUIDO LAVA BEM AZUL TERNURA 2L,1261.0,11308.98
LIMPADOR ESSENCIA UBON CONCENTRADO FLOLHAS DE BAMBU 140ML,738.0,11307.65
"SABAO EM PO ZAB ACAO TOTAL 1,6KG",705.0,11303.75
DESINFETANTE KALIPTO FLORAL 2L,1212.0,11298.82
AMACIANTE CONCENTRADO BRILUX OUTONO 400ML,1773.0,11292.65
DETERGENTE LIQUIDO ATILA MACA 500ML,6322.0,11287.59
LIMPADOR ESSENCIA CONCENTRADA CASAFLOR  LEVEZA E CALMA 120ML,907.0,11287.21
ALVEJANTE AGE SEM CLORO 5L,501.0,11284.18
DESINFETANTE TEIU LAVANDA 5L,482.0,11282.93
DETERGENTE LIQUIDO YPE LIMAO 24X500ML,209.24990000000003,11279.9
DETERGENTE LIQUIDO AQUAFAST LIMAO 5L,519.0,11256.84
AMACIANTE CONCENTRADO BRILUX FLORES DE PRIMAVERA 400ML,1762.0,11255.13
DESINFETANTE MARILUX PINHO E BAMBOO 2L,1927.0,11252.13
SABAO LIQUIDO GOTA LIMPA COCO 2L,650.0,11249.1
DESINFETANTE EPORT LAVANDA 2L,1805.0,11247.96
SABAO EM PO ASTER MULTIACAO 1.6KG,1172.0,11242.53
SABAO LIQUIDO MODALVA ACTION AZUL 2L,1211.0,11230.17
DESINFETANTE BRILHA SUL TALCO 2L,1765.0,11228.67
DESENGORDURANTE FORCA AZUL LIMPA FORNO SPRAY 400ML,494.0,11226.34
SABAO LIQUIDO ORIENTAL LIQUIDO COCO 1L,1551.0,11226.05
AMACIANTE DILUIDO HIPER PLUS AMANHECER 2L,2006.0,11222.79
AGUA SANITARIA ECONOMICO BRANCO TOTAL 6X2L,346.0,11220.66
DESINFETANTE POLILUZ EUCALIPTO 2L,1686.0,11218.07
DETERGENTE LIQUIDO ZAB NEUTRO 2L,1581.0,11216.6
LAVA ROUPAS TRIEX MAXGREEN LIQ.5LT,295.0,11216.07
SABAO LIQUIDO NUTRILAR SUAVIDADE 1L,1040.0,11215.36
ALVEJANTE CLASSIC SEM CLORO WHITE 2L,732.0,11207.16
DETERGENTE LIQUIDO ZAB NEUTRO 5L,586.0,11184.46
AMACIANTE DILUIDO BRILHA SUL ROXO 2L,1890.0,11182.51
AGUA SANITARIA MINHA CASA 5L,1050.0,11179.54
DESENGORDURANTE MR MUSCULO COZINHA LARANJA REFIL 500ML,554.0,11179.15
AMACIANTE CONCENTRADO FLOM TRADICIONAL 900ML,687.0,11176.12
LIMPEZA PESADA REAX LIMPA PEDRAS 1L,366.0,11172.23
LIMPADOR MULTIUSO LIMPOL COM ALCOOL SQUEEZE 500ML,2054.0,11165.89
AMACIANTE DILUIDO TUFF AZUL 500ML,2412.0,11159.42
"LIMPADOR PERFUMADO UAU LAVANDA E CONFORTO 1,8L",781.0,11146.42
ALVEJANTE BUFALO SEM CLORO TRADICIONAL 2L,819.0,11145.04
LIMPADOR MULTIUSO DONA CLARA CLORO ATIV 2X500ML+MULTI 500ML,1094.0,11144.2
TIRA MANCHA PLUSH EM PO SEM CLORO MULTIUSO 450G,557.986,11135.41
"AMACIANTE DILUIDO YPE ACONCHEGO 6XLV2L PG1,6L 12L",256.0,11129.58
TIRA MANCHA BRILHANTE EM PO  S/CLORO FRESH 380G,703.0,11117.75
AMACIANTE DILUIDO ZAVASKI FLORAL 2L,1422.0,11110.69
DETERGENTE LIQUIDO UNOLAR CAMPIM LIMAO 500ML,6997.0,11105.46
"DESINFETANTE ALPES PINHO LAVANDA 3,6L",807.0,11101.8
SABAO EM PO CANDURA FLORAL 800G,1592.0,11093.95
DETERGENTE LIQUIDO MARINA NEUTRO 5L,531.0,11092.26
SABAO LIQUIDO REALCE PLUS GREEN CLEAN 2L,1468.0,11086.18
AMACIANTE DILUIDO SOFT MAX 2L,2024.0,11085.01
TIRA MANCHA BRILUX O2 REFIL PG450ML LV500ML,1280.0,11084.1
SABAO EM PO BEM TE VI PERFUME DAS FLORES 500G,3458.0,11083.18
TIRA MANCHA TRIEX SEM CLORO MULTIUSO 450G,489.0,11072.16
DETERGENTE LIQUIDO YPE NEUTRO E6 6X500ML,723.0,11067.23
"SABAO EM PO QUALIMP 1,6KG",1272.0,11056.55
AMACIANTE DILUIDO ATOL JARDIM PERFUMADO 5L,1681.0,11050.84
SABAO EM PO ASSIM TRIPLA ACAO EMB ECONOMICA 20X800G,112.0,11042.59
AMACIANTE DILUIDO TOPAZIO FRESCOR 2L,2268.0,11038.45
AMACIANTE CONCENTRADO TAKLIM SUBLIME 1L,767.0,11034.86
REMOVEDOR PERFUMADO BUFALO FLORAL 1L,393.0,11034.45
AGUA SANITARIA BUFALO 2L,1525.0,11034.18
AMACIANTE DILUIDO ECONOMICO SOFT YELLOW 2L,1348.0,11021.63
SABAO LIQUIDO CAMPESTRE DASNEVES 2L,1674.0,11016.43
LIMPADOR PISCINA QCLOR SULFATO DE ALUMINIO 2KG,503.0,11013.63
AMACIANTE CONCENTRADO QUALYBRILL CARINHO 2L,2428.0,11012.61
LIMPEZA PESADA NATHAN LIMPA PEDRAS 2L,641.0,11011.87
DESINFETANTE COALA CONCENTRADO BAMBU 3EM1 120ML,696.0,11008.58
"AMACIANTE DILUIDO BABY SOFT TOQUE DE CARINHO LV5L PG 4,5L",604.0,11004.9
LIMPADOR ESSENCIA SANTO BRILHO LAVANDA 140ML,992.0,11002.15
SABAO EM PO REDE INTEGRADA MULTIACAO 400G,4973.0,10998.13
AMACIANTE DILUIDO SOFT BLUE 2L,1574.0,10984.09
AGUA SANITARIA BIG SOFT GF 2L,2005.0,10982.39
DESINFETANTE EDILIMP FLOR DO ORIENTE 2L,1702.0,10956.33
"CLORO ESTAB 7,5KG GENCO 3 EM 1 MULTIPLA",51.0,10948.77
AGUA SANITARIA ASA LESTE 1L,2892.0,10946.19
DETERGENTE LIQUIDO LIMPADUA LIMAO 500ML,5557.0,10944.21
AMACIANTE DILUIDO KI JOIA TALCO 2L,1566.0,10934.6
DETERGENTE LIQUIDO MARINA NEUTRO 500ML,4833.0,10933.17
AMACIANTE CONCENTRADO FLOM INTENSE WHITE PETALS 900ML,677.0,10924.96
AMACIANTE CONCENTRADO SOFT PLUS HARMONIA 1L,854.0,10917.76
AGUA SANITARIA CRISTAL BRANCA 5L,867.0,10910.89
DESINFETANTE GLOBAL MAX FLORAL 2L,2109.0,10900.32
LIMPADOR PERFUMADO CASAFLOR BRASILIDADES CAJU 500ML,2313.0,10895.36
LIMPADOR PERFUMADO GUIMARAES FLOR DE LIRIOS E BAUNILHA 2L,851.0,10889.8
DESINFETANTE ZAB PINHO GEL FLORAL 2L,859.0,10889.74
DETERGENTE LIQUIDO MARINA CLEAR 500ML,4901.0,10882.94
LIMPADOR DE VIDRO V8 ANTI EMBACANTE 240ML,683.0,10881.57
AGUA SANITARIA AGE LIMP 2L,1963.0,10880.49
DESINFETANTE BUFALO PINHO 750ML,3187.0,10879.34
AMACIANTE DILUIDO LIMPADUA ROSA 2L,1770.0,10874.63
AMACIANTE DILUIDO QBOA SENSE DELICADEZA 2L,1188.0,10869.97
AMACIANTE DILUIDO ZAB 2L,1305.0,10857.23
AMACIANTE CONCENTRADO BABY SOFT TOQUE SEDUTOR 1L,947.0,10854.89
DESINFETANTE RADIANTE PINHO TRADICIONAL 1L,2356.0,10852.15
"SABAO EM PO INVICTO ACTION SUPERACAO 2,4KG",551.0,10843.71
AMACIANTE DILUIDO TOPAZIO LEVEZA 2L,2220.0,10842.76
LIMPADOR PERFUMADO FACILLE FRESCOR DE ALECRIM 1L,1499.0,10836.11
SABAO LIQUIDO ZAB LAVA ROUPAS TOQUE DE FRESCOR 2000ML,673.0,10832.3
SABAO EM PO PROEZA 800G,1458.0,10822.88
LIMPADOR MULTIUSO SUPER GLOBO +PERFUME LIRIOS AZUIS 500ML,3070.0,10813.16
DETERGENTE LIQUIDO TANLUX COCO 500ML,7465.0,10810.74
TIRA MANCHAS GUIMARAES S/CLORO OXIGENIO ATIVO 2L,503.0,10802.33
DESINFETANTE NUTRILAR ALECRIM DOURADO 1L,2890.0,10799.37
AGUA SANITARIA NUTRILAR COM CLORO ATIVO 5L,792.0,10793.49
SABAO LIQUIDO LIMPEBEM CONFORT 5L,422.0,10792.49
REMOVEDOR BARRA FAISCA PET 1L,309.0,10792.45
DESINFETANTE ZAVASKI LAVANDA 5L,670.0,10774.66
LIMPADOR MULTIUSO GLOBO SAN LIMPA AR CONDICIONADO 1L,1925.0,10771.69
DESINFETANTE AZULIM WAVE 5L,468.0,10761.33
DESINFETANTE VEJA POWER ACTION PINHO 1L,653.0,10750.8
CLORO PROWATER 5LT,509.0,10748.0
DETERGENTE LIQUIDO ODD CLEAR 24X500ML,230.0,10745.76
AGUA SANITARIA PARANAIBA 5L,976.0,10730.7
SABAO EM PO MARILUX SUAVE 400G,4987.0,10720.34
SABAO EM PO TIXAN YPE PRIMAVERA SC 2KG,485.0,10719.69
AGUA SANITARIA SOL 1L,2883.0,10708.9
TIRA MANCHA SAIF SEM CLORO MULTIUSO 3L,431.0,10691.15
SABAO LIQUIDO BARBAREX COCO 5L,364.0,10673.92
LIMPADOR PISICNA SULFATO DE ALUMINIO HIDROALL 2KG,474.0,10673.81
LIMPADOR PERFUMADO SUPER GLOBO PAIXAO 1L,1515.0,10668.65
LIMPADOR ESSENCIA NOGUEIRA AROMA BEBE 125ML,1335.0,10668.31
LIMPADOR DE VIDRO ZIP SPRAY 400ML,678.0,10660.29
AMACIANTE CONCENTRADO SUAVE LAR COCO E BAUNILHA 1L,701.0,10659.31
AGUA SANITARIA ARIA KIMAX 1L,3276.0,10655.54
AMACIANTE DILUIDO KI JOIA PRIMAVERA 2L,1515.0,10649.62
DETERGENTE LIQUIDO MARILUX NEUTRO 5L,680.0,10643.4
DESINFETANTE ZUPP TRADICIONAL 1L,1675.0,10637.96
DETERGENTE LIQUIDO ALPES LIMA LIMAO 500ML,4931.0,10634.61
TIRA MANCHA LEVE BRISA MULTIUSO 450G,623.0,10626.36
TIRA MANCHA SAIF +BRANCO SEM CLORO MULTIUSO 1L,1056.0,10618.01
LIMPADOR PET PETBRILHO ELIMINA ODORES CITRONELA 2L,711.0,10607.4
ALVEJANTE JARI SEM CLORO 1L,2058.0,10565.56
ALVEJANTE GOTA LIMPA SEM CLORO MULTIUSO 3L,608.0,10561.74
"SABAO LIQUIDO LIMPEBEM TROPICAL PG2,7L LV3L 3L",733.0,10544.11
LIMPADOR DE VIDRO JUA SPRAY 3 EM 1 500ML,1107.0,10541.17
DETERGENTE LIQUIDO ESFRELUX LIMAO 500ML,5194.0,10536.22
LIMPADOR MULTIUSO AQUAFAST SEDUCAO 500ML,2206.0,10535.06
AGUA SANITARIA LUMINOSA 2L,2106.0,10534.26
AMACIANTE CONCENTRADO TAKLIM PREM SUBLIME 1L,1272.0,10519.27
DETERGENTE LIQUIDO ZAVASKI NEUTRO 1L,2373.0,10514.74
DETERGENTE LIQUIDO DULAGO NEUTRO 500ML,7598.0,10513.05
CLORO MONTELAGOS 1L,2505.0,10508.29
ALVEJANTE BARBAREX SEM CLORO 1L,1794.0,10495.92
SABAO LIQUIDO MON BIJOU ROUPAS ESCURAS E PRETAS 1L,406.0,10495.31
LIMPADOR DE VIDRO RODABRILL 500ML,476.0,10477.89
DESINFETANTE ULTRALAR LAVANDA 5L,599.0,10477.49
SABAO LIQUIDO ALPES BLUE 3600ML,398.0,10472.6
LIMPADOR MULTIUSO LIMPOL MULTIUSO AZUL E LARANJA 500ML,2050.0,10468.69
"SABAO LIQUIDO COQUEL COCO PROMO PG 1,35L LV 1,5L",320.0,10465.19
AMACIANTE DILUIDO BABY SOFT TOQUE DE CARINHO 6X2L,324.0,10455.49
AMACIANTE CONCENTRADO DOWNY BRISA SUAVE 12X500ML,151.0,10454.92
DETERGENTE LIQUIDO LIMPA FACIL NEUTRO 500ML,6743.0,10452.95
DESINFETANTE HIPER PLUS LAVANDA 2L,1768.0,10447.51
DESENGORDURANTE LIMPOL COZINHA REFIL 500ML,756.0,10442.78
AMACIANTE CONCENTRADO ASSIM JASMIM E CASSIS L500P450 500ML,1339.0,10441.31
LIMPADOR PERFUMADO CASA E PERFUME BELA FLORE 12X500ML,231.0,10433.89
CLORO EM GEL MAYOR MAGICO 2L,634.0,10428.24
SABAO LIQUIDO LUME MAXX FLORAL 3L,759.0,10423.49
SABAO LIQUIDO COQUEL ERVAS 500ML,810.0,10415.65
AMACIANTE DILUIDO BRISA BUQUE DE FLORES 500ML,2785.0,10409.68
SABAO LIQUIDO SETE AZUL 900ML,883.0,10402.81
SABAO EM PO BRILUX FLORAL 4KG,254.0,10401.31
AMACIANTE DILUIDO ZAVASKI  BRISA DO CAMPO 2L,1333.0,10398.45
LIMPEZA PESADA BEL LAR DESENTUPIDOR LIQUIDO PIAS E RALOS 1L,353.0,10388.48
LIMPADOR PISCINA QUIBENNE CLORO CRYSTAL 10KG,46.0,10383.6
LIMPADOR PERFUMADO LEVO LAVANDA 2L,1635.0,10381.06
DETERGENTE LIQUIDO ZAVASKI LAVANDA 500ML,5923.0,10374.16
AMACIANTE CONCENTRADO COMFORT FRESCO INTENSO EMB ECON 3L,176.0,10360.17
AMACIANTE DILUIDO HIPER PLUS ROSA 2L,1860.0,10357.05
DESENGORDURANTE AROMASIL 500ML,629.0,10333.62
LIMPADOR PISCINA QCLOR CLARIFICANTE 1L,497.0,10329.15
DETERGENTE LIQUIDO ATILA CLEAR 500ML,6001.0,10327.61
DESINFETANTE TOPAZIO FRESCOR OCEANICO PLUS 2L,1976.0,10316.85
DETERGENTE LIQUIDO QUASAR NATURAL CLEAR 2L,1399.0,10314.44
ALVEJANTE KIMAFLOR SEM CLORO 2L,510.0,10296.29
DETERGENTE LIQUIDO YPE CLEAR CARE 24X500ML,214.16660000000002,10287.03
SABAO EM PO ESPUMIL FLORES 400G,5984.0,10284.63
SABAO EM PO OESTE BRANQUEADOR 1KG,1938.0,10282.48
LIMPEZA PESADA ZAP CLEAN LIMPA ESTOFADOS E CARPETES 500ML,860.0,10259.86
DESINFETANTE LAVABEM ERVA DOCE 2L,1460.0,10257.79
SABAO EM PO ARES FLORES DO CAMPO 1KG,1837.0,10252.92
AGUA SANITARIA KINTANA GF 1L,3076.0,10246.38
DESENGORDURANTE SEMORIN A SECO 150ML,333.0,10241.54
DETERGENTE LIQUIDO MAX CLEAR LIMAO 2L,1586.0,10233.25
AMACIANTE DILUIDO MACIO AZUL 2L,1416.0,10228.22
DESINFETANTE BRILUX LAVANDA LEITOSO 2L,1191.0,10225.58
"SABAO LIQUIDO OLA DELICADAS ORIGINAL 1,75L",233.0,10224.31
DETERGENTE LIQUIDO AZULIM NEUTRO 5L,430.0,10219.06
SBPO PO SURF MULTIUSO ROSAS E FLOR LIS 1000G,1031.0,10217.47
LIMPEZA PESADA SUPER CLEAN EVOLUTION 1L,997.0,10213.55
DESINFETANTE LYSOCLIN BRUTO LAVANDA 1L,800.0,10210.75
LIMPADOR DE VIDRO TEIU LIQUIDO TRAD 500ML,1851.0,10205.13
SABAO LIQUIDO HIGI CALCINHA TEEN 300ML,682.0,10204.05
AGUA SANITARIA ASCERTE 2L,1941.0,10195.98
TIRA MANCHA JUA SEM CLORO PREMIUM 500G,512.0,10189.56
"TIRA MANCHA CANDURA 1,5L",1050.0,10172.28
LIMPADOR ESSENCIA AROMASIL CONC LIRIO BCO ALECRIM 140ML,1085.0,10171.29
SABAO LIQUIDO COQUEL COCO 3L,203.0,10170.53
DESINFETANTE SANOL PINHO MARINE 1L,1381.0,10164.68
DESINFETANTE GUARANI LAVANDA 5L,644.0,10163.77
SABAO LIQUIDO ZAB TOQUE DE FRESCOR 3L,474.0,10155.84
DESINFETANTE AZULIM ALECRIM 1L,1715.0,10154.91
LIMPADOR PERFUMADO AROMASIL FLORES DO CAMPO SENHORA CASA 1L,1184.0,10148.39
LIMPADOR ESSENCIA LIMPADUA EUCALIPTO 200ML,649.0,10143.15
DETERGENTE LIQUIDO ALICE NEUTRO 500ML,7510.0,10141.0
DETERGENTE LIQUIDO RADIANTE CLEAR 500ML,6080.0,10137.59
AGUA SANITARIA GUIMARAES CLORO ATIVO 5L,339.0,10130.23
TIRA MANCHA MARINA SEM CLORO EM PO PT 450G,490.0,10128.01
DESINFETANTE ORIENTAL JASMIM 500ML,4055.0,10124.22
DESINFETANTE BIG SOFT LAVANDA 2L,1620.0,10110.88
AMACIANTE DILUIDO KIMAX PLUS ACONCHEGO 5L,605.0,10094.86
ALVEJANTE TA BOA COM CLORO C/DETERGENTE PLUS 5L,456.0,10092.82
LIMPADOR ESSENCIA CASAFLOR CONCENTRADO FIGO NEGRO 120ML,811.0,10087.0
PROD PISC QUIBENNE 1L ALGICIDA CHOQUE,287.0,10081.63
SABAO LIQUIDO BARBAREX 2L,791.0,10080.85
LIMPADOR MULTIUSO YPE GREEN SQUEEZE 500ML,2129.0,10076.2
AMACIANTE DILUIDO EPORT AZUL 5L,721.0,10069.43
DETERGENTE LIQUIDO TOPAZIO MACA 500ML,5308.0,10066.66
SABAO LIQUIDO LANDRY LAVA ROUPA 6L,350.0,10059.0
ALVEJANTE PURE FRESH SEM CLORO 5L,541.0,10041.55
DESINFETANTE ALPES PINHO 5L,619.0,10030.92
SABAO LIQUIDO ESTRELA COCO 1L,1064.0,10029.46
LIMPADOR DE VIDRO ZUPP CRISTAL GATILHO 500ML,736.0,10019.6
AMACIANTE DILUIDO ALPES EMOCOES 5L,618.0,9992.34
SABAO LIQUIDO MON BIJOU COCO 500ML,679.0,9989.05
LIMPEZA PESADA SANOL CLORO ATIVO 500ML,1223.0,9965.29
LIMPADOR DE VIDRO SANOL SQUEEZE 500ML,1413.0,9965.13
AMACIANTE DILUIDO OESTE 2L,1398.0,9953.45
ALVEJANTE PRINCESA SEM CLORO 1L,1803.0,9946.86
LIMPADOR ESSENCIA START OLEO DE EUCALIPTO 140ML,625.0,9942.0
ALVEJANTE SUPER MAX SEM CLORO 5L,565.0,9941.06
DESINFETANTE PINHO BRIL POWER LAVANDA 1L,708.0,9929.39
LIMPEZA PESADA DIABO VERDE DESENTUPIDOR PIAS E RALOS 6X300G,96.0,9920.7
LIMPADOR PERFUMADO BRINORT AMAZONIA 2L,1514.0,9917.24
DESENGORDURANTE CASA CLEAN COZINHA TOTAL 910ML,770.0,9908.8
SABAO LIQUIDO ORIENTAL MAX ACAO 1L,1263.0,9902.0
AMACIANTE CONCENTRADO BABY SOFT TOQUE ENVOLVENTE 1L,801.0,9891.97
AMACIANTE DILUIDO TUFF AROMA ENVOLVENTE 3L,588.0,9888.53
DESENGORDURANTE AJAX 500ML,788.0,9880.18
DETERGENTE LIQUIDO TOPAZIO LIMAO 500ML,5236.0,9874.52
DETERGENTE LIQUIDO ASTOLLI LIMAO 500ML,7194.0,9870.87
CLORO MONTELAGOS 5L,529.0,9859.14
"AMACIANTE DILUIDO YPE ACONCHEGO L2LP1,8L 6X2L",230.0,9858.3
LIMPADOR PERFUMADO QUASAR EUCALIPTO ULTRA 2L,1565.0,9856.71
DESINFETANTE RADIANTE LAVANDA 1L,2178.0,9855.11
CLORO HELLUS MULTIACAO QUIBENNE 10KG,60.0,9851.6
ALVEJANTE KIMAFLOR SEM CLORO GENTILE ROUPAS BCO 2L,485.0,9840.35
AMACIANTE CONCENTRADO ROMANCE ZUPP 500ML,1007.0,9830.84
DESINFETANTE AQUAFAST HARMONIA NATURAL 1L,1534.0,9823.89
LIMPADOR MULTIUSO SUPER DOM LIMPA ESTOFADO 300ML,557.0,9823.1
AGUA SANITARIA OLIMPO 12X1L,418.0,9822.89
AGUA SANITARIA CLASSE A 5L,751.0,9812.21
AMACIANTE DILUIDO MARINA FLORES 2L,1409.0,9811.4
DETERGENTE LIQUIDO BIO BRILHO LIMAO 500ML,5658.0,9809.79
ALVEJANTE TAQLIMPO SEM CLORO BRANQUEADOR 5L,456.0,9804.97
AMACIANTE CONCENTRADO DOWNY VERAO TROPICAL 3L,157.0,9792.79
ALVEJANTE TEIU COM CLORO ATIVO FLORAL 2L,1161.0,9787.76
LIMPADOR ESSENCIA CONCENTRADA CASAFLOR INFANCIA 120ML,794.0,9786.67
TIRA MANCHA MON BIJOU TIRA FERRUGEM 3 EM 1 50ML,815.0,9781.84
AMACIANTE DILUIDO OESTE BIRSA 2L,1346.0,9762.05
SABAO LIQUIDO CLASS 3L,470.0,9759.47
LIMPADORES PISCINA CLORO MONTREAL LIGHT BLUE 10KG,65.0,9759.26
LIMPADOR ESSENCIA NOGUEIRA CASA LIMPA 125ML,1234.0,9757.13
AMACIANTE CONCENTRADO TUFF POEME 500ML,1188.0,9754.19
REMOVEDOR ROSAMAX COM QUEROSENE 900ML,1062.0,9751.55
DETERGENTE LIQUIDO BRILHA SUL CRISTAL 1L,2518.0,9748.91
ALVEJANTE TEIU COM CLORO ATIVO C/DETERGENTE LAVANDA 2L,1148.0,9744.44
TIRA MANCHA BRILUX LIQ BRANQ REFIL PODER O2 P450ML L500ML,1115.0,9743.52
DETERGENTE LIQUIDO RADIANTE COCO 2L,1584.0,9734.53
AMACIANTE CONCENTRADO URCA TERNURA 1L,879.0,9732.63
AMACIANTE DILUIDO GLOBAL MAX PLENITUDE 2L,1873.0,9725.54
AGUA SANITARIA CLORADA VERDE 1L,3708.0,9722.06
"AMACIANTE CONCENTRADO SOFT PLUS ELEGANCIA 1,5L",547.0,9695.41
LIMPADOR DE VIDRO MR MUSCULO COM GATILHO 500ML,339.0,9694.15
LIMPADOR PERFUMADO CASAFLOR SERENE 500ML,2453.0,9685.64
DETERGENTE LIQUIDO NOVO REINO NEUTRO 2L,1304.0,9683.27
"SABAO EM PO MAZZU DE ALCOOL 1,8KG",416.0,9674.3
ALGICIDA CHOQUE E MANUTENCAO AQUAPOOL 1L,428.0,9673.93
PROD PISC QUIBENNE 2KG DECANTADOR,405.0,9671.41
AGUA SANITARIA ASA LESTE 5L,623.8,9665.71
SABAO LIQUIDO DONA MARHIA VERDE 5L,561.0,9649.45
LIMPADOR ESSENCIA CONCENTRADA CASAFLOR ERVA DOCE 120ML,905.0,9645.31
AMACIANTE DILUIDO VIDA 1.8L,1688.0,9640.61
LIMPADOR ESSENCIA ZULU EUCALIPTO 120ML,1184.0,9634.87
DESINFETANTE FLUMINENSE EUCALIPTO 2L,1667.0,9630.9
DESINFETANTE ZAVASKI TALCO 2L,1194.0,9625.35
AMACIANTE DILUIDO HIPER PLUS PREMIUM 2L,1664.0,9624.74
AGUA SANITARIA YPE GALAO 4X5L,205.0,9613.71
LIMPADOR MULTIUSO AZULIM CUIDADO E PERFUME RAIO DE SOL 500ML,2651.0,9608.77
LIMPADOR PISCINA PROPOOL CLORO GRANULDO 3EM1 MULTIF 10KG,53.0,9601.01
DESINFETANTE MARINA CITRONELA 2L,1244.0,9586.86
DESENGORDURANTE PRIME GRILL LIMPA GRELHAS KIT 500ML,179.0,9582.37
LIMPADOR ESSENCIA CONCENTRADA POLITRIZ TALCO 140ML,921.0,9582.33
"AMACIANTE CONCENTRADO TUFF SPRING 1,5L",508.0,9572.99
"AMACIANTE DILUIDO INVICTO SEDUCAO 1,8L",1061.0,9572.78
ODORIZADOR DE ROUPA SAIF TERNURA PARA ROUPEIRO 100G,1072.0,9570.26
"ALVEJANTE ZAVASKI SEM CLORO ULTRA BRANCO 1,5L",684.0,9567.78
DESINFETANTE PINHO BRIL POWER CLASSICO 1L,717.0,9566.55
DETERGENTE LIQUIDO FACILLE LIMAO 500ML,4341.0,9562.41
LIMPADOR PERFUMADO AQUAFAST DOCE ROMANCE 500ML,1984.0,9557.17
REMOVEDOR ZULU TRADICIONAL 450ML,553.0,9554.81
AMACIANTE DILUIDO TEIU ALEGRIA 1L,1680.0,9554.61
LIMPADOR MULTIUSO BRILUX LIMAO C/ BICARBONATO DE SODIO 500ML,1868.0,9548.77
LIMPADOR PERFUMADO ZUPP BEM ESTAR LAVANDA 1L,1332.0,9540.44
LIMPADOR ESSENCIA CASAFLOR CONCENTRADO CRAVO E CANELA 120ML,759.0,9539.67
LIMPADOR PERFUMADO ZULU FLOR DE CACTO 1L,1032.0,9530.41
AMACIANTE CONCENTRADO MON BIJOU SEDUTICON ROSA 500ML,1023.0,9525.01
AMACIANTE CONCENTRADO PLUSH ELEGANCE 5L,502.0,9521.46
DESENGORDURANTE AQUAFAST LIMAO SQUEEZE 1L,811.0,9517.79
DETERGENTE LIQUIDO POLITRIZ CLEAR 500ML,3945.0,9513.44
SABAO LIQUIDO TIXAN YPE ANTIBAC RF 900ML,661.0,9512.01
DESINFETANTE AQUAFAST LAVANDA 500ML,2697.0,9511.52
SABAO EM PO LIMPA MAIS 4KG,375.0,9507.4
AGUA SANITARIA BOLTZ 5L,848.0,9502.49
SABAO EM PO ESPUMIL LAVANDA 4KG,547.0,9500.94
CLORO MAGICO MAYOR 2L,851.0,9488.04
LIMPADOR DE VIDRO GOTA LIMPA 4 EM 1 500ML,1421.0,9487.14
DESINFETANTE AZULIM DILUIVEL WAVE 140ML,936.0,9481.54
SABAO LIQUIDO OXENTE LIQ 2L,886.0,9480.71
SABAO LIQUIDO BARBAREX COCO 2L,567.0,9475.28
DETERGENTE LIQUIDO AGIFACIL CLEAR 500ML,5247.0,9471.98
LIMPADOR MULTIUSO MARINA TRADICIONAL 500ML,2715.0,9456.06
LIMPADOR ESSENCIA START OLEO DE CITRONELA 140ML,568.0,9456.03
DETERGENTE LIQUIDO BRANMIX NEUTRO 5L,596.0,9452.71
AMACIANTE DILUIDO MEU LAR BRILHO DO LUAR 2L,1290.0,9446.06
SABAO EM PO ALCOOL SETE 1KG,458.0,9441.96
LIMPEZA PESADA START MAXIMOOM UNIVERSAL REMOVEDOR 2L,292.0,9440.11
LIMPADOR MULTIUSO OESTE NI SPRAY 500ML,2603.0,9438.89
DESINFETANTE MARILUX LAVANDA 2L,1660.0,9437.96
AMACIANTE DILUIDO ZAB TOQUE DE CARINHO 5L,479.0,9435.07
SABAO LIQUIDO BIG SOFT AZUL 3L,567.0,9421.15
LIMPADOR PISCINA BARRILHA LEVE QCLOR 2KG,430.0,9420.16
DESINFETANTE LAVABEM LIMAO 2L,1336.0,9413.87
DETERGENTE LIQUIDO ORIENTAL NEUTRO 2L,1282.0,9402.12
AMACIANTE CONCENTRADO TUFF SPLENDOR 500ML,1142.0,9399.84
DESINFETANTE FLUMINENSE PINHO 2L,1631.0,9399.71
DESINFETANTE LYSOCLIN BACTERIC AEROSOL FRESC DA MANHA 400ML,284.0,9384.69
DETERGENTE LIQUIDO AMOLIM NEUTRO 500ML,5531.0,9381.63
DESINFETANTE IGUAL LAVANDA 500ML,3740.0,9370.33
LIMPADOR DE VIDRO GUIMARAES C/ ALCOOL 1L,447.0,9349.7
AMACIANTE DILUIDO GIRANDO SOL AZUL 1L,813.0,9340.85
DESINFETANTE LYSOFORM ORIGINAL 5L,152.0,9336.37
DETERGENTE LIQUIDO MINUANO CLEAR 24X500ML,215.0,9335.49
DETERGENTE LIQUIDO ESPUMIL CLEAR 500ML,5995.0,9328.01
ALVEJANTE KIMAX SEM CLORO 2L,591.0,9323.29
AGUA SANITARIA ATRIUS 3 EM 1 1L,2852.0,9319.65
SABAO LIQUIDO GOTA LIMPA ORIGINAL 1L,794.0,9315.73
DETERGENTE LIQUIDO SMART CLEAR 500ML,4835.0,9312.86
TIRA MANCHA RIALER PERCARBONATO DE SODIO 1KG,266.0,9304.68
TIRA MANCHA SUPER CANDIDA S/CLORO CORES 2L,464.0,9302.2
SULFATO DE ALUMINIO CRIS AGUA 2KG,466.0,9297.86
DESENGORDURANTE ZULU TRADICIONAL 1L,456.0,9295.37
LIMPEZA PESADA RIALER DETERGENTE CLORADO 5L,430.0,9292.16
SABAO LIQUIDO CANDURA ROUPAS BCA E COLOR COCO E AVELA 1L,1081.0,9288.48
LIMPADOR MULTIUSO AQUAFAST CHA BRANCO SQUEEZE 500ML,1922.0,9280.31
SABAO LIQUIDO UZU CLEAN AMOR ETERNO 3L,816.0,9278.02
AMACIANTE DILUIDO CONFORTEX AZUL 2L,1028.0,9277.12
DESINFETANTE COALA CONCENTRADO CRAVO E CANELA 3EM1 120ML,616.0,9271.49
LIMPADOR DE VIDRO SUPREMA SQUEEZE 500ML,1554.0,9265.02
LIMPADOR MULTIUSO AUDAX FACILITA CITRUS SPRAY 500ML,2834.0,9264.51
AMACIANTE CONCENTRADO GOTA LIMPA NATURESSE COCO E ALGODAO 1L,734.0,9259.79
SABAO LIQUIDO LIMPEBEM CLEAN 3L,628.0,9247.08
DETERGENTE LIQUIDO EDILIMP COCO 2L,1448.0,9241.22
DETERGENTE LIQUIDO LIMPA FACIL LIMAO 500ML,5927.0,9222.92
SABAO LIQUIDO NOVO LAR CONC 5L,324.0,9219.83
AMACIANTE DILUIDO GUARANI FANTASIA 2L,1258.0,9217.52
DETERGENTE LIQUIDO TRI-D EUCALIPTO 500ML,2730.0,9213.17
CLORO GENCO GENCLOR 10KG,34.0,9211.87
DETERGENTE LIQUIDO DULAGO MACA 500ML,6692.0,9211.16
DESINFETANTE TEIU LAVANDA 500ML,2588.0,9209.21
ALVEJANTE LIMPE BEM SEM CLORO 5L,510.0,9201.96
DESINFETANTE GIOCA EUCALIPTO 2L,1274.0,9199.06
SABAO EM PO LIMPADUA MULTIACAO 800G,1504.0,9196.87
SABAO LIQUIDO ECONOMICO LIMAO E BICARBONATO 3L,501.0,9193.83
AMACIANTE DILUIDO LIMPEZA FELIZ PUREZA AZUL 2L,1530.0,9193.21
DETERGENTE LIQUIDO LEVO NEUTRO 2L,1298.0,9189.27
LIMPADOR DE VIDRO DRAGAO COM ALCOOL 500ML,2183.0,9189.2
SABAO LIQUIDO CAPBLUE AZUL 2L,618.0,9181.54
CLORO ZAVASKI 1L,1334.0,9177.9
DESINFETANTE ORIENTAL ALFAZEMA 1L,2149.0,9177.52
DETERGENTE LIQUIDO DULAGO LIMAO 500ML,6685.0,9175.94
DETERGENTE LIQUIDO TOPAZIO NEUTRO 500ML,4834.0,9170.67
DESENGORDURANTE GOTA LIMPA 500ML,1326.0,9167.59
DESINFETANTE PET PROCAO ULTRA CONCENTRADO CITRONELA 1L,371.0,9165.44
LIMPADOR MULTIUSO AUDAX FACILITA FLORAL 500ML,2679.0,9159.96
SABAO LIQUIDO ORIENTAL 5L,311.0,9157.4
SABAO LIQUIDO DAS NEVES COCO 2L,1333.0,9153.04
LIMPADOR DE VIDRO ZUPP SQUEEZE 500ML,1552.0,9149.66
LIMPADOR ESSENCIA UBON CHEIRINHO DE TALCO 140ML,601.0,9149.45
LIMPADOR ESSENCIA SUAVE LAR TALCO 140ML,871.0,9148.63
SABAO LIQUIDO ABSOLUTO MULTIACAO 700ML,1650.0,9145.89
CLORO GENCO GRANULADO 1KG,227.0,9142.27
LIMPADOR MULTIUSO SUPER GLOBO FLORAL SPRAY 500ML,2657.0,9140.73
DESINFETANTE SAIF LAVANDA DO CAMPO 2L,1020.0,9133.03
AGUA SANITARIA MAIS LIMPO 2L,2372.0,9132.32
LIMPADOR MULTIUSO ALPES LAVANDA 500ML,2367.0,9124.47
SABAO LIQUIDO GUAIUBA FLORAL 5L,654.0,9122.26
SABAO EM PO ORIENTAL COCO 500G,3141.0,9121.25
DESINFETANTE NOVO REINO LAVANDA 2L,1492.0,9116.5
LIMPEZA PESADA TEIU GEL POWER MULTIUSO 1KG,1001.0,9100.48
DESINFETANTE BRILUX MARINE LEITOSO 2L,1015.0,9098.85
"DESINFETANTE ALPES PINHO FLORAL 3,6L",636.0,9093.36
AGUA SANITARIA FAZENDA GF 1L,2630.0,9092.89
AGUA SANITARIA PRINCESA 5L,542.0,9086.77
DESINFETANTE REMMUS EUCALIPTO 2L,1316.0,9081.74
SABAO LIQUIDO OMO G POL 5L,570.0,9079.02
DETERGENTE LIQUIDO ATILA LIMAO 500ML,5145.0,9074.48
LIMPADOR DE VIDRO TRIEX 500ML,1875.0,9074.41
DETERGENTE LIQUIDO BRINORT NEUTRO 500ML,4433.0,9067.05
LIMPADOR ESSENCIA AROMASIL CAMPESTRE 140ML,963.0,9065.39
LIMPADOR MULTIUSO ZAVASKI COM BICARBONATO 500ML,692.0,9059.44
LIMPADOR ESSENCIA LIMPADUA LAVANDA 100ML,975.0,9050.84
AGUA SANITARIA MIMO FRASCO 1L,4079.0,9049.83
SABAO LIQUIDO ROSAMAX BICARBONATO 2L,650.0,9049.46
DESINFETANTE TEIU FLORAL 5L,389.0,9048.34
DETERGENTE LIQUIDO SPA NEUTRO 1L,1651.0,9043.16
LIMPADOR MULTIUSO AZULIM OXI SQZ 500ML,2644.0,9033.75
DESINFETANTE BUFALO HERBAL 750ML,2622.0,9029.81
"SABAO EM PO VIDA SACHE 1,6KG",738.0,9022.16
DESINFETANTE QUASAR DAMA DA NOITE 5L,645.0,9021.44
LIMPADOR PERFUMADO SANOL CITRIC FLOWERS 1L,941.0,9018.97
AGUA SANITARIA BELEZA DE CANDIDA 2L,2131.0,9016.58
LIMPADOR ESSENCIA MIL FLORES FLORESTA 100ML,1497.0,9011.97
SABAO LIQUIDO BRILUX MULTIACAO COCO 1L,713.0,9010.38
SABAO LIQUIDO GLORIA AZUL 2L,738.0,9008.4
AMACIANTE DILUIDO RAJJA ACONCHEGO 2L,1336.0,8994.57
DESINFETANTE MAGICO PINHO GEL 1L,1075.0,8994.26
DESINFETANTE EPORT MARESIA 2L,1483.0,8986.58
AMACIANTE CONCENTRADO SOFT PLUS 1L,673.0,8980.3
AGUA SANITARIA JUA 5L,585.0,8976.95
LIMPADOR PISCINA BEL CLORO GLANULADO POTE 1KG,155.0,8976.71
AMACIANTE DILUIDO TUFF ALOE VERA 3L,554.0,8974.8
DESINFETANTE ZAVASKI CITRUS 2L,1118.0,8954.55
SABAO LIQUIDO SONHO BABY 500ML,612.0,8952.17
LIMPADOR DE VIDRO ZAVASKI REFIL 500ML,1349.0,8950.54
SABAO LIQUIDO HIGI CALCINHA SOFT 300ML,570.0,8947.54
DESINFETANTE ATRIUS EUCALIPTO 2L,1443.0,8933.84
LIMPADOR INST MULTI USO BUFALO REMOVEDOR PERF EUCALIPTO 500M,313.0,8928.97
DESINFETANTE MUNDIAL ESSENCIA 200ML,3077.0,8920.1
DETERGENTE LIQUIDO FACILLE MACA 500ML,4087.0,8910.43
CLORO LIQUIDO 5LT,269.0,8906.44
AGUA SANITARIA REDE UNIAO 2L,1669.0,8900.48
AMACIANTE DILUIDO ALPES AZUL 3600ML,596.0,8894.32
LIMPADOR MULTIUSO ZUPP POWER LAVANDA 500ML,2121.0,8893.23
LIMPADOR PERFUMADO SANOL GREEN FLOWERS 1L,930.0,8883.7
DESINFETANTE TRIEX FLORAL 500ML,3410.0,8873.87
SABAO LIQUIDO PLUSH 5L,238.0,8872.21
AMACIANTE DILUIDO SOFT PLUS 5L,367.0,8864.9
DETERGENTE LIQUIDO EDILIMP LIMAO 2L,1381.0,8856.22
SABAO LIQUIDO ESPUMIL AZUL 2L,862.0,8854.75
DESINFETANTE CREOLINA PEARSON 500ML,140.0,8851.85
AMACIANTE DILUIDO NOVO REINO CARINHO 2L,1245.0,8848.2
AMACIANTE CONCENTRADO ZUPP VELVET SECRETS 1L,530.0,8844.87
DESINFETANTE PINHO BRIL SILVESTRE PLUS 12X500ML,158.0,8842.76
SABAO LIQUIDO SONHO AZUL PROF 3L,315.0,8841.15
DESINFETANTE ARCHOTE LAVANDA 2L,1462.0,8834.58
LIMPADOR MULTIUSO ORIENTAL LAVANDA 500ML,2613.0,8833.74
DETERGENTE LIQUIDO QUASAR MACA 5L,470.0,8830.55
DESINFETANTE ESFRELUX ALGAS MARINHAS 2L,1190.0,8824.4
ALVEJANTE SUPER LAR SEM CLORO PARA ROUPAS COLORIDAS 5L,407.0,8823.26
TIRA MANCHA MON BIJOU EM PO 3 EM 1 ROUPAS BRAN/COLOR 450G,383.0,8818.93
LIMPADOR DE VIDRO GIOCA SQUEEZE 500ML,1516.0,8817.23
DETERGENTE LIQUIDO AGIFACIL COCO 500ML,5017.0,8816.65
SABAO LIQUIDO ECONOMICO LAVANDA 3L,480.0,8813.08
CLORO CLORAL 6X2L,204.0,8811.62
LIMPADOR ESSENCIA LIMPADUA BAMBOO 100ML,963.0,8810.36
LIMPADOR DE VIDRO FACILLE CRISTAL REFIL 500ML,666.0,8806.37
SABAO LIQUIDO MON BIJOU BABY NANA NENEM 1L,335.0,8798.56
DETERGENTE LIQUIDO ZAVASKI GLICERINADO 1L,1974.0,8784.82
CLORO CRYSTAL QUIBENNE 2KG 5EM1,132.0,8784.29
DESENGORDURANTE PERFECTO LIMPA FORNO 500ML,627.0,8766.25
SABAO LIQUIDO ORIENTAL COCO 2L,670.0,8766.06
AMACIANTE CONCENTRADO BUFALO VENTO DAS MONCOES 5L,314.0,8759.46
SABAO LIQUIDO RADIANTE COCO 700ML,1181.0,8759.21
ALVEJANTE ALVISH SEM CLORO 2L,719.0,8758.2
LIMPADOR MULTIUSO ORIENTAL CITRUS 500ML,2654.0,8745.98
DESINFETANTE RADIANTE PINHO 500ML,2988.0,8744.66
LIMPADOR MULTIUSO BUFALO TRADICIONAL SPRAY 500ML,2542.0,8741.5
LIMPADOR MULTIUSO TEIU TRADICIONAL SPRAY 500ML,1734.0,8739.88
DESINFETANTE PINHO BRIL CAMPOS LAVANDA 12X500ML,156.0,8735.58
ESSENCIA SENHORA CASA LAVANDA 120ML,1322.0,8734.5
DETERGENTE LIQUIDO LIMPA FACIL CONCENTRADO MACA 500ML,5666.0,8723.65
DESINFETANTE ZAVASKI JASMIM 2L,1094.0,8714.04
AMACIANTE DILUIDO AMOLIM ROSA TERNURA 5L,686.0,8709.28
DESINFETANTE RADIANTE LAVANDA 750ML,2653.0,8698.5
AGUA SANITARIA MARILUX VERDE 5L,830.0,8697.7
AMACIANTE DILUIDO MARINA FLORES 5L,566.0,8688.72
AMACIANTE DILUIDO PUFF BLUE INTENSE 2L,936.0,8687.62
DESINFETANTE EDILIMP ORQUIDEAS RARAS 2L,1343.0,8686.04
SABAO LIQUIDO QUASAR PERFUMADO 1L,1145.0,8685.5
AMACIANTE DILUIDO DRAGAO CARINHOSO AMARELO 2L,1351.0,8684.03
ARIEL LAVA ROUPAS LIQ CONC TQ DE DOWNY SC 900ML,528.0,8684.02
AMACIANTE DILUIDO VIDA BOUQUET DE FLORES 5L,664.0,8669.37
DESINFETANTE GOTA LIMPA PINHO 500ML,2451.0,8667.66
AMACIANTE DILUIDO ZAVASKI FASCINIO 5L,459.0,8666.88
DESENGORDURANTE AZULIM FORNO E MICROONDAS 500ML,568.0,8645.24
SABAO LIQUIDO ARES ACTION BLUE 5L,375.0,8643.44
AGUA SANITARIA INFLUX 1L,2676.0,8630.4
AMACIANTE DILUIDO REDEPAS TOQUE DE CARINHO 5L,654.0,8629.24
AMACIANTE DILUIDO AGIFACIL ACONCHEGO 2L,1192.0,8627.13
DESINFETANTE BRILUX EUCALIPTO LEITOSO 2L,981.0,8624.38
LIMPADOR PERFUMADO SANOL ROSE PETALS 1L,883.0,8619.98
LIMPADOR MULTIUSO BECKER LAVANDA 500ML,2138.0,8616.16
AMACIANTE DILUIDO SOFT BLUE 5L,504.0,8615.43
LIMPADOR DE VIDRO SUPER GLOBO 500ML,1559.0,8607.28
DESINFETANTE GUIMARAES FLORAL 5L,428.0,8605.45
DESINFETANTE POLITRIZ ALFAZEMA 500ML,2610.0,8602.09
AMACIANTE DILUIDO GBEL AZUL 2L,1153.0,8598.71
"DESINFETANTE PINHO SOL 2X POD. 1,75L",294.0,8593.73
DESINFETANTE BARBAREX SENSACOES 2L,1470.0,8587.95
DETERGENTE LIQUIDO PROEZA NEUTRO 5L,507.0,8581.46
LIMPADOR MULTIUSO ALPES LIMPEZA MAGICA REFIL 500ML,1376.0,8579.05
AGUA SANITARIA ALIANCA 5L,828.0,8576.39
"SABAO EM PO SANTA CLARA SACHE 2,4KG",503.0,8568.92
SABAO EM PO MON BIJOU COCO 500G,531.0,8567.92
AMACIANTE DILUIDO ECONOMICO ALOE VERA 2L,1067.0,8564.24
LIMPADOR PERFUMADO AQUAFAST FRESCOR DA MANHA 500ML,1794.0,8561.64
DETERGENTE LIQUIDO ESFRELUX TANGERINA 500ML,4239.0,8553.97
DESINFETANTE KIMAX LAVANDA 2L,1325.0,8537.88
TIRA MANCHA DIABO VERDE GATILHO 250ML,364.0,8537.46
SABAO EM PO BRILHANTE LIMPEZA TOTAL 6X2.4KG,74.0,8527.32
DESINFETANTE IVOLIMP 2L,1630.0,8515.57
"SABAO EM PO ESPUMIL FLORES 1,6KG",1110.0,8510.57
CLORO POLLI BRILHO HIPOCLORITO 1LT,1330.0,8509.92
DETERGENTE LIQUIDO ESPUMIL COCO 500ML,5426.0,8482.73
SABAO EM PO ASSIM TRIPLA ACAO FLORAL 900G,1006.0,8478.16
LIMPADOR ESSENCIA UBON ROSA BULGARA 140ML,551.0,8477.32
DESINFETANTE ZUPP FRESCOR LAVANDA 500ML,1965.0,8473.85
AMACIANTE DILUIDO GOTA LIMPA TALCO 2L,1071.0,8468.1
ALVEJANTE LAVANDEX SEM CLORO 5L,427.0,8463.94
DESENGORDURANTE CASA E LIMPEZA COZ 500ML,839.0,8463.27
ODORIZADOR DE ROUPA SAIF PARA ROUPEIRO 50G,962.0,8456.03
SABAO EM PO VALOR MULTIACAO 5KG,337.0,8453.09
CLORO EM GEL RADIANTE 1KG,1190.0,8449.43
DETERGENTE LIQUIDO FAMILIA + MARINE 500ML,3878.0,8438.48
SABAO LIQUIDO COALA THE QUEEN 3L,318.0,8434.99
AMACIANTE DILUIDO MEU LAR CARINHO DE MAE 1L,1707.0,8432.25
ALGICIDA MANUTENCAO QUIBENNE 1L,392.0,8430.17
SABAO LIQUIDO MARILUX LAVANDA E SONHOS 5L,380.0,8428.16
LIMPADOR MULTIUSO ZAB CLASSICO SPRAY 500ML,2278.0,8422.06
SABAO EM PO UNIC ROUPAS BR/COLO 1KG,1472.0,8417.03
DESINFETANTE BIG SOFT MARINE OCEANICO 2L,1364.0,8415.33
LIMPADOR ESSENCIA LIMP UP CAPIM LIMAO 120ML,1075.0,8403.97
DETERGENTE LIQUIDO BARRA CRISTAL 24X500ML,240.0,8402.88
DESINFETANTE ORIENTAL CAMPESTRE 500ML,3360.0,8399.21
DESINFETANTE AZULIM ERVA DOCE 5L,350.0,8396.92
CLORO CRIS AGUA PASTILHA 200G,725.0,8393.66
AMACIANTE DILUIDO ECONOMICO SOFT YELLOW 1L,1953.0,8388.88
SABAO LIQUIDO GOTA LIMPA GLICERINA 1L,721.0,8382.54
SABAO EM PO TIXAN YPE MACIEZ CX 500G,1372.0,8375.91
LIMPADOR ESSENCIA SECAR CONCENTRADO EUCALIPTO 120ML,690.0,8366.91
ALVEJANTE ALPES SEM CLORO 2L,500.0,8356.04
LIMPADOR ESSENCIA SANTO BRILHO CRAVO /CANELA 140ML,757.0,8355.84
DESINFETANTE STILL CLEAN MARINE 2L,1720.0,8349.01
LIMPADOR ESSENCIA SUAVE LAR EUCALIPTO 140ML,772.0,8347.39
LIMPEZA PESADA SUPER CLEAN 2L,478.0,8345.96
LIMPADOR DE VIDRO SANY MIX LIMPA BOX 4 EM 1 300ML,965.0,8344.44
DESINFETANTE EDILIMP TALCO 2L,1300.0,8339.51
TIRA MANCHA VANISH RESOLV WHITE 450ML,368.0,8329.71
AGUA SANITARIA TOP 5L,865.0,8327.84
SABAO LIQUIDO SONHO COCO 500ML,555.0,8318.87
AGUA SANITARIA ARIA KIMAX 2L,1331.0,8307.9
DESINFETANTE LIMPEZA FELIZ FLORAL 2L,1771.0,8304.69
LIMPADOR ESSENCIA MOGILANDI LAVANDA 140ML,904.0,8302.8
LIMPADORES PISCINA PH+MAIS ELEVADOR DE PH GENCO 1L,327.0,8299.41
SABAO LIQUIDO LUME MAXX COCO 3L,575.0,8296.1
SABAO EM PO TODO BOM LAVANDA 400G,3795.0,8292.5
DESINFETANTE GIOCA LAVANDA 5L,486.0,8292.32
LIMPADOR MULTIUSO GUIMARAES FLOR DE LARANJEIRA 500ML,631.71,8287.17
DESINFETANTE ZUPP FRESCOR MARINE 500ML,1948.0,8284.24
LIMPADOR ESSENCIA ZULU CEREJA AVELA 120ML,976.0,8284.23
SABAO LIQUIDO PROEZA 1L,828.0,8283.22
DESINFETANTE GUIMARAES CAPIM LIMAO 5L,446.0,8278.36
DESINFETANTE DULAGO LAVANDA 1L,2709.0,8277.58
LIMPADOR DE VIDRO BRILHA SUL GATILHO 500ML,646.0,8272.02
DETERGENTE LIQUIDO ZUPP NEUTRO 5L,385.0,8265.02
CLORO HF 2L,712.0,8259.66
ALVEJANTE DORIGON SEM CLORO MULTIUSO 5L,295.0,8259.38
DESINFETANTE ISOCLOR P/ HORTAS 410ML,750.0,8251.73
LIMPADOR MULTIUSO TUDO MAIS INTUITIVE 500ML,1857.0,8250.65
AMACIANTE DILUIDO ROSAS MAIS FAMILIA 2000ML,977.0,8249.2
DESINFETANTE GIOCA HERBAL 2L,1122.0,8249.2
SABAO EM PO BEM TE VI ERVA DOCE ALOE VERA 500G,2664.0,8243.37
DESENGORDURANTE AQUAFAST LIMAO C/RECARGA 500ML,839.0,8240.88
DESINFETANTE ESFRELUX LAVANDA 2L,1092.0,8240.39
AMACIANTE DILUIDO TOPAZIO CARINHO 2000ML,1657.0,8239.67
SABAO EM PO TIXAN YPE PRIMAVERA SACHE 11X1.6KG,49.0,8231.19
AMACIANTE DILUIDO BARBAREX MAX 2L,1195.0,8229.04
AMACIANTE DILUIDO ZAB SONHO 1L,1891.0,8224.49
DESINFETANTE TOPAZIO FLORES ROSA 2L,1555.0,8221.89
DESENGORDURANTE COALA ZULU FLOTADOR LAVANDA 1L,403.0,8215.47
DETERGENTE LIQUIDO SAPONI NEUTRO 500ML,6960.0,8212.8
AGUA SANITARIA FUZETTO 2L,1501.0,8212.43
AMACIANTE DILUIDO MAX CLEAR CONFORT 2L,1374.0,8205.54
DESENGORDURANTE ZIP LIMPA FORNO SPRAY 300ML,531.0,8198.79
LIMPADOR PISCINA HIDROALL CLORO TABLETE HCL 200G,777.0,8195.65
SABAO EM PO OESTE LAVANDA 25X800G,1762.0,8195.01
DESENGORDURANTE SAIF MULTIUSO REFIL 500ML,587.0,8192.18
AGUA SANITARIA RIO MOA 1L,2692.0,8185.9
LIMPADOR PERFUMADO VEJA PERFUMES AROMA SENSE ALEGRIA 500ML,942.0,8185.11
LIMPADOR PERFUMADO AQUAFAST MAGIA DA INF 500ML,1685.0,8184.74
AMACIANTE CONCENTRADO MON BIJOU GLAMOUR TURQUESA 500ML,859.0,8183.56
TIRA MANCHA SEMORIN PRE-LAVAGEM TRADICIONAL 500ML,533.0,8177.11
DESINFETANTE UAU ANTIBAC FLORES E FRUTAS VERMELHAS 2L,760.0,8174.84
CLORO PISCINA ESTABILIZADO PACE ACAO TOTAL 1KG,192.0,8173.66
SABAO EM PO ORIENTAL FLORES 1.6KG,827.0,8172.78
AMACIANTE DILUIDO URCA BRISA PRIMAVERA LV5L PG4L,676.0,8170.37
DESINFETANTE EDILIMP CHUVA DE ROSAS 2L,1278.0,8159.9
AGUA SANITARIA OTIMA 2L,2588.0,8158.06
DETERGENTE LIQUIDO MARILUX MACA 5L,537.0,8150.8
SABAO LIQUIDO URCA MAXX BRANCAS E COLORIDAS GARRAFA 3L,503.0,8146.96
"SABAO LIQUIDO OLA DELICADAS BEBE 1,75L",186.0,8139.92
SABAO EM PO APYCE MULTIACAO ROSA SACHE 400G,2715.0,8139.52
SABAO LIQUIDO AGIFACIL CUIDADO TOTAL 5L,319.0,8134.84
AMACIANTE CONCENTRADO CANDURA FRESCOR 500ML,1037.0,8132.87
LIMPADOR ESSENCIA UBON EUCALIPTO GATILHO 500ML,221.0,8124.29
"SABAO EM PO BRILHANTE LIMP TOTAL 9X1,6KG",57.0,8124.22
DESINFETANTE SUPER GLOBO PINHO LAVANDA 500ML,2049.0,8123.17
LIMPADOR PERFUMADO QUASAR JULIAN 2L,1323.0,8109.58
SABAO LIQUIDO GUIMARAES MIL FLORES 2L,469.0,8108.21
DESINFETANTE BRILUX MENTA LEITOSO 2L,887.0,8086.41
DESINFETANTE CANDURA MULTIUSO SQUEEZE 500ML,1568.0,8079.66
LIMPADOR ESSENCIA AROMATEC CITRONELA 140ML,815.0,8076.84
DESINFETANTE VIDA CAMPOS DE LAVANDA 5L,652.0,8071.41
DESINFETANTE BIG SOFT DESINFETANTE FLORAL 2L,1276.0,8063.24
AGUA SANITARIA MAIS LIMPO 5L,1010.0,8059.8
DESENGORDURANTE SANOL HORTELA/SALVIA 500ML,554.0,8055.69
"DETERGENTE LIQUIDO INVICTO NEUTRO 1,8L",805.0,8047.26
SABAO EM PO GALO AMARELO 800G,827.0,8041.92
AMACIANTE DILUIDO BRILHA SUL TALCO 5L,708.0,8040.11
DESINFETANTE TRIEX LAVANDA 500ML,3085.0,8022.25
"SABAO EM PO GOTA LIMPA EQUILIBRIO 2,4KG",450.0,8018.01
ALVEJANTE CENAP SEM CLORO 1L,894.0,8011.65
LIMPADOR ESSENCIA CASAFLOR CONCENTRADO ALECRIM 120ML,631.0,8009.17
SABAO EM PO ASSIM BRANCAS E COLORIDAS ANTIBAC 1.6KG,507.0,8006.91
DESINFETANTE LIMPEBEM LAVANDA 2L,1552.0,8005.53
DETERGENTE LIQUIDO POLITRIZ MACA 500ML,3290.0,8001.28
CLORO TAY 1L,1480.0,8000.82
AMACIANTE DILUIDO REMMUS CARINHOSO 5L,547.0,7996.45
AGUA SANITARIA MINHA CASA 2L,1652.0,7991.51
DETERGENTE LIQUIDO OI LIMAO 24X500ML,211.0,7979.33
AGUA SANITARIA MODALVA 1L,3274.0,7973.36
AGUA SANITARIA REDEPAS 1L,3038.0,7972.3
DETERGENTE LIQUIDO TOPAZIO COCO 500ML,4193.0,7972.19
SABAO LIQUIDO LIMPEBEM COCO 5L,328.0,7968.7
ALVEJANTE DORIGON SEM CLORO 2L,691.0,7962.47
TIRA MANCHA SAIF SEM CLORO PODER O2 500G,320.0,7959.93
ALVEJANTE BRILHA SUL SEM CLORO 3L,426.0,7958.73
AMACIANTE DILUIDO ESTRELA 2L,996.0,7958.12
AMACIANTE DILUIDO ENVOLV AZUL 2L,1057.0,7940.59
AMACIANTE DILUIDO ALPES 5L,413.0,7938.06
SABAO LIQUIDO RADIANTE NATUREZA 700ML,1193.0,7933.87
SABAO LIQUIDO MON BIJOU BABY NANA NENEM 500ML,390.0,7933.28
ALVEJANTE ATRIUS SEM CLORO 2L,755.0,7914.66
DESINFETANTE PINHO BRIL BRISA DO MAR 12X500ML,158.0,7905.44
DESINFETANTE CLASSE A LAVANDA 2L,1274.0,7901.18
"AMACIANTE CONCENTRADO CANDURA FLORES DE PRIMAVERA 1,5L",526.0,7901.08
DESINFETANTE LIMPEZA FELIZ LAVANDA 2L,1690.0,7894.75
LIMPADOR MULTIUSO AQUAFAST SEDUCAO 1L,854.0,7874.89
DETERGENTE LIQUIDO MARILUX NEUTRO 2L,1216.0,7866.08
LIMPADOR PERFUMADO CASA E PERFUME PASSIONE 12X500ML,171.0,7863.58
AGUA SANITARIA GIRANDO SOL BRANCA 1L,1925.0,7848.52
DESINFETANTE TOPAZIO JASMIM 2L,1539.0,7846.22
SABAO LIQUIDO MON BIJOU MULTI ACTION AZUL 1.5L,424.0,7845.69
AGUA SANITARIA SUPER LAR 5L,595.0,7838.69
SABAO EM PO OMO LAVAGEM PERFEITA 27X400G,38.0,7836.99
DETERGENTE LIQUIDO POLIAL NEUTRO 2L,1093.0,7834.16
SABAO EM PO AJU 1.6KG,1296.0,7832.5
TIRA MANCHA PLUSH EM PO REFIL 400G,582.0,7827.79
DESENGORDURANTE SUPER DOM LIMPA GRELHA AEROSOL 300ML,420.0,7827.42
DETERGENTE LIQUIDO LAVO LIMAO 500ML,5764.0,7820.24
AROMA MOGILANDI OLEO DE EUCALIPTO 140ML,749.0,7813.63
SABAO EM PO ALA ERVA DOCE E BICARBONATO 1KG,981.0,7811.94
LIMPADOR MULTIUSO GUIMARAES FLOR DE MACA 500ML,607.0,7809.63
DESINFETANTE GOTA LIMPA LIMAO 500ML,2207.0,7808.98
AMACIANTE DILUIDO TEIU HARMONIA 1L,1369.0,7805.03
AMACIANTE DILUIDO KIMAX ACONCHEGO 2L,1079.0,7788.2
"AMACIANTE CONCENTRADO TUFF 1,5L",420.0,7782.24
AGUA SANITARIA YPE GALAO 6X2L,241.8333,7776.53
LIMPEZA PESADA MARINA PASTA PINHO 5L,180.0,7775.19
LIMPADOR ESSENCIA LIMPADUA EUCALIPTO 100ML,843.0,7775.13
DESINFETANTE DRAGAO CAMPESTRE 5L,488.0,7772.87
"SABAO EM PO INVICTO ACTION LAVANDA 2,4KG",379.0,7772.16
SABAO EM PO PRAPISO MAX WHITE 1KG,1101.0,7768.37
DESINFETANTE GOTA LIMPA EUCALIPTO 500ML,2185.0,7766.59
LIMPADOR PERFUMADO SANOL EXT NATURAL GENGIBRE E SANDALO 1L,717.0,7761.02
LIMPADOR MULTIUSO INVICTO TRADICIONAL 500ML,1691.0,7752.99
LIMPADOR ESSENCIA AROMATEC TALCO 140ML,809.0,7745.5
SABAO LIQUIDO TANLUX 3L,759.0,7742.27
AMACIANTE DILUIDO REDE SMART AZUL 2L,960.0,7738.57
DESINFETANTE MAGICO MAYOR EUCALIPTO GEL 2L,600.0,7735.16
SABAO LIQUIDO GOTA LIMPA POWER CLEAN 3L,279.0,7734.84
LIMPADOR DE VIDRO ALPES 500ML,1507.0,7733.46
AMACIANTE DILUIDO ORIENTAL AMOR 2L,995.05,7730.78
DETERGENTE LIQUIDO AMOLIM CRISTAL 500ML,4520.0,7727.75
SABAO EM PO APYCE MULTIACAO SACHE 5KG,394.0,7723.32
DESINFETANTE ATRIUS PINHO 2L,1230.0,7722.42
DESINFETANTE SAIF MARINE 2L,850.0,7719.6
DESINFETANTE ASTOLLI LAVANDA 5L,658.0,7715.92
TIRA MANCHA VIDA MACIA HIPOALERGENICO 500ML,659.0,7707.93
AMACIANTE DILUIDO COIMBRA AZUL 5L,396.0,7703.38
AMACIANTE DILUIDO PARCERIA ROSA MAGIA 2L,1303.0,7699.87
SABAO LIQUIDO FONT 3L,281.0,7678.23
AGUA SANITARIA ECONOMICO BRANCO TOTAL 2X5L,294.0,7677.6
SABAO EM PO MARILUX COCO 500G,3608.0,7672.48
ALVEJANTE CENAP SEM CLORO 2L,434.0,7672.41
CLORO LUMINOSA EXTRA FORTE 2000ML,1032.0,7667.52
AGUA SANITARIA MAX LIMP 5L,1248.0,7663.72
DESINFETANTE DULAGO DAMA NOITE 1L,2459.0,7658.38
SABAO EM PO TIXAN YPE PRIMAVERA SC 1KG,631.0,7658.07
SABAO LIQUIDO RADIANTE COCO 3L,295.0,7653.55
DESENGORDURANTE DONA CLARA SEGREDO DAS ROSAS KIT 3X500ML,679.0,7653.12
DETERGENTE LIQUIDO MAXPOL MACA 2L,1231.0,7651.57
DETERGENTE LIQUIDO ALICE MACA 500ML,5694.0,7649.63
DESINFETANTE POLITRIZ MARINE 500ML,2359.0,7645.25
SABAO EM PO INVICTO LAVANDA 4KG,215.0,7643.5
DESENGORDURANTE LIMPADUA COZINHA SQUEEZE 500ML,1374.0,7630.93
DETERGENTE LIQUIDO AGIFACIL LIMAO 500ML,4208.0,7630.28
DESINFETANTE ZAB FLORAL 5L,383.0,7628.51
LIMPADOR PERFUMADO SAIF CONCENTRADO CRAVO E CANELA 1L,688.0,7623.51
AGUA SANITARIA SUPREMA GF 12X1L,340.0,7622.2
DETERGENTE LIQUIDO UNOLAR GOURMET 500ML,4715.0,7606.37
TIRA MANCHA MON BIJOU EM GEL 3 EM 1 1.5L,277.0,7599.34
SABAO EM PO BEM TE VI LAVANDA 27X400G,107.0,7597.76
LIMPADOR PERFUMADO VEJA PERFUMES AGUAS MARANHENSES 1L,774.0,7597.27
SABAO LIQUIDO MEU LAR LILAS 1L,850.0,7592.97
AMACIANTE CONCENTRADO AQUAFAST HARMONIA 500ML,773.0,7591.19
DETERGENTE LIQUIDO BRILHA SUL CRISTAL 5L,466.0,7589.35
SABAO EM PO BRILHA SUL AZUL 4KG,336.0,7586.34
AGUA SANITARIA DA ILHA 6X2L,353.0,7584.67
SABAO LIQUIDO OXENTE LIQ 1L,1388.0,7577.14
SABAO EM PO OXENTE SACHE 400G,4184.0,7569.86
SABAO EM PO TUFF 1.6KG,423.0,7569.85
DESINFETANTE GUIMARAES MARINE NOVO 5L,389.0,7569.76
LIMPEZA PESADA OTIMO BRILHO ACIDO MURIATICO BRANCO 1L,1646.0,7564.19
DESINFETANTE AMOLIM LAVANDA 2L,1648.0,7560.65
DESINFETANTE MAIS Q BOM LAVANDA FRESH 2L,1437.0,7553.02
DESINFETANTE ORIENTAL CAMPESTRE 5L,517.0,7541.37
DESINFETANTE EDILIMP AGRESTE 2L,1170.0,7536.05
SABAO LIQUIDO SAPONI FRASCO 3L,620.0,7534.94
AGUA SANITARIA CANDURA C/CLORO S/PERF GALAO 5L,479.0,7507.35
DESINFETANTE KI JOIA NATUREZA 5L,624.0,7496.6
ODORIZADOR DE ROUPA AMAZONIA AROMAS AMEIXA NEGRA 500ML,478.0,7493.97
SABAO EM PO ESPUMIL FLORES SACHE 4KG,432.0,7485.57
FLUTUADORHTH830G,77.0,7478.17
AGUA SANITARIA POLITRIZ 5L,453.0,7467.68
SABAO LIQUIDO BRANMIX MAX ACAO 1L,948.0,7463.99
DETERGENTE LIQUIDO ECONOMICO MACA 2L,1348.0,7462.61
LIMPADOR PERFUMADO MARINA LAVANDA INSPIRADORA 2L,802.0,7462.41
AMACIANTE DILUIDO SOFT PINK 5L,440.0,7462.08
DETERGENTE LIQUIDO ZAVASKI LIMAO 1L,1707.0,7461.59
SABAO LIQUIDO EXIGENTE BEBE 1L,510.0,7461.32
ALVEJANTE ASA LESTE SEM CLORO 3 EM 1 2L,363.0,7459.15
AGUA SANITARIA LERTOFF 5L,451.0,7457.17
SABAO LIQUIDO LIMPA JA 2L,826.0,7455.2
AMACIANTE CONCENTRADO FLOM INTENSE ACQUA INFUSION 900ML,438.0,7450.72
REMOVEDOR ZULU CLEAN 450ML,299.0,7445.51
AMACIANTE DILUIDO OCEAN POLLUX 2L,1077.0,7442.24
"SABAO EM PO BRILHANTE SC 2,4KG",338.0,7442.14
LIMPADORES PISCINA REDUTOR DE PH GENCO 1LT,290.0,7441.4
CLORO DACLOR PURO 5L,343.0,7428.2
DESINFETANTE MARILUX CAMPESTRE 2L,1414.0,7426.31
LIMPADOR ESSENCIA NOGUEIRA EUCALIPTO 250ML,590.0,7410.32
TRICOLOR PASTILHA RO,702.0,7408.5
AGUA SANITARIA POLIAL 1L,3576.0,7405.08
DESINFETANTE POLITRIZ GARDENIA 500ML,2251.0,7379.71
DETERGENTE LIQUIDO POLLUX NEUTRO 2L,1076.0,7377.62
LIMPADOR PERFUMADO LEVO QUASAR 2L,1165.0,7373.33
CLORO LIQUIDO BE 1L,809.0,7371.96
AMACIANTE DILUIDO CLARUS VERDE 5L,484.0,7370.66
LIMPADOR PERFUMADO LEVO EUCALIPTO 2L,1158.0,7362.16
"AMACIANTE CONCENTRADO DOWNY PERF COLLEC MISTICO SACHE 1,45L",196.0,7361.0
LIMPADOR MULTIUSO OESTE LAVANDA SPRAY 500ML,2023.0,7357.97
SABAO LIQUIDO SURF ECONOMICO COCO 3L,400.0,7355.08
TIRA MANCHAS SUPER CANDIDA S/CLORO BRANQUEADOR 2L,367.0,7352.49
LIMPADOR PERFUMADO CASA E PERFUME AMABLE 12X500ML,156.0,7346.41
LIMPADOR PET DOCTOR ANIMAL ELIMINADOR DE ODORES OXY 2L,404.0,7343.14
"TIRA MANCHA ASSIM LIQ ROUPAS BRANCAS 1,5L",324.0,7333.41
DETERGENTE LIQUIDO RADIANTE PISTACHE 500ML,4304.0,7331.07
LIMPADOR MULTIUSO TUDO MAIS DREAMS 500ML,1678.0,7328.8
SABAO LIQUIDO FLOM TRADICIONAL 900ML,520.0,7325.11
AMACIANTE CONCENTRADO VELVET ROMANCE ZUPP 1L,438.0,7324.62
DETERGENTE LIQUIDO IVOLIMP LIMAO 2L,1285.0,7315.33
LIMPADOR PERFUMADO GEO RELAX 1L,925.0,7311.06
DETERGENTE LIQUIDO ESPUMIL LIMAO 500ML,4580.0,7307.13
LIMPADOR PERFUMADO MAX CLEAR LAVANDA 2L,1318.0,7304.77
LIMPADOR PERFUMADO AZULIM CERAMICA E AZULEJOS LAVANDA 5L,178.0,7299.74
AGUA SANITARIA JOB 5L,621.0,7297.58
LIMPADOR MULTIUSO ALPES LARANJA C/BICARBONATO 500ML,1457.0,7294.73
LIMPADOR ESSENCIA SANTO BRILHO CONCENTRADO 140ML,649.0,7288.69
DESINFETANTE BRILUX FLORAL LEITOSO 2L,817.0,7287.29
AGUA SANITARIA LUMINOSA 5L,709.0,7287.27
AMACIANTE CONCENTRADO CASAFLOR DESIRE 1.5L,253.0,7286.78
AGUA SANITARIA BRILUX 12X1L,224.0,7279.6
DESINFETANTE AQUAFAST PAIXAO 500ML,2083.0,7275.22
DESINFETANTE RADIANTE FLORES DO CAMPO 2L,910.0,7275.1
LIMPADOR PERFUMADO POLLUX DAMA DA NOITE 2L,1271.0,7272.9
AMACIANTE DILUIDO DULAR AZUL 5L,468.0,7270.49
DETERGENTE LIQUIDO YPE NEUTRO DESC 10% 24X500ML,160.0,7270.24
AMACIANTE DILUIDO INVICTO ENCANTO 500ML,2155.0,7262.91
AMACIANTE DILUIDO PLUSH SENSUALITY 5L,346.0,7261.56
DESINFETANTE POLITRIZ ORQUIDEA 500ML,2215.0,7257.33
AGUA SANITARIA FRILAR 5L,557.0,7256.07
DESINFETANTE PINHO BRIL SILVESTRE PLUS 5L,165.0,7251.99
DESINFETANTE BUFALO PINHO LAVANDA 750ML,2166.0,7251.23
REMOVEDOR KING PLUS LAVANDA 1L,207.0,7250.94
AMACIANTE CONCENTRADO BABY VELVET ZUPP 500ML,726.0,7249.69
SABAO LIQUIDO MEU LAR FLORES 1L,802.0,7249.59
DETERGENTE LIQUIDO IGUAL NEUTRO 500ML,3557.0,7249.25
SABAO LIQUIDO ORIENTAL ROSAS E PAIXAO 3L,455.0,7246.41
DETERGENTE LIQUIDO JUA LIMAO 1L,1663.0,7239.45
SABAO EM PO ESPUMIL COCO 400G,4518.0,7235.9
ALVEJANTE CASA LIMPA SEM CLORO 2L,656.0,7234.92
LIMPADOR PERFUMADO BRILHOLAC COM ALCOOL LAVANDA 500ML,813.0,7232.8
LIMPADOR PERFUMADO ZUPP BRISA CALMANTE 1L,1033.0,7230.01
AGUA SANITARIA REALY ATIVO 1L,1423.0,7224.15
LIMPADOR ESSENCIA ZUPP PINHO 120ML,761.0,7223.8
SABAO EM PO ULTRALAR LIMPADUA 5KG,276.0,7223.09
LIMPADOR MULTIUSO SUPER GLOBO CITRUS 500ML,2160.0,7219.18
LIMPADOR PERFUMADO QUASAR ANA JULIA 5L,509.0,7212.75
TIRA MANCHA PLUSH SEM CLORO WHITE ROUPAS BRANCAS 450G,362.0,7211.45
SABAO EM PO ALA ERVA DOCE E BICARBONATO SACHE 27X400G,80.0,7207.99
LIMPADOR PERFUMADO CASAFLOR BRASILIDADES GRAVIOLA 500ML,1539.0,7198.85
DESINFETANTE BUFALO FLORAL 750ML,2084.0,7194.17
DETERGENTE LIQUIDO MARILUX LIMAO 5L,475.0,7187.24
LIMPADOR ESSENCIA SANTO BRILHO MAMAE E BEBE 140ML,664.0,7185.08
LIMPEZA PESADA SANOL ORIGINAL 500ML,891.0,7184.87
SABAO LIQUIDO BECKER 3L + LIMPADOR MULTIUSO 500ML 3.5L,360.0,7180.9
AMACIANTE DILUIDO INDAIA TROPICAL 2L,396.0,7180.45
AMACIANTE CONCENTRADO SOFT PLUS HARMONIA 1.5L,413.0,7178.96
DETERGENTE LIQUIDO KI JOIA NEUTRO 5L,450.0,7176.85
SABAO EM PO LIMPAMAIS SACHE MULTIACAO 800G,1409.0,7165.74
DESINFETANTE ALPES PINHO 500ML,2168.0,7161.78
LIMPEZA PESADA SUPER CANDIDA CLORO GEL LAVANDA 1L,499.0,7158.33
AGUA SANITARIA REDEPAS 5L,607.0,7157.47
DETERGENTE LIQUIDO NOVO REINO MACA 2L,963.0,7153.81
LIMPADOR ESSENCIA ZUPP ERVA DOCE 120ML,720.0,7150.82
SABAO LIQUIDO HIPER PLUS COCO 2L,730.0,7149.57
DETERGENTE LIQUIDO PARANAIBA NEUTRO 500ML,3810.0,7148.64
ODORIZADOR DE ROUPA AMAZONIA AROMAS CHA BRANCO 500ML,437.0,7147.7
ALVEJANTE CLORO VIDA START FLORAL 1L,1105.0,7138.34
SABAO LIQUIDO ARES ACTION GREEN 900ML,1016.0,7129.68
CLORO ATIVO VITRAL FRASCO 2L,938.0,7129.16
AMACIANTE DILUIDO MARINA CARICIA 2L,1008.0,7127.86
REMOVEDOR KING PLUS TRADICIONAL 500ML,368.0,7126.75
AMACIANTE DILUIDO KIMAFLOR FLORES 2L,889.0,7116.92
LIMPADOR PERFUMADO QUASAR JASMIN 2L,1102.0,7115.52
SABAO LIQUIDO BABY SOFT HIPOALERGENICO 3L,333.0,7110.06
SABAO LIQUIDO BRILHANTE PERFUME CUIDADO EXTRAORDINARIO 2X5L,108.0,7106.4
DETERGENTE LIQUIDO BOLTZ NEUTRO 500ML,3373.0,7103.89
DESINFETANTE GUARANI FLORAL 5L,452.0,7101.99
AGUA SANITARIA REAL 1L,1679.0,7097.55
CLORO INFLUX 2L,935.0,7095.04
LIMPADOR PERFUMADO ZUPP ENERGIA REVIGORANTE 1L,1014.0,7079.98
AMACIANTE DILUIDO SUAVE LAR MACIES DO AMANHECER 2L,921.0,7077.01
DESINFETANTE ESFRELUX FLORAL 2L,976.0,7076.39
DESINFETANTE ASA LESTE EUCALIPTO 2L,927.0,7072.7
AMACIANTE CONCENTRADO YPE ANTIBAC 1L,402.0,7069.63
LIMPEZA PESADA LIMPA BEM 1L,850.0,7061.83
DESINFETANTE NOVO REINO TALCO 2L,1166.0,7059.23
DESINFETANTE ORIENTAL TALCO 500ML,3075.0,7049.09
LIMPADOR DE VIDRO CASA E LIMPEZA REFIL 500ML,598.0,7047.91
DESINFETANTE ECONOMICO LAVANDA 12X1L,156.0,7047.6
DESINFETANTE AZULIM ABSOLUTE 2L,749.0,7046.87
KIT DESINFETANTE LYSOFORM 3X1L,213.0,7037.79
DESINFETANTE LIMPEBEM IGUATEMI 2L,1346.0,7031.83
ALVEJANTE QBOA LAVANDA 12X1L,183.0,7031.42
SABAO EM PO ESPUMIL FLORES 800G,1847.0,7030.25
DETERGENTE LIQUIDO ZAVASKI MACA 1L,1604.0,7016.37
AMACIANTE DILUIDO MARILUX FLORAL 2L,1130.0,7004.18
"AMACIANTE CONCENTRADO AQUAFAST LILAS 1,5L",387.0,7001.44
LIMPADOR PERFUMADO HIPER PLUS FLORES DO CAMPO 2L,1006.0,6995.46
DETERGENTE LIQUIDO EDILIMP NATURAL 2L,1100.0,6990.48
DESENGORDURANTE AJAX 500ML 20% DESC,716.0,6987.07
AGUA SANITARIA AMOLIM 1L,2547.0,6982.17
SABAO EM PO AJU 1KG,2066.0,6980.83
AGUA SANITARIA MONTELAGOS GALAO 5L,444.0,6979.86
DESINFETANTE BUFALO OCEAN 750ML,2046.0,6979.66
AGUA SANITARIA ALVEJAX 2L,1047.0,6976.95
AMACIANTE CONCENTRADO CASAFLOR VENTOS FLORAIS 1.5L,228.0,6974.58
DETERGENTE LIQUIDO MAXPOL NEUTRO 2L,1112.0,6970.31
LIMPADOR DE VIDRO CASA CLEAN PERFUMADO 500ML,998.0,6968.85
LIMPEZA PESADA KLIM 1L,489.0,6964.32
CLORO CONC LOURO 5L,320.0,6963.7
DESINFETANTE IGUAL EUCALIPTO 500ML,2794.0,6959.09
SABAO EM PO TODO BOM COCO 400G,3192.0,6954.06
DETERGENTE LIQUIDO GEO LIMAO 500ML,3525.0,6953.1
AGUA SANITARIA Q LAR  1L,2037.0,6948.61
DETERGENTE LIQUIDO Q LAR LIMAO 500ML,3973.0,6946.85
AGUA SANITARIA MAYOR 2L,932.0,6946.59
LIMPADOR MULTIUSO SAIF COZIN ORGAN BICARB ALCOOL GAT 500ML,427.0,6942.06
LIMPADOR MULTIUSO TUDO MAIS ORQUIDEA NEGRA 500ML,1536.0,6941.87
DETERGENTE LIQUIDO SPA NEUTRO 5L,354.0,6940.6
DESINFETANTE TRES BARRAS HORTIFRUTICOLA 300ML,529.0,6937.54
AGUA SANITARIA JESUS 1L,2934.0,6935.08
DESINFETANTE SAIF FLORES DO MEDITERRANEO 2L,763.0,6923.92
DESINFETANTE MARILUX FLORAL E MAGIA 2L,1201.0,6917.04
DETERGENTE LIQUIDO LAVO MACA 500ML,4932.0,6913.49
SABAO EM PO ASSIM TRIPLA ACAO 900G,789.0,6906.52
DESINFETANTE ZAB LAVANDA 5L,346.0,6900.76
AMACIANTE DILUIDO BONJOUR 5L,418.0,6893.09
LIMPEZA PESADA ATTO 900ML,851.0,6892.57
DETERGENTE LIQUIDO JUA MACA 1L,1601.0,6888.38
AMACIANTE DILUIDO KIMAFLOR BRANCO FLORES SUAVES 5L,473.0,6888.32
DETERGENTE LIQUIDO RADIANTE MACA 2L,1019.0,6887.98
LIMPADOR MULTIUSO AROMASIL LIMPA TELAS 100ML,367.0,6886.74
LIMPADOR PISCINA Q LAR CLORADO 5L,294.0,6880.29
DESINFETANTE BUFALO LAVANDA 5L,781.0,6880.05
SABAO EM PO BEM TE VI LAVANDA 500G,2199.45,6876.88
SABAO EM PO MINUANO AZUL 20X800G,47.0,6872.96
DESENGORDURANTE FACILLE COZ LARANJA PULV 500ML,413.0,6864.72
ALVEJANTE SMART SEM CLORO 2L,366.0,6853.62
ALVEJANTE GUIMARAES CLORO ATIVO MEGA LIMPO 2L,546.0,6852.84
LIMPADOR MULTIUSO VONIXX 500ML,326.0,6851.61
DESINFETANTE ASA LESTE LAVANDA 2L,900.0,6838.01
DESENGORDURANTE DIABO VERDE FORNO AERO 440ML,177.0,6834.15
AGUA SANITARIA ILUSTRE 1L,2268.0,6831.46
DESENGORDURANTE AZULIM AMONIX CITRUS 750ML,590.0,6825.14
AMACIANTE CONCENTRADO AROMASIL 500ML,644.0,6818.74
ODORIZADOR DE ROUPA MOGILANDI FLOR DE CEREJEIRA 250ML,460.0,6810.75
REMOVEDOR ASMURIAK BETILIMP 1L,589.0,6798.15
SABAO LIQUIDO GUIMARAES COCO 2L,377.0,6795.08
AMACIANTE CONCENTRADO COMFORT PERFECT WHITE FRASCO 5L,88.0,6788.3
ALA DT LIQ CUIDADO DO COCO 5L NE,180.0,6778.05
LIMPADOR PET CASA E PETS ELIMINADOR DE ODOR AMIGO CAO 2L,389.0,6777.04
CLORO MAXIMO 5L,315.0,6772.22
LIMPADOR MULTIUSO TUDO MAIS DESIRE 500ML,1540.0,6771.59
SABAO EM PO TIXAN YPE MACIEZ SC 1KG,615.0,6771.01
REMOVEDOR TUPI PETRO LAVANDA 500ML,512.0,6762.16
SABAO EM PO REDE EXATA 800G,1877.0,6759.94
DESINFETANTE KIMAX MARINE 2L,1045.0,6742.79
LIMPADOR PERFUMADO CASA PERFUMADA FLORES E FRUTAS 1L,871.0,6742.6
LIMPADOR ESSENCIA NOGUEIRA JASMIM 125ML,860.0,6741.9
LIMPADOR MULTIUSO ALPES ENERGIA DAS FLORES 500ML,1720.0,6740.38
DESINFETANTE LIMPEBEM VERAO FLORAL 2L,1305.0,6729.85
DESINFETANTE MAIS Q BOM LAVANDA MUSK 2L,1268.0,6723.84
SABAO LIQUIDO OMO ROUPAS INTIMAS 300ML,377.0,6721.02
CLORO NOVO LAR HIPOCLORITO DE SODIO 5L,301.0,6717.44
LIMPADOR PERFUMADO RADIANTE ORQUIDEA NEGRA 500ML,1521.0,6712.66
DETERGENTE LIQUIDO LIMPA MIL NEUTRO 2L,1095.0,6706.51
SABAO EM PO ULTRA CLASS SUAVE 2KG,840.0,6703.72
REMOVEDOR TUPI PETRO LAVANDA 1L,312.0,6703.36
LIMPADOR MULTIUSO PROEZA ORIGINAL 500ML,2167.0,6698.73
DETERGENTE LIQUIDO ALPES COCO 500ML,2880.0,6695.44
DESINFETANTE EDILIMP FLOR DE LIS 2L,1046.0,6695.35
SABAO LIQUIDO TOQUE DE CARINHO COCO 5L,234.0,6693.15
"SABAO EM PO CANDURA TRIPLA ACAO 1,6KG",528.0,6692.87
AMACIANTE DILUIDO ATRIUS NOTAS DE DESEJO 5L,569.0,6682.67
SABAO LIQUIDO MEU LAR 1L,728.0,6681.36
SABAO EM PO OMO MULTIACAO 2KG,299.0,6680.68
LIMPADOR MULTIUSO SAIF GATILHO 500ML,391.0,6674.44
DESINFETANTE ALVEX LAVANDA 500ML,971.0,6674.11
SABAO LIQUIDO TIXAN YPE GREEN FRASCO1L,431.0,6673.85
LIMPADOR MULTIUSO ATILA GEL PINHO 1L,944.0,6669.43
AGUA SANITARIA NASCENTE GF 2L,960.0,6666.47
DETERGENTE LIQUIDO YPE CAPIM LIMAO 24X500ML,122.0,6663.65
CLORO MAXIMO 2LT,696.0,6660.24
DESINFETANTE MIMO PINHO GEL 1L,956.0,6659.57
AGUA SANITARIA PURA CASA 1L,1586.0,6657.98
REMOVEDOR PERFUMADO FAISCA FLOWER 1L,190.0,6647.65
DETERGENTE LIQUIDO AGIFACIL MACA 500ML,3713.0,6645.14
LIMPADOR ESSENCIA SENHORA CASA TALCO 120ML,987.0,6637.78
SABAO LIQUIDO LIMPEBEM MARINHO 3L,360.0,6624.9
LIMPADOR PERFUMADO CASA E PERFUME SENSAZIONE 12X500ML,152.0,6610.5
DESINFETANTE BIG SOFT PINHO 2L,1051.0,6608.42
SABAO LIQUIDO OUCH PARAISO 3L,514.0,6603.86
DESINFETANTE EDILIMP FLOR DO CAMPO 2L,1032.0,6599.4
DESINFETANTE REMMUS FLORAL 2L,1007.0,6591.66
DETERGENTE LIQUIDO RADIANTE LIMAO 2L,988.0,6589.26
SABAO EM PO MEU LAR COCO BLOCK 400G,2120.0,6587.36
AGUA SANITARIA GLOBO GALAO 5L,500.0,6583.98
CLORO HF 5L,298.0,6573.56
SABAO EM PO TODO BOM FLORES 400G,2964.0,6567.8
AMACIANTE DILUIDO LIMPA JA AFETO 5L,449.0,6567.48
DESINFETANTE UAU ANTIBAC LAVANDA/ROSAS 1L,932.0,6566.73
DETERGENTE LIQUIDO ESFRELUX ANTI ODOR 500ML,3203.0,6557.49
AGUA SANITARIA FLOPS 5L,510.0,6549.96
SABAO EM PO BRILHANTE LIMPEZA TOTAL LV1.6KG PG1.45KG 9X1.6KG,43.0,6543.23
DETERGENTE LIQUIDO ORIENTAL MACA 2L,907.0,6532.41
AMACIANTE DILUIDO CLARUS ROSA 5L,428.0,6524.39
SABAO LIQUIDO TODO BOM MULTI ACAO 3L,267.0,6523.27
AGUA SANITARIA BELEZA DE CANDIDA 5L,575.0,6521.32
DETERGENTE LIQUIDO ABSOLUTO LIMAO 2L,1035.0,6515.26
AMACIANTE DILUIDO GUARANI CELESTE 500ML,2147.0,6509.75
"AMACIANTE CONCENTRADO CANDURA PERFUME DE OUTONO 1,5L",410.0,6509.07
"SABAO EM PO BRILHANTE LIMPEZA TOTAL GTS 150G SC 1,6KG",346.0,6507.71
AGUA SANITARIA DRAGAO 6X2L,288.0,6503.72
AMACIANTE CONCENTRADO CASAFLOR PURA TERNURA 1.5L,227.0,6499.53
DESINFETANTE VIDA BRISA DO MAR 5L,531.0,6497.98
AMACIANTE DILUIDO SEMPRE VIVA VERDE 2L,905.0,6497.95
AMACIANTE DILUIDO ORIENTAL CARINHO 3L,586.0,6493.07
AGUA SANITARIA MARILUX 2L,1412.0,6482.07
LIMPADOR MULTIUSO ZUPP POWER DETOX 500ML,1478.0,6474.58
AMACIANTE DILUIDO ASTOLLI LAVANDA 5L,521.0,6471.26
LIMPADOR ESSENCIA UAU EUCALIPTO CONCENTRADO 130ML,447.0,6470.93
AMACIANTE DILUIDO YPE DELICADO 6X2L 12L,151.0,6469.42
DESINFETANTE JUA LAVANDA 5L,367.0,6468.88
LIMPADOR PERFUMADO AZULIM BABY 500ML,1232.0,6468.37
DESINFETANTE AMO 5LTS LAVANDA,527.0,6456.91
AMACIANTE DILUIDO GOTA LIMPA COCO 2L,823.0,6452.97
SABAO EM PO TIXAN YPE PRIMAVERA SC 5KG,149.0,6446.13
LIMPADOR ESSENCIA SENHORA CASA EUCALIPTO 120ML,990.0,6445.45
DESINFETANTE DULAR LAVANDA 2L,1195.0,6442.7
DESINFETANTE ECONOMICO MARINE 500ML,2354.0,6432.41
LIMPADOR ESSENCIA NOGUEIRA CEREJA E AVELA 125ML,851.0,6431.52
DESINFETANTE EPORT PINHO 2L,1068.0,6427.55
DESINFETANTE TRIEX TRADICIONAL PINHO 500ML,2402.0,6426.95
DESINFETANTE DULAGO FLORAL 1L,2085.0,6426.17
DESENGORDURANTE SANTO BRILHO 500ML,857.0,6424.64
LIMPADOR MULTIUSO INVICTO CITRUS 500ML,1443.0,6419.49
LIMPADOR MULTIUSO BUFALO LAR SPRAY 500ML,1820.0,6410.45
DESINFETANTE LIMPEZA FELIZ MARINE 2L,1428.0,6402.96
DESINFETANTE ZUPP EUCALIPTO 5L,354.0,6398.55
DETERGENTE LIQUIDO ASTOLLI NEUTRO 5L,552.0,6398.13
LIMPADOR PERFUMADO PLIN LAVANDER 2L,484.0,6397.91
SABAO EM PO BRILHANTE L T SC 27X400,47.0,6395.84
"PACK SABAO EM PO OMO LAVAG PERF CX EMB ECON 2X3,2KG 6,4KG",181.0,6388.38
AGUA SANITARIA PROLAR 2L,1280.0,6388.27
LIMPADOR MULTIUSO ZAB HERBAL SPRAY 500ML,1721.0,6385.56
SABAO LIQUIDO AGE LIMP GLICERINA 5L,205.0,6378.4
DESINFETANTE STILL CLEAN LAVANDA 5L,613.0,6376.89
DESINFETANTE INVICTO ORIGINAL 500ML,1589.0,6376.11
AMACIANTE DILUIDO DESOMAX AMACIEX 2L,1002.0,6370.58
SABAO LIQUIDO OMO CONCENTRADO CUIDADO INTENSIVO 500ML,176.0,6368.47
AMACIANTE CONCENTRADO BABY SOFT CARINHO 3L,237.0,6368.13
LIMPADOR PET CASA E PETS ELIMINADOR DE ODOR BRINCA COMIGO 2L,358.0,6367.1
LIMPADOR MULTIUSO TUDO MAIS MISTERIOS DA NOITE 500ML,1464.0,6366.6
DETERGENTE LIQUIDO TOPAZIO CLEAR 500ML,3340.0,6363.6
DETERGENTE LIQUIDO QUASAR LIMAO 5L,336.0,6360.35
LIMPEZA PESADA DULAR ACIDO MURIATICO 1L,657.0,6358.61
LIMPADOR PERFUMADO LEVO JASMIM 2L,1008.0,6355.2
AMACIANTE CONCENTRADO MINUANO SEDUCAO LILAS 1L,344.0,6354.25
AMACIANTE DILUIDO LAVA BEM MIMO 2L,707.0,6349.9
LIMPADOR ESSENCIA ESFRELUX CONCENTRADO LAVANDA 140ML,626.0,6346.55
AMACIANTE DILUIDO KI JOIA 5L,368.0,6342.26
AMACIANTE DILUIDO EPORT JASMIN ROSA 2L,916.0,6340.29
DETERGENTE LIQUIDO ECONOMICO LIMAO 2L,1145.0,6338.48
AGUA SANITARIA BEIJA FLOR 5L,932.0,6333.82
DESENGORDURANTE CASA CLEAN COZINHA PESADA 910ML,493.0,6331.48
AMACIANTE DILUIDO BARBAREX WHITE 2L,906.0,6330.28
DETERGENTE LIQUIDO MARILUX MACA 2L,997.0,6324.89
SABAO EM PO CANDURA COCO 800G,808.0,6323.72
AMACIANTE DILUIDO PUFF FLORES DA AURORA 2L,693.0,6320.69
SABAO LIQUIDO TEIU PERFUMES 5L,139.0,6319.89
AGUA SANITARIA NOVO LAR 1L,1794.0,6318.48
AMACIANTE CONCENTRADO ZUPP VELVET BABY 1L,370.0,6318.14
ALVEJANTE CANDURA FLORAL 1L,1574.0,6311.7
DESINFETANTE PRATICLAR LAVANDA 2L,804.0,6310.98
SABAO LIQUIDO KINTANA LIQUIDO 2L,589.0,6308.74
DESINFETANTE BRINORT FLORAL 500ML,3066.0,6308.28
LIMPADOR PISCINA BEL LIMPA BORDAS BIODEGRADAVEL 1L,312.0,6306.61
DESINFETANTE GOTA LIMPA TALCO 500ML,1825.0,6305.48
ALVEJANTE TAY SEM CLORO 2L,465.0,6302.96
DESINFETANTE ZAVASKI EUCALIPTO 2L,782.0,6302.94
DESINFETANTE POLITRIZ PINHO 500ML,1919.0,6297.24
ODORIZADOR DE ROUPA SAIF BABY PARA ROUPEIRO 100G,682.0,6295.3
AGUA SANITARIA CLEAN VALE 5L,734.0,6284.46
DESINFETANTE IMPERIAL LAVANDA 5L,491.0,6284.03
ALVEJANTE RIALER SEM CLORO 5L,339.0,6273.61
ALVEJANTE JOB SEM CLORO 2L,561.0,6271.18
AMACIANTE DILUIDO LAVA BEM AZUL TERNURA 500ML,2160.0,6270.23
"AMACIANTE DILUIDO SENSUAL ZUPP 1,8L",664.0,6267.95
LIMPADOR MULTIUSO SAIF BIC 500ML + LIMPA REJUNTE 2X500ML,336.0,6266.29
SABAO LIQUIDO DORIGON GLICERINA 5L,215.50001,6263.83
LIMPEZA PESADA SAIF LIMPA ESTOFADOS REFIL 500ML,426.0,6262.02
DESINFETANTE SANOL EXTRATOS NATURAIS LAVANDA 2L,588.0,6261.5
SABAO LIQUIDO SAO MARCOS TRADICIONAL SACHE 1L,1452.0,6250.11
LIMPADOR MULTIUSO ARCHOTE SPRAY 500ML,1960.0,6244.04
LIMPADOR PERFUMADO ZUPP CONFORTO REFRESCANTE 1L,907.0,6241.07
AGUA SANITARIA CLARIX 5L,473.0,6238.11
AGUA SANITARIA DORIGON 5L,557.0,6235.78
LIMPADOR PERFUMADO POLLUX LAVANDA 2L,1116.0,6235.13
AMACIANTE CONCENTRADO MINUANO AZUL CLASSICO 1LT,333.0,6234.94
AMACIANTE DILUIDO ECONOMICO ALOE VERA 1L,1492.0,6233.58
"AMACIANTE DILUIDO YPE TERNURA LV2L PG1,8L 2L",651.0,6233.45
LIMPADOR DE VIDRO CASA CLEAN PERFUMADO GATILHO 910ML,452.0,6226.18
DESINFETANTE GOTA LIMPA FLORAL 500ML,1768.0,6221.41
"SABAO EM PO CANDURA FLORAL 1,6KG",488.0,6219.85
DESINFETANTE PINHO BRIL SILVESTRE L500ML PG450ML 12X500ML,133.0,6216.77
DESINFETANTE MAIS Q BOM BRISA 2L,1167.0,6213.79
LIMPADOR ESSENCIA SENHORA CASA FLOR DE ALGODAO 120ML,952.0,6212.58
DETERGENTE LIQUIDO POLLUX MACA 2L,894.0,6207.76
DETERGENTE LIQUIDO NOVO REINO LIMAO 2L,831.0,6198.98
AGUA SANITARIA QBRANCA 5L,369.0,6197.18
AMACIANTE DILUIDO GEO FLORAL 2L,751.0,6197.01
LIMPADOR MULTIUSO SANOL POWER CLEAN PRO 500ML,334.0,6193.29
LIMPADOR DE VIDRO BUFALO C ALCOOL 500ML,1496.0,6193.18
REMOVEDOR ZULU TRADICIONAL 900ML,236.0,6193.05
SABAO LIQUIDO SOFT PLUS COCO 5L,128.0,6192.07
AMACIANTE CONCENTRADO PLUSH SPRING 500ML,735.0,6188.96
DETERGENTE LIQUIDO RADIANTE ORIGINAL 500ML,3671.0,6180.13
SABAO EM PO KIMAX 800G,1041.0,6178.8
"SABAO LIQUIDO COQUEL ROUPAS ESCURAS 1,5L",202.0,6178.44
ALVEJANTE BRILHANTE COM CLORO ATIVO FRESH 2L,330.0,6175.7
AGUA SANITARIA FUZZETO CLORO ATIVO 5L,517.0,6174.01
SABAO EM PO URCA CONCENTRADO LV800G PG720G,973.0,6173.35
LIMPADOR ESSENCIA LIMP UP FLORAL MAGNIFICO 120ML,779.0,6171.63
LIMPADOR PERFUMADO MARINA ROMANCE E SEDUCAO 2L,668.0,6171.25
DESINFETANTE LOURO LAVANDA 5L,377.0,6169.71
DESINFETANTE DULAR LAVANDA 5L,468.0,6168.43
AMACIANTE CONCENTRADO BABY SOFT TOQUE DE CUIDADO 1L,516.0,6168.0
AMACIANTE DILUIDO LIMPADUA AMARELO 2L,1013.0,6165.07
AGUA SANITARIA BEIJA FLOR PLUS 1L,3384.0,6164.16
DESINFETANTE SAPONI HOSPITALAR CLORO 5L,631.0,6161.9
LIMPADOR ESSENCIA RAFI EUCALIPTO 100ML,632.0,6159.82
AMACIANTE CONCENTRADO AQUAFAST TERNURA 500ML,636.0,6159.04
AMACIANTE CONCENTRADO AQUAFAST SEDUCAO 500ML,644.0,6152.19
SABAO LIQUIDO DORIGON ANIL 5L,208.0,6150.4
DETERGENTE LIQUIDO ORIENTAL MACA 5L,401.0,6141.73
LIMPADOR MULTIUSO DONA CLARA LV3 PG2 3X200ML,589.0,6137.26
DETERGENTE LIQUIDO ABSOLUTO NEUTRO 2L,986.0,6137.22
AGUA SANITARIA LAVANDEIRA 1L,3268.0,6130.45
AMACIANTE CONCENTRADO SOL INTENSE 1L,429.0,6125.63
LIMPADOR PERFUMADO MAX CLEAR PALMOLIVE 2L,1112.0,6118.45
SABAO LIQUIDO EXIGENTE WHITE CARE 3L,291.0,6115.35
AMACIANTE DILUIDO ATRIUS CARINHO 2L,1075.0,6112.99
LIMPADOR DE VIDRO LIMPOL SQUEEZE CRISTAL 500ML,804.0,6112.31
DETERGENTE LIQUIDO LIMPA MAIS LIMAO 500ML,3133.0,6110.46
LIMPADOR ESSENCIA CONC SANTO BRILHO CITRONELA 140ML,561.0,6108.68
AMACIANTE DILUIDO SOFT PLUS PEDACINHO DO CEU 500ML,867.0,6107.91
LIMPADOR PERFUMADO MARINA LAVANDA INSPIRADORA 1L,926.0,6104.57
ALVEJANTE REMOCLEAN SEM CLORO 2L,505.0,6098.97
DESINFETANTE RADIANTE LAVANDA 5L,353.0,6096.21
AMACIANTE CONCENTRADO BARBAREX LE BLUE 500ML,800.0,6094.44
DESINFETANTE MAIS Q BOM LAVANDA PLUS 2L,1142.0,6093.93
ALGICIDA CHOQUE ELIMINA ALGAS QCLOR 1L,253.0,6093.68
DETERGENTE LIQUIDO SPA NEUTRO 500ML,3366.0,6091.39
SABAO EM PO ASSIM TRIPLACAO 1KG,748.0,6086.15
DESINFETANTE ASA LESTE ORVALHO 2L,805.0,6085.43
LIMPADOR PERFUMADO AZULIM PAIXAO 2L,452.0,6081.4
DETERGENTE LIQUIDO LEVO MACA 2L,865.0,6079.69
SABAO LIQUIDO ESPUMIL 3L,370.0,6077.8
CLORO ILUSTRE 2L,780.0,6073.17
LIMPADOR PERFUMADO QUASAR DAMA NOITE 1L,1570.0,6068.99
AMACIANTE CONCENTRADO GEO SONHOS 500ML,673.0,6067.0
ALVEJANTE CLORO VIDA START FLORAL 2L,487.0,6065.24
AGUA SANITARIA SUPREMA GALAO 3X5L,254.0,6064.42
ALVEJANTE ZAB PERFUMADO FLORAL CLORO ATIVO 1L,1612.0,6061.41
AMACIANTE DILUIDO QUASAR BRISA 5L,335.0,6059.67
SABAO LIQUIDO TIXAN YPE ANTIBAC 3L,164.0,6057.36
DESINFETANTE AZULIM NEON 2L,643.0,6053.78
LIMPADOR MULTIUSO ZAVASKI BICARBONATO CITRUS 500ML,464.0,6049.95
LIMPADOR ESSENCIA CONCENTRADO COALA BAMBU 120ML,655.0,6043.65
DESINFETANTE MARILUX VIOLETA 2L,1065.0,6043.34
TIRA MANCHA TUFF EM PO SEM CLORO BRANQUEADOR 450G,222.0,6030.34
LIMPADOR PERFUMADO SETE 1L,834.0,6028.05
LIMPADOR MULTIUSO ZAB LARANJA SPRAY 500ML,1633.0,6024.7
DESINFETANTE ARCHOTE FLORAL 2L,996.0,6024.1
DESINFETANTE GIOCA CITRICO 2L,872.0,6023.54
LIMPADOR PERFUMADO GEO ENERGY 1L,771.0,6021.74
DESINFETANTE INVICTO LAVANDA 500ML,1456.0,6019.89
DESINFETANTE GIOCA MENTA 2L,877.0,6015.35
LIMPADOR MULTIUSO ZUPP POWER CITRUS 500ML,1370.0,6014.81
LIMPEZA PESADA QUASAR GEL LAVANDA 500ML,821.0,6010.48
LIMPADOR PERFUMADO CASA E PERFUME MISTERIO DI AMORE 12X500ML,126.0,6007.64
ALVEJANTE ZUPP LAVANDA 1L,917.0,6000.32
ALGICIDA CHOQUE HIDROAZUL 1L,156.66667999999999,5995.23
DESINFETANTE TEIU BACTERICIDA LAVANDA 3 EM 1 2L,590.0,5987.96
SABAO LIQUIDO MON BIJOU COCO 1L,240.0,5987.96
SABAO EM PO KI JOIA LIMPEZA TOTAL 400G,2565.0,5977.46
LIMPADOR PET TURMA DA MONICA PETS ELIMIN ODOR LAVANDA 2L,382.0,5972.96
DETERGENTE LIQUIDO IGUAL LIMAO 500ML,2901.0,5966.1
DESINFETANTE MAGICO MAYOR FLORAL 2L,709.0,5964.78
REMOVEDOR AZULIM CERAS 1L,310.0,5963.13
DESINFETANTE MAXPOL FLORAL 2L,1090.0,5960.49
LIMPADOR ESSENCIA SUAVE LAR FLORAL 140ML,550.0,5953.66
AMACIANTE CONCENTRADO MON BIJOU GLAMOUR TURQUESA 1L,378.0,5952.86
LIMPADOR PERFUMADO LEVO FLORAL 2L,941.0,5950.88
AMACIANTE DILUIDO MEU LAR CRIANÇA FELIZ 1L,1301.0,5950.49
LIMPADOR ESSENCIA LIMP UP BRISAS DO MAR 120ML,725.0,5949.83
LIMPADOR ESSENCIA CONCENTRADA POLITRIZ FLORAL 140ML,563.0,5949.66
ALVEJANTE NOVO LAR SEM CLORO 5L,288.0,5948.69
DETERGENTE LIQUIDO CHEIRO BOM NEUTRO 2L,1020.0,5946.58
DESENGORDURANTE ZIP ESPUMA SPRAY 300ML,443.0,5945.57
AMACIANTE DILUIDO PUFF TERNURA 2L,791.0,5940.73
LAVA ROUPAS LIQUIDO PLUSH BIOPOWER 4TOQUE AMACIANTE 5L,173.0,5935.31
DESINFETANTE LIMPEZA FELIZ CAMPESTRE 2L,1294.0,5923.04
AGUA SANITARIA FLOPS 2L,1054.0,5921.46
DESINFETANTE ATRIUS FLORAL 2L,980.0,5919.43
SABAO LIQUIDO MODALVA FRESH VERDE 2L,645.0,5916.19
SABAO LIQUIDO RADIANTE LAVANDA E COCO 3L,228.0,5910.07
SABAO LIQUIDO LIMPA MIL ACTIVE 5L,261.0,5906.41
DETERGENTE LIQUIDO ABSOLUTO MACA 2L,935.0,5905.67
REMOVEDOR KIN LIMP PERFUMADO MARINE 1L,337.0,5904.31
DETERGENTE LIQUIDO LEVO NEUTRO 500ML,4078.0,5903.56
AMACIANTE CONCENTRADO MON BIJOU SEDUCTION 1L,393.0,5894.44
AMACIANTE DILUIDO ORIENTAL CARINHO 1L,1582.0,5888.99
AGUA SANITARIA BRANKINHA 5L,593.0,5886.07
AGUA SANITARIA REDEPAS 2L,1150.0,5885.44
SABAO EM PO CANDURA COCO 1.6KG,436.0,5884.13
REMOVEDOR TUPI PETRO JASMIM 500ML,453.0,5883.14
AGUA SANITARIA BIG BAO 1L,2234.0,5873.12
DESINFETANTE KIMAFLOR LAVANDA 2L,754.0,5873.12
DESINFETANTE ZUPP CHA DE FRESCOR 5L,328.0,5872.49
DESINFETANTE RADIANTE CAPIM LIMAO 1L,1291.0,5870.69
DESENGORDURANTE BRILHA SUL COZINHA GATILHO 500ML,460.0,5868.34
GIOCA REMOVEDOR EUCALIPTO 800ML,258.0,5866.35
DESINFETANTE GUARANI EUCALIPTO 1L,1699.0,5865.48
"AMACIANTE DILUIDO INVICTO ENCANTOS E ACONCHEGO 1,8L",634.0,5865.07
AMACIANTE CONCENTRADO DOWNY VERAO TROPICAL 12X500ML,46.0,5859.72
DETERGENTE LIQUIDO BARRA LIMAO 24X500ML,166.0,5857.32
DESINFETANTE CLASSIC LAVANDA 5L,417.0,5856.48
"SABAO LIQUIDO COQUEL LAVANDA 1,5L",196.0,5855.17
AGUA SANITARIA IDEAL 5L,636.0,5853.71
DESINFETANTE CASA PERFUMADA LAVANDA 2L,791.0,5852.99
DESINFETANTE GUARANI EUCALIPTO 2L,928.0,5851.74
DESINFETANTE VEJA POWER ACTION LAVANDA 500ML,619.0,5847.72
SABAO LIQUIDO BRILUX HOME COCO/AVEIA 3L,379.0,5842.38
DETERGENTE LIQUIDO IGUAL MACA 500ML,2833.0,5835.07
LIMPADOR PERFUMADO LAR DOCE LAR OCEANO INFINITO 500ML,1270.0,5833.75
AMACIANTE DILUIDO PUFF BRISA SUAVE 500ML,1714.0,5831.44
SABAO EM PO BRILHA SUL ROSA 800G,1063.0,5831.43
DESINFETANTE VIDA ENCANTO DAS FLORES 5L,473.0,5830.64
LIMPADOR PERFUMADO AROMASIL ARABE BAD S 1L,662.0,5830.32
"AGUA SANITARIA YPE LV2L PG1,8L 6X2L",194.0,5829.04
AMACIANTE DILUIDO MARILUX SUAVE 2L,931.0,5826.69
DESINFETANTE CLEAN PLUS LAVANDA 500ML,1748.0,5825.56
AMACIANTE DILUIDO XODO AMARELO 2L,806.0,5824.91
LIMPADOR PISCINA BEL DESINFETANTE ESTABILADOR DE PH 1KG,130.0,5810.12
REMOVEDOR VONIXX PINCHE COLA STRIKE 500ML,85.0,5807.94
AMACIANTE CONCENTRADO JIMO COM GLICERINA 500ML,423.0,5804.75
DETERGENTE LIQUIDO BRANMIX MACA 5L,374.0,5803.06
DETERGENTE LIQUIDO BRISA NEUTRO 5L,310.0,5801.75
DETERGENTE LIQUIDO LIMPA MAIS COCO 500ML,2961.0,5801.46
LIMPEZA PESADA BARBAREX CLORO EM GEL 500G,900.0,5796.06
DETERGENTE LIQUIDO ODD ORIGINAL 24X500ML,124.0,5787.36
LIMPADOR ESSENCIA CONCENTRADA POLITRIZ PINHO 140ML,541.0,5782.5
SABAO LIQUIDO RADIANTE NATUREZA 3L,229.0,5782.4
REMOVEDOR TUPI PETRO TRADICIONAL 1L,291.0,5780.65
SABAO LIQUIDO RADIANTE LAVANDA 700ML,816.0,5780.4
DETERGENTE LIQUIDO DONA CLARA COCO 500ML,2911.0,5774.96
DESINFETANTE BEM TE VI EUCALIPTO 500ML,1795.0,5771.71
DESENGORDURANTE ZAVASKI LIMAO GATILHO 500ML,398.0,5770.4
AMACIANTE DILUIDO LIMPA MIL ACONCHEGO 2L,968.0,5769.18
ALGICIDA DE CHOQUE CRIS AGUA 1LITRO,184.0,5767.91
LIMPADOR MULTIUSO TUDO + CASAFLOR PASSION 500ML,1306.0,5767.18
LIMPADOR ESSENCIA AROMATEC TALCO 120ML,839.0,5766.53
AMACIANTE DILUIDO SUPER MAX SOFT BLUE 5L,464.0,5766.49
"LIMPADOR PERFUMADO UAU FLORES VERMELHAS E SEDUCAO 1,8L",385.0,5763.43
TIRA MANCHA AROMA BRANQUINHO 1L,342.0,5759.68
SABAO EM PO MARILUX SUAVE 4KG,313.0,5757.82
DESINFETANTE ESTRELA LAVANDA 2L,815.0,5754.62
HIDROAZUL ESTABILIZADOR DE PH 2KG,164.99999,5746.63
AMACIANTE DILUIDO ECONOMICO SOFT YELLOW 500ML,2302.0,5742.67
"DETERGENTE LIQUIDO INVICTO MACA 1,8L",583.0,5742.63
DESINFETANTE ATILA FLORAL 1L,1387.0,5741.79
AGUA SANITARIA MONTENEGRO FRASCO 2L,861.0,5741.52
DESINFETANTE LOURO PINHO FRESH 5L,355.0,5735.32
SABAO LIQUIDO MON BIJOU MULTIACAO FRESH 1.5L,319.0,5734.15
LIMPADOR MULTIUSO AZULIM MARINER GEL 2KG,192.0,5729.77
DESINFETANTE MAIS Q BOM LAVANDA FREE 2L,1060.0,5726.92
AGUA SANITARIA ITALAR 5L,535.0,5720.79
LIMPADOR ESSENCIA RAMAR CRAVO COM CANELA 140ML,574.0,5720.65
SABAO LIQUIDO CHEIRO BOM PLUS LIQ 2L,842.0,5719.57
LIMPEZA PESADA RETIRO ACIDO MURIATICO 1L,1263.0,5715.6
LIMPADOR PISCINA ULTRACLOR CLORO ESTABILIZADO 3 EM 1 10KG,37.0,5715.13
LIMPADOR PERFUMADO LAR DOCE LAR FLORES DA PRIMAVERA 500ML,1248.0,5713.9
DETERGENTE LIQUIDO LIMPA MAIS MACA 500ML,2933.0,5710.56
AMACIANTE DILUIDO STILL ACONCHEGO 2L,870.0,5705.51
AMACIANTE DILUIDO SONHO CARINHO GARRAFA 2L,532.0,5705.04
AMACIANTE DILUIDO LIPON TRADICIONAL 5L,473.0,5704.14
ODORIZADOR DE ROUPA MOGILANDI LAVANDA INGLESA 250ML,394.0,5701.52
LIMPADOR MULTIUSO ECONOMICO TRADICIONAL 500ML,1318.0,5700.37
AGUA SANITARIA NOVO LAR FRASCO 2L,1019.0,5694.99
LIMPADOR MULTIUSO SANOL EXT HORTELA/SA 500ML,1124.0,5694.72
DETERGENTE LIQUIDO ORIENTAL LIMAO 2L,797.0,5691.29
DESINFETANTE ALPES PINHO OCEANIC 500ML,1704.0,5686.15
DESINFETANTE ORIENTAL PINHO TRADICIONAL 500ML,2312.0,5682.37
DETERGENTE LIQUIDO LAVO CLEAR 500ML,4099.0,5682.11
LIMPADOR DE VIDRO COPERALCOOL 500ML,1194.0,5679.0
SABAO EM PO ECONOMICO TRADICIONAL 400G,1507.0,5678.52
CLORO GEL CASA LIMPA 2L,255.0,5672.39
AMACIANTE DILUIDO KIMAFLOR FLORAL 5L,384.0,5669.68
AGUA SANITARIA RETIRO 1L,2483.0,5668.1
REMOVEDOR TUPI PETRO TRADICIONAL 500ML,444.0,5666.99
SABAO EM PO VALOR LAVANDA SACHE 1KG,943.0,5663.67
CLORO VITRAL ATIVO FRASCO 1L,1314.0,5661.24
LIMPADOR ESSENCIA CONC CASAFLOR LIMAO SICILIANO 120ML,467.0,5659.84
"SABAO EM PO MINUANO AZUL 2,2KG",276.0,5657.57
DESINFETANTE CLEAN PLUS FLORAL 500ML,1713.0,5652.97
SABAO EM PO BEM TE VI SUPER BRANCO 500G,1738.0,5649.59
AGUA SANITARIA ZULU 2L,776.0,5646.24
DESINFETANTE QUALYBRILL LAVANDA 2L,1147.0,5645.81
AMACIANTE DILUIDO QUALYBRILL ENCANTO 2L,1229.0,5644.93
SABAO EM PO AJU 5KG,420.0,5644.42
DETERGENTE LIQUIDO LAVANDEX CRISTAL 500ML,2426.0,5643.68
DESINFETANTE AZULIM GEL ERVA DOCE 500ML,628.0,5642.23
ODORIZADOR DE ROUPA TROPICAL AROMAS FLOR CEREJEIRA 500ML,294.0,5639.45
LIMPADOR ESSENCIA PEREIRA LAVANDA 100ML,603.0,5639.16
DESINFETANTE BIG SOFT DESINFETANTE EUCALIPTO 2L,890.0,5638.76
LIMPADOR MULTIUSO UAU KIT C/2 MULTIUSO+1 LIMP VIDROS 3X500ML,366.0,5637.76
AMACIANTE DILUIDO BIG SOFT JASMIM 2L,923.0,5634.6
LIMPADOR MULTIUSO YPE CTRL DE ODOR COM ALCOOL SQUEEZE 500ML,1225.0,5632.6
TIRA MANCHA SAIF FERRUGEM 50ML,665.0,5632.54
AGUA SANITARIA FLUMINENSE 1L,1671.0,5630.39
SABAO EM PO AJU TRADICIONAL 500G,3899.0,5620.59
DESINFETANTE LIMPA MAIS LAVANDA 1L,1358.0,5619.92
SABAO LIQUIDO PROLAR COCO 2L,315.0,5617.02
LIMPADOR MULTIUSO BRILUX TRAD HOME SQUEEZE P500ML L750ML,1784.0,5616.0
SABAO LIQUIDO C & B CALCINHAS E BIQUINIS 300ML,430.0,5613.01
AMACIANTE CONCENTRADO FOFO TRADICIONAL FRASCO 500ML,491.0,5610.11
AMACIANTE DILUIDO AGIFACIL ACONCHEGO 5L,413.0,5608.2
DESENGORDURANTE PRIME GRILL LIMPA AIR FRYER 500ML,266.0,5604.95
LIMPADOR PERFUMADO CASA E PERFUME PASSIONE PG900ML LV1L 1L,621.0,5602.52
AGUA SANITARIA SUPER KILEVE 5L,421.0,5602.3
SABAO LIQUIDO GOTA LIMPA LAVANDA 2L,329.0,5602.25
DESINFETANTE LIPON LAVANDA 5L,430.0,5601.57
LIMPADOR MULTIUSO MASCIMO LIMPA PISO GEL PINHO FLORESTA 1L,394.0,5595.7
LIMPADOR ESSENCIA NOGUEIRA ODORIZADOR CONCENTRADO CAMP 125ML,721.0,5593.65
DESINFETANTE MAIS FAMILIA PINHO 2L,892.0,5590.33
DESINFETANTE GBEL LAVANDA 5L,340.0,5584.9
DESINFETANTE DIA A DIA DILUIVEL UBATUBA LIQ 140ML,389.0,5582.14
AMACIANTE DILUIDO POLILUZ AZUL 2L,779.0,5580.77
DETERGENTE LIQUIDO MARILUX LIMAO 2L,862.0,5580.43
AMACIANTE DILUIDO BIG SOFT FLOWER 2L,910.0,5578.36
LIMPADOR PISCINA BEL FITA DE TESTE 4 EM 1 25UN,156.0,5577.78
LIMPADOR PERFUMADO MAXPOL LAVANDA 2L,1014.0,5576.31
LIMPADOR PERFUMADO MARINA ROMANCE E SEDUCAO 1L,851.0,5574.36
SABAO LIQUIDO MARILUX LAVANDA E SONHOS ACTION 1L,835.0,5574.18
DESENGORDURANTE BYT S LIMPA FORNO 500ML,386.0,5570.46
AMACIANTE DILUIDO BOLTZ TERNURA 5L,479.0,5568.12
AMACIANTE DILUIDO KIMAFLOR ROMANTICA ROSA 2L,696.0,5565.32
DESINFETANTE TEIU FLORAL 500ML,1562.0,5564.52
DETERGENTE LIQUIDO ASTOLLI MACA 5L,482.0,5561.38
ALVEJANTE BUFALO SEM CLORO WHITE 2L,378.0,5561.09
DESINFETANTE ZUPP TRADICIONAL 500ML,1298.0,5560.43
DESINFETANTE GBEL ORQUIDEA 5L,336.0,5559.24
DESINFETANTE AQUAFAST HARMONIA NATURAL 500ML,1553.0,5550.16
LIMPADOR ESSENCIA SENHORA CASA ERVA DOCE 120ML,868.0,5549.44
SABAO EM PO ULTRA CLASS BOTANIC 3KG,158.0,5549.05
SABAO LIQUIDO ALICE VERDE 3L,488.0,5548.81
TIRA MANCHA TUFF OXIGENIO ATIVO MULTIUSO 450G,202.0,5547.58
AMACIANTE DILUIDO SOFT PLUS ALGODAO DOCE 500ML,773.0,5546.49
LIMPADOR PERFUMADO HIPER PLUS LAVANDA 2L,780.0,5544.48
AMACIANTE DILUIDO ORIENTAL PAIXAO 2L,760.0,5541.8
SABAO LIQUIDO SAIF SACHE COCO 900ML,395.0,5538.2
AMACIANTE DILUIDO BARBAREX MAX 5L,371.0,5537.83
DETERGENTE LIQUIDO QUASAR NEUTRO 500ML,2718.0,5537.02
DETERGENTE LIQUIDO SPA CLEAR 500ML,3023.0,5536.49
AMACIANTE DILUIDO YPE ACONCHEGO 4X5L 20L,86.0,5525.48
AMACIANTE CONCENTRADO FLOM SENSITIVE ANTIFRIZZ 900ML,342.0,5524.79
LIMPADOR PERFUMADO BRILHOLAC COM ALCOOL FLORAL 1L,521.0,5516.28
LIMPADOR PERFUMADO RADIANTE PETALAS DE LAVANDA 500ML,1295.0,5507.41
LIMPADOR MULTIUSO BECKER FLORAL 500ML,1364.0,5497.53
LIMPADOR PET MARINA LIMPA CANIL 2L,222.0,5493.61
DESINFETANTE ATILA LAVANDA 1L,1344.0,5491.12
ALVEJANTE ESPUMIL SEM CLORO 2L,714.0,5489.75
DESINFETANTE ZAVASKI PINHO 500ML,1525.0,5489.65
ALVEJANTE RICLEY SEM CLORO ROUPAS BRANCAS E COLORIDAS 5L,382.0,5485.57
LIMPADOR PISCINA ATCLLOR CLORO PASTILHA TRICLORO 200G,527.0,5484.75
LIMPADOR ESSENCIA PEREIRA EUCALIPTO 100ML,565.0,5483.12
DESINFETANTE POLITRIZ FLORAL 500ML,1661.0,5481.6
DETERGENTE LIQUIDO MARINA LIMAO 500ML,2443.0,5480.69
LIMPADOR DE VIDRO MARINA 500ML,1059.0,5474.74
LIMPADOR PERFUMADO AZULIM TERNURA 2L,406.0,5473.56
DESINFETANTE RADIANTE SILVESTRE 2L,672.0,5465.61
LIMPEZA PESADA ORDEMAX ALCAMAX DETER ALCALINO CLOR PLUS 5L,72.0,5464.8
LIMPADOR PERFUMADO AZULIM TERNURA PL GF 500ML,1040.0,5464.28
DETERGENTE LIQUIDO LIMPS 500ML,2650.0,5462.0
DESINFETANTE COALA CONCENTRADO LIMA 140ML,357.0,5460.2
DETERGENTE LIQUIDO LEVO MACA 500ML,3750.0,5458.86
LIMPADOR DE VIDRO ESFRELUX SPRAY 500ML,346.0,5456.93
LIMPADOR MULTIUSO UAU L3P2 500ML CLORO ATIVO KIT 3X500ML,277.0,5448.94
REMOVEDOR TUPI ECO LAVANDA 1L,725.0,5446.05
AGUA SANITARIA LERTOFF 2L,681.0,5443.21
LIMPADOR MULTIUSO RAJJA TRADICIONAL 500ML,1539.0,5436.37
SABAO EM PO BRILHANTE LIMPEZA TOTAL BRANCAS E COLORIDAS 800G,465.0,5434.41
DESINFETANTE MEU LAR LAVANDA 500ML,2193.0,5427.38
LIMPADOR PERFUMADO KI JOIA ELEGANCE 1L,764.0,5424.41
DESINFETANTE SMART LAVANDA 2L,822.0,5421.08
LIMPADOR ESSENCIA SANTO BRILHO EUCALIPTO 140ML,502.0,5417.98
SABAO EM PO ARES LAVANDA 1KG,975.0,5415.93
SABAO EM PO KLIP 500G,1207.0,5415.59
DESENGORDURANTE BLEACH COZINHA GATILHO 500ML,438.0,5415.55
LIMPEZA PESADA LIMPINHO SOLIMPE SOLUCAO 1L,537.0,5409.57
LIMPADOR PERFUMADO CASA E CARINHO SUBLIME 1L,748.0,5408.88
LIMPEZA PESADA AROMASIL LIMPA ESTOFADOS GATILHO 500ML,287.0,5406.5
LIMPADOR PERFUMADO LEVO KAYAK 2L,853.0,5398.26
LIMPADOR PET AQUAFAST NEUTRALIZADOR DE ODORES MARINE 2L,364.0,5396.35
SABAO LIQUIDO COMPRE CERTO 3L GREENUND,335.0,5389.55
DETERGENTE LIQUIDO POLLUX LIMAO 2L,772.0,5389.26
DETERGENTE LIQUIDO OXENTE NEUTRO 500ML,3832.0,5389.02
AMACIANTE DILUIDO Q LAR CLASSIC LAVANDA 5L,403.0,5385.9
DETERGENTE LIQUIDO ECONOMICO CRISTAL 500ML,2294.0,5385.81
SABAO EM PO GUARANI TRADICIONAL 25X400G,126.0,5384.5
LIMPEZA PESADA ZUPP ERVAS CITRUS 500ML,578.0,5383.64
DESINFETANTE OLA CONCENTRADO 300ML,1119.0,5380.2
LIMPADOR ESSENCIA AROMATEC CAPIM LIMAO 120ML,590.0,5376.45
DESINFETANTE DESOMAX LAVANDA 2L,979.0,5373.42
SABAO LIQUIDO MR BRILHO BRISA DO MAR 3L,414.0,5372.89
LIMPADOR ESSENCIA CONCENTRADO COALA CITRONELA 3X120ML,572.0,5371.65
DESINFETANTE RADIANTE USO GERAL PINHO GEL LAVANDA 1KG,1057.0,5364.97
LIMPADOR PERFUMADO AZULIM AMOR 500ML,1020.0,5364.32
AMACIANTE CONCENTRADO ZERO A DOIS  LAVANDA 500ML,466.0,5363.44
DESINFETANTE ESTRELA LAVANDA 5L,322.0,5362.75
LIMPADOR PERFUMADO AZULIM GEL START CONCENTRADO FLORAL 500G,601.0,5357.87
SABAO LIQUIDO PLIN LAVANDA 3L,257.0,5352.41
SABAO EM PO JUA FRESH 500G,1951.0,5352.27
DETERGENTE LIQUIDO BARBAREX NEUTRO 5L,384.0,5350.03
LIMPADOR DE VIDRO LIMPOL 4 EM 1 REFIL CRISTAL 500ML,300.0,5346.56
DESINFETANTE GUARANI HERBAL 5L,325.0,5344.51
DESINFETANTE CASA PERFUMADA JASMINE 2L,723.0,5342.34
LIMPEZA PESADA BIANCOLL PISOS E PAREDES 2L,257.0,5340.83
LIMPADOR MULTIUSO TEIU SPRAY CAMPESTRE 500ML,1060.0,5340.4
AMACIANTE DILUIDO CLARUS AZUL 2L,765.0,5335.46
AMACIANTE CONCENTRADO AROMASIL CONFORTO 500ML,512.0,5334.18
SABAO EM PO INDOV LIMPEZA PROFUNDA 500G,2244.0,5333.19
DETERGENTE LIQUIDO MEU LAR 500ML,3087.0,5331.32
"SABAO EM PO SETE ALCOOL 1,4KG",259.0,5328.48
DETERGENTE LIQUIDO ZAVASKI BIO NEUTRO 500ML,3015.0,5325.98
DESINFETANTE MARILUX LAVANDA 5L,368.0,5313.43
"SABAO LIQUIDO URCA MAXX AZUL LV5L PG4,5L 5L",312.0,5311.4
LIMPEZA PESADA LIDER SOLUCAO 1L,499.0,5310.96
DESINFETANTE GBEL PINHO TRADICIONAL 5L,328.0,5300.4
AGUA SANITARIA RIALER FR 5L,422.0,5299.66
LIMPADOR MULTIUSO CIF GEL 475G,376.0,5297.33
AGUA SANITARIA VAREK 5L,304.0,5296.81
SABAO LIQUIDO GLORIA VERDE 2L,434.0,5292.68
AMACIANTE DILUIDO MARILUX FLORA 5L,335.0,5287.71
DETERGENTE LIQUIDO DA CASA LIMAO 500ML,2190.0,5285.03
DESINFETANTE ARCHOTE EUCALIPTO 2L,866.0,5281.34
ODORIZADOR DE ROUPA LEVE BRISA NAFTALINA 250G,322.0,5278.21
DETERGENTE LIQUIDO DU REI LIMAO 500ML,2856.0,5275.56
DESINFETANTE BARBAREX VIOLEX 500ML,2402.0,5275.43
DESINFETANTE VITRAL 2L,914.0,5271.76
LIMPADOR PERFUMADO ZUPP FLORES E ENCANTO 1L,780.0,5268.96
DESINFETANTE GUIMARAES CAPIM LIMAO 500ML,1602.0,5267.1
DESENGORDURANTE ZAB COZINHA 500ML,1209.0,5264.21
AMACIANTE DILUIDO ECONOMICO ALOE VERA 500ML,2191.0,5263.55
SABAO LIQUIDO QUASAR POWER FRESH 1L,692.0,5261.31
LIMPADOR INST MULTI USO BUFALO REMOVEDOR PERFU PINHO 500ML,199.0,5260.53
DETERGENTE LIQUIDO CHEIRO BOM MACA 2L,898.0,5257.16
DESINFETANTE IMPERIAL PINHO 5L,402.0,5253.07
DESINFETANTE BUFALO EUCALIPTO 5L,583.0,5251.52
"FLUTUADOR P/PISCINA 1,60M ITAPEX",535.0,5247.99
DESINFETANTE TRIEX EUCALIPTO 500ML,2047.0,5246.6
LIMPADOR ESSENCIA ORIENTAL LIMPADUA 100ML,460.0,5244.86
DESINFETANTE CLARUS SILVESTRE 2L,630.0,5244.22
LIMPADOR PERFUMADO SAIF LAVANDA FRANCESA 1L,699.0,5242.21
AMACIANTE DILUIDO GUARANI COCO E AMENDOAS 2L,688.0,5239.73
DETERGENTE LIQUIDO MARINA MACA 500ML,2319.0,5239.36
DESINFETANTE MAZOCRESOL PERFUMADO 1L,499.0,5234.39
LIMPADOR ESSENCIA SALUTAR EUCALIPTO 100ML,413.0,5229.78
LIMPADOR MULTIUSO BARBAREX EM GEL PINHO 2L,365.0,5223.32
LIMPADOR ESSENCIA SENHORA CASA CITRONELA 120ML,792.0,5220.48
LIMPADOR MULTIUSO AROMASIL ESSENCIA PEONIA 140ML,557.0,5213.05
AMACIANTE CONCENTRADO FLOM ANTIFRIZZ MYSTIC 900ML,324.0,5212.74
DESINFETANTE SUPER MAX LAVANDA 5L,345.0,5211.62
DESINFETANTE AZULIM LIMPADOR PINHO GEL 2KG,161.0,5211.25
AGUA SANITARIA LAVANDEX CLORO ATIVO 3EM1 5L,455.0,5207.23
AMACIANTE DILUIDO ZAVASKI FLORAL 5L,272.0,5207.11
TIRA MANCHA BRILUX O2 PO BRANQUEDOR 420G,290.0,5204.29
DESINFETANTE DULAR EUCALIPTO 2L,971.0,5202.76
AMACIANTE DILUIDO GLOBAL MAX DELICATO 2L,994.0,5201.11
FITA TESTE HTH - C/25,112.0,5201.1
DETERGENTE LIQUIDO ALPES CLEAR COM BICARBONATO 1L,1065.0,5200.97
CLORO BRASQUIL 5LT,213.0,5195.77
LIMPADOR DE VIDRO PINGO MAGICO 500ML,229.0,5193.39
AMACIANTE DILUIDO BRINORT NOVO AMANHACER 6X2L,192.0,5188.46
SABAO EM PO TIXAN YPE MACIEZ SC 5KG,118.0,5186.65
LIMPEZA PESADA DESTOP DESENTUPIDOR CRYSTALS 300G,240.0,5185.78
SABAO LIQUIDO CAMPESTRE OCEAN 5L,251.0,5182.91
AMACIANTE DILUIDO BRILHA SUL BRANCO 2L,883.0,5181.56
DESINFETANTE VITRAL LAVANDA 2L,906.0,5168.79
AGUA SANITARIA SUPREMA GF 6X2L,244.0,5167.97
DESINFETANTE ATRIUS MARINE 2L,892.0,5166.24
DESINFETANTE ATILA LAVANDA 2L,660.0,5163.26
SABAO LIQUIDO JIMO SABAO LIQUIDO BABY FRASCO 500ML,365.0,5160.94
TIRA MANCHA LIMPADUA WHITE 450G,284.0,5149.87
DETERGENTE LIQUIDO DA CASA MACA 500ML,2220.0,5145.96
LIMPADOR PERFUMADO AZULIM GRATIDAO 2L,379.0,5144.91
CLORO Q LAR 1 L REF 4652,920.0,5140.8
SABAO EM PO BRILHANTE HIGIENE TOTAL SC 16X800G,30.0,5133.44
SABAO LIQUIDO AROMASIL CONC COCO 1L,281.0,5133.27
SABAO LIQUIDO COALA 3L,207.0,5126.48
SABAO LIQUIDO DAS NEVES FLOR 5L,309.0,5125.56
DESINFETANTE LIMPADUA PINHO 5L,292.0,5122.23
AMACIANTE CONCENTRADO COMFORT ORIGINAL FRASCO 500ML,279.0,5119.36
LIMPADOR PERFUMADO YSO LIS 200ML,1241.0,5118.85
DESINFETANTE CLASSIC CAPIM LIMAO + EUCALIPTO 5L,367.0,5118.73
DESINFETANTE RADIANTE HERBAL KALIPTO 2L,630.0,5118.43
AGUA SANITARIA ARIA 2LT PURACASA,628.0,5117.25
CRIS ALCALINIDADE CRIS AGUA 2KG,166.0,5114.26
SABAO EM PO CLASSY PLUS 800G,1224.0,5114.09
LIMPADOR MULTIUSO VINAGREEN LAVANDA 500ML,969.0,5112.56
CLORO LIQUIDO 1LT,625.0,5110.47
DESINFETANTE TRID LAVANDA 500ML,1810.0,5110.21
ALVEJANTE QBOA C/CLORO FLORAL 12X1L,136.0,5109.17
DESINFETANTE GBEL LAVANDA 2L,719.0,5099.57
DESINFETANTE MEU LAR LAVANDA 5L,313.0,5098.97
SABAO LIQUIDO GEO 1L,378.0,5094.08
SABAO LIQUIDO GOTA FORTE 3L,241.0,5092.47
SABAO EM PO TIXAN YPE CARTUCHO MACIEZ 9X2.2KG,215.0,5092.07
LIMPADOR MULTIUSO OESTE LIMAO SPRAY 500ML,1387.0,5089.41
DESINFETANTE RAJJA LAVANDA 5L,363.0,5087.93
AGUA SANITARIA PURE FRESH 5L,571.0,5087.64
AGUA SANITARIA GAUCHA 2L,1060.0,5086.83
DESINFETANTE BARBAREX VIOLEX 5L,396.0,5083.54
DESENGORDURANTE MR MUSCULO COZINHA LIMAO REFIL 500ML,247.0,5081.39
DESINFETANTE RADIANTE FLORES DO CAMPO 750ML,1560.89,5079.68
LIMPADOR ESSENCIA AROMATEC EUCALIPTO 140ML,515.0,5079.67
LIMPADOR MULTIUSO GEO TRIPLO LIMAO 500ML,696.0,5077.61
AMACIANTE DILUIDO CONFORTO 5L,291.0,5076.59
CLORO ATIVO BRIX 970ML,1006.0,5075.34
LIMPADOR PERFUMADO UAU BRISA E FRESCOR 2L,354.0,5067.02
DESINFETANTE ASA LESTE CAMPESTRE 2L,653.0,5065.49
LIMPEZA PESADA TEIU GEL POWER MULTIUSO 2KG,310.0,5063.27
LIMPADOR PERFUMADO VEJA PERFUMES AROMA SENSE ALEGRIA 2L,201.0,5061.36
DESINFETANTE ZUPP TRADICIONAL 5L,277.0,5054.96
DETERGENTE LIQUIDO CHEIRO BOM LIMAO 2L,875.0,5049.56
DETERGENTE LIQUIDO LIMPA MIL MACA 2L,922.0,5048.95
AMACIANTE DILUIDO MARILUX CLASSIC 2L,789.0,5047.91
CLORO CLASSIC 1L,1108.0,5047.2
AGUA SANITARIA MAXIMO FRASCO 2L,744.0,5047.0
DESINFETANTE LYSOFORM ORIGINAL SPRAY 432ML,160.0,5041.99
AMACIANTE DILUIDO ZAVASKI TALCO BRISA DO CAMPO 2L,653.0,5040.2
DETERGENTE LIQUIDO LIMPS NEUTRO 500ML,2383.0,5039.0
SABAO LIQUIDO BARRIGA VERDE LAVANDA 3L,217.0,5038.96
DESINFETANTE ZAB CM 5L,165.0,5037.65
LIMPADOR ESSENCIA CAMPESTRE CONCENTRADO 140ML,475.0,5032.72
LIMPADOR PERFUMADO GEO HAPPY 1L,666.0,5032.69
ALVEJANTE AGIFACIL SEM CLORO FLASH 2L,436.0,5026.58
DESINFETANTE BARBAREX BACTERICIDA ALCOOL 46 1L,478.0,5024.42
AGUA SANITARIA BIO CLAREX 5L,471.0,5020.52
DESINFETANTE KIMAX FLORES DO CAMPO 2L,777.0,5018.82
SABAO LIQUIDO MEU LAR VIDA DE FLORES 3L,284.0,5015.55
CLORO MARINA SUPER 1LTO,1423.0,5015.13
REMOVEDOR TUPI PETRO JASMIN 1L,230.0,5014.44
SABAO EM PO JAGUARIBE PRETO 1KG,617.0,5009.27
AMACIANTE CONCENTRADO DOWNY PERF COLLEC MISTICO 3L,70.0,5009.24
LIMPEZA PESADA TOP CLEAR LIMPA AR 1L,1065.0,5009.1
SABAO LIQUIDO AQUAPLUS AMOR 3L,403.0,5006.37
DESENGORDURANTE RAJJA LIMAO 500ML,639.0,4999.98
DETERGENTE LIQUIDO BRISA NEUTRO 24X500ML,147.0,4993.22
LIMPADOR PET OESTE ELIMINADOR ODORES LAVANDA 2L,457.0,4989.16
SABAO EM PO ESTRELA MULTIUSO 1KG,582.0,4984.55
LIMPEZA PESADA LIMPEBEM GEL PINHO 1KG,540.0,4981.87
SABAO EM PO ACE SACHE 4KG,132.0,4981.44
TIRA MANCHA SAIF +BRANCO SEM CLORO 500G,198.0,4980.67
SABAO LIQUIDO ALICE AZUL 3L,481.0,4975.54
AMACIANTE DILUIDO ATRIUS ROXO DESEJO 2L,869.0,4975.11
ODORIZADOR DE ROUPA MOGILANDI SPRAY CONFORTO 250ML,341.0,4974.22
DETERGENTE LIQUIDO ZAVASKI GLICERINADO 5L,232.0,4973.44
AMACIANTE CONCENTRADO JUA LIRIO AZUL 6L,568.0,4971.29
SABAO EM PO LIMPADUA MULTIACAO 4KG,179.0,4967.73
"DETERGENTE LIQUIDO INVICTO LIMAO 1,8L",508.0,4954.44
DETERGENTE LIQUIDO ECONOMICO NEUTRO 2L,896.0,4948.42
AGUA SANITARIA FAMILIA MAIS 1L,1667.0,4944.7
LIMPADOR MULTIUSO PODEROSO 300ML,300.0,4943.0
LIMPADOR ESSENCIA ESFRELUX ALGAS MARINHAS 140ML,501.0,4942.57
LIMPADOR PISCINA BEL KIT TESTE DE CLORO E PH 1UN,117.0,4939.31
SABAO EM PO PALMAR RALADINHO 800G,575.0,4938.7
SABAO LIQUIDO MON BIJOU MULTI LAVANDA 1.5L,255.0,4932.7
SABAO LIQUIDO SAIF SACHE GLICERINA 900ML,353.0,4931.15
SABAO LIQUIDO AGE LIMP GLICERINADO 3L,237.0,4927.72
DETERGENTE LIQUIDO ZAVASKI COCO 1L,1144.0,4927.18
DESINFETANTE LIMPADUA FLORAL 5L,300.0,4925.2
LIMPADOR ESSENCIA ESFRELUX CONCENTRADO CAPIM LIMAO 140ML,496.0,4922.65
DESINFETANTE ASA LESTE PINHO GEL 2L,414.0,4920.47
ODORIZADOR DE ROUPA MOGILANDI FINE BAMBOO 250ML,343.0,4920.18
LIMPADOR PERFUMADO MAXPOL MARESIA 2L,896.0,4918.2
ALVEJANTE BARBAREX SEM CLORO EM PO 450G,314.0,4908.48
DESINFETANTE SANOL LEITOSO EUCALIPTO 500ML,1280.0,4904.3
AMACIANTE DILUIDO ROUPA E CARINHO AMOR BRANCO 2L,778.0,4902.98
DESINFETANTE EPORT LAVANDA 5L,402.0,4902.84
AMACIANTE DILUIDO QUASAR BRISA 1L,1090.0,4899.03
DESINFETANTE INVICTO LIMAO 500ML,1204.0,4893.11
AMACIANTE CONCENTRADO PLUSH  SOLARIS 500ML,528.0,4893.05
LIMPEZA PESADA TIRODOR ACIDO MURIATICO  1L,670.0,4892.86
DESINFETANTE ECONOMICO CITRUS 12X1L,112.0,4892.03
LIMPADOR MULTIUSO CANDURA ORGINAL 500ML,1143.0,4885.03
SABAO LIQUIDO RIALER LIQ FRUTAL FR 5L,188.0,4878.82
LIMPADOR PERFUMADO YPE JARDIM SECRETO LV1L PG700ML 1L,665.0,4878.36
LIMPADOR ESSENCIA AROMATEC VIOLETA 140ML,501.0,4877.4
SABAO EM PO VALOR MULTIACAO 1KG,784.0,4877.37
DESINFETANTE BRANMIX LAVANDA 2L,775.0,4876.32
"TIRA MANCHA BRILUX EM PO SEM CLORO PODER O2 ATIV BRANQ 1,5L",216.0,4875.91
DETERGENTE LIQUIDO JUA NEUTRO 1L,1125.0,4873.69
LIMPADOR PET FIDALGOS ELIMINADOR ODORES LAVANDA 2L,191.0,4871.84
DESINFETANTE MEU LAR OCEANIC 5L,300.0,4871.53
SABAO LIQUIDO BRANMIX COCO 1L,603.0,4868.74
DESENGORDURANTE CASA E LIMPEZA COZ GT CASA E LIMP 500ML,296.0,4868.24
SABAO EM PO MEU LAR BLOCK LAVANDA 800G,842.0,4868.17
SABAO LIQUIDO COMPRE CERTO 3L TRADICIONALUND,304.0,4863.76
ALVEJANTE BRILHANTE CLORO ATIVO FLORAL USO GERAL 2L,182.0,4860.82
SABAO LIQUIDO LOURO SOFT 5L,146.0,4856.54
LIMPADOR PERFUMADO POLLUX ECONOMICO HERBAL 2L,858.0,4855.12
LIMPADOR MULTIUSO MARINA FOLHAS E FLORES 500ML,1379.0,4853.9
DETERGENTE LIQUIDO LIMPA JA NEUTRO 5L,320.0,4850.12
DETERGENTE LIQUIDO LIMPOL JABUTICABA 24X500ML,106.0,4849.26
PASTILHA PREMIUM HIDROAZUL,433.0,4848.01
DESINFETANTE MARILUX VIOLETA 5L,334.0,4846.73
ALVEJANTE ZUPP COM CLORO FLORAL 1L,731.0,4832.4
AGUA SANITARIA ALVINHA 1L,1071.0,4832.31
SABAO LIQUIDO GUIMARAES COM BICARBONATO LAVANDA 2L,274.0,4827.55
DESINFETANTE ECONOMICO FLORAL 12X1L,109.0,4827.48
DETERGENTE LIQUIDO ESSENCIAL ESSENCIAL NEUTRO 500ML,2565.0,4826.21
LIMPADOR PERFUMADO MARINA LAVANDA INSPIRADORA 500ML,1155.0,4824.41
DESINFETANTE CLEAN PLUS JASMIM 500ML,1434.0,4822.54
DETERGENTE LIQUIDO MINUANO MARINE 24X500ML,123.0,4817.49
TIRA MANCHA LIMPADUA ROUPAS BRANCAS E COLORIDAS 450G,266.0,4814.5
DESINFETANTE INVICTO MARINE 500ML,1199.0,4814.2
"SABAO EM PO TIXAN YPE PRIMAVERA CX 9X1,6KG",31.0,4813.09
DETERGENTE LIQUIDO DU REI MACA 500ML,2584.0,4810.66
DESINFETANTE PINHO SOL ORIGINAL 12X1L,35.0,4807.5
AMACIANTE DILUIDO OLIMPO CARINHO GARRAFA 5L,190.0,4807.42
DESINFETANTE DRAGAO PINHO 5L,353.0,4801.86
AMACIANTE CONCENTRADO COMFORT ANTIODOR FRASCO 500ML,300.0,4800.17
DESINFETANTE TRID FLORAL 500ML,2022.0,4797.84
SABAO EM PO BRILHANTE LIMPEZA TOTAL GTS200G 1.6KG,210.0,4792.72
OMO DT LIQ LAVANDA 5L NE,76.0,4791.22
LIMPADOR MULTIUSO TUDO POWERCLEAN LAVANDA 500ML,730.0,4790.32
DETERGENTE LIQUIDO POLIAL MACA 2L,683.0,4789.23
DESINFETANTE CASA PERFUMADA EUCALIPTO 2L,706.0,4788.45
LIMPADOR PERFUMADO LEVO PINHO 2L,757.0,4786.29
AMACIANTE CONCENTRADO CANDURA JARDIM INVERNO 500ML,631.0,4784.18
AMACIANTE DILUIDO LIMPEZA FELIZ ROSA 2L,789.0,4783.81
LIMPADOR MULTIUSO TUDO POWER CLEAN LIMAO 500ML,726.0,4783.12
LIMPADOR ESSENCIA NOGUEIRA BROTO BAMBU 125ML,607.0,4781.23
AMACIANTE DILUIDO YPE CARINHO 24x500ML 12L,70.0,4779.36
DESINFETANTE ULTRALAR PINHO 5L,289.0,4779.04
DESINFETANTE VOREL PINHO 500ML,1343.0,4778.95
AMACIANTE DILUIDO GBEL TERNURA ROSA 5L,288.0,4778.35
AGUA SANITARIA KIMAX FR 5L,316.0,4777.76
DESINFETANTE STILL CLEAN MARINE 5L,445.0,4777.56
LIMPADOR MULTIUSO BARBAREX 500ML,1398.0,4775.61
"CLORO ATCLLO MULTIPLA ACAO 3 EM 1 2,5KG",65.0,4774.61
SABAO PO SURF 1KG CX BRANCURA JASMIN/LIRIOS,947.0,4771.43
DESINFETANTE RAJJA CITRUS 2L,800.0,4766.02
CLORO P/PISCINA Q-CLOR ORG SUPER ACA 5KG,39.0,4765.27
SABAO LIQUIDO ATOL ENCANTOS LAVANDA 3L,163.0,4763.24
LIMPADOR PERFUMADO MAX CLEAR CONDESSA 2L,856.0,4758.32
LIMPADOR PERFUMADO CASA E CARINHO ACONCHEGO 1L,671.0,4758.26
AMACIANTE DILUIDO COMFORT LAVANDERIA PROFISSIONAL 7L,73.0,4756.77
AMACIANTE DILUIDO LEVO TERNURA  2L,624.0,4755.19
LIMPADOR ESSENCIA FLORESTA LAVANDA 100ML,766.0,4753.39
LIMPADOR MULTIUSO TEK BOND ESPUMA SPRAY 400ML,165.0,4749.74
AMACIANTE DILUIDO MEU LAR AZUL 5L,272.0,4745.61
SABAO LIQUIDO ORIENTAL COCO 5L,161.0,4743.0
DETERGENTE LIQUIDO JARI LIMAO 500ML,3096.0,4741.54
LIMPADOR PET BRILUX ELIMINADOR DE ODORES LAVANDA 2L,250.0,4739.55
AMACIANTE DILUIDO BARBAREX WHITE 5L,305.0,4739.51
DETERGENTE LIQUIDO DU REI NEUTRO 500ML,2543.0,4738.07
TIRA MANCHA FONTDAY SEM CLORO ROLLON 200ML,394.0,4737.46
DETERGENTE LIQUIDO JARI MACA 500ML,3083.0,4736.12
LIMPADOR DE VIDRO BLUE BOM REFIL 500ML,1346.0,4735.65
DESINFETANTE VITRAL FRASCO FLORAL 2L,809.0,4729.77
DESINFETANTE MEU LAR OCEANIC 500ML,1918.0,4727.5
ALVEJANTE BRILUX MULTIUSO 12X1L,96.0,4723.18
DETERGENTE LIQUIDO MAIS FAMILIA NEUTRO 5L,189.0,4721.92
SABAO LIQUIDO SOFT PLUS ESMERALDA 1L,344.0,4721.3
SABAO LIQUIDO AGIFACIL CUIDADO TOTAL 1L,703.0,4718.57
SABAO EM PO TERNURA 800G,690.0,4715.45
AMACIANTE CONCENTRADO ZERO A DOIS SUAVE 500ML,408.0,4715.22
CLORO BIG SOFT 2L,678.0,4710.04
SABAO LIQUIDO GLIMP 5L,264.0,4709.36
DESINFETANTE EPORT CAMPESTRE 2L,752.0,4707.26
ALVEJANTE BUFALO ECOBAKING 500G,416.0,4706.49
DESINFETANTE ILUSTRE LAVANDA 2L,924.0,4704.1
LIMPADOR MULTIUSO ECONOMICO LIMAO 500ML,1125.0,4702.09
LIMPADOR PERFUMADO CASA E CARINHO ACONCHEGO 500ML,1221.0,4700.59
SABAO LIQUIDO TEIU COCO 500ML,369.0,4700.39
AGUA SANITARIA FLOPS 1L,1457.0,4699.87
AGUA SANITARIA DA CASA VERDE 12X1L,194.0,4699.45
LIMPADOR ESSENCIA AZULIM LAVANDA 140ML,412.0,4699.13
AMACIANTE DILUIDO ASCERTE AZUL 2L,801.0,4698.07
LIMPADOR PERFUMADO ZAB ENCANTO MISTICO 500ML,961.0,4696.02
AMACIANTE CONCENTRADO LAVENDER PLUSH 500ML,511.0,4693.88
TIRA MANCHA VANISH PO S/CLORO OXI ADVANCE ANTIBAC REFIL 330G,217.0,4693.67
LIMPEZA PESADA VEJA X-14 20% DESC 24X500ML,19.0,4693.36
ODORIZADOR DE ROUPA TROPICAL AROMAS LAVANDA 500ML,233.0,4691.21
LIMPADOR PERFUMADO GIOCA BRISA RELAXANTE 1L,576.0,4687.8
AMACIANTE DILUIDO QBOA SENSE TERNURA 500ML,1439.0,4685.4
AMACIANTE DILUIDO VINAGREEN 2L,389.0,4683.6
LIMPEZA PESADA LIMPOL CLASSICO 500ML,559.0,4682.02
DETERGENTE LIQUIDO JARI NEUTRO 500ML,3040.0,4679.84
SABAO LIQUIDO IMPERIAL 2L,447.0,4679.52
LIMPEZA PESADA ORIENTAL PINHO GEL 1KG,655.0,4679.17
"SABAO EM PO APYCE LAVA ROUPA MULTIACAO ROSA 1,6KG",545.0,4678.7
LIMPADOR MULTIUSO BARRIGA VERDE 500ML,332.0,4678.5
REMOVEDOR TUPI ECO TRADICIONAL 1L,590.0,4673.51
DESINFETANTE ECONOMICO JASMIM 12X1L,104.0,4673.4
CLORO KINTANA 1L,1115.0,4672.92
SABAO LIQUIDO PAMPA GLICERINA 5L,182.0,4671.21
DETERGENTE LIQUIDO ASTOLLI CRISTAL 500ML,3344.0,4668.89
AGUA SANITARIA SUPER KILEVE 1L,1374.0,4665.92
REMOVEDOR BULL 1L,120.0,4665.61
"SABAO LIQUIDO GLOBO SAN 1,8L",805.0,4665.0
ALVEJANTE BUFALO SEM CLORO 2L,314.0,4659.56
AMACIANTE DILUIDO LIMPADUA AZUL 5L,288.0,4655.73
LIMPADOR PISCINA HIDROALL CLORO PISCINA HCL HYPO 10KG,18.0,4653.36
AMACIANTE CONCENTRADO CANDURA FLORES PRIMAVERA 500ML,589.0,4641.51
DESINFETANTE CLARUS LAVANDA 2L,551.0,4641.43
AGUA SANITARIA LIMPA BEM TRADICIONAL 1L,2320.0,4640.32
SABAO LIQUIDO ZAVASKI COCO 2L,283.0,4636.3
LIMPEZA PESADA ALLCHEM DESENTUPIDOR LIQUIDO 950ML,125.0,4635.37
SABAO LIQUIDO MON BIJOU ROUPAS INTIMAS NEUTRO 300ML,357.0,4624.43
DETERGENTE LIQUIDO LIMPA MIL NEUTRO 5L,290.0,4624.21
DESINFETANTE TEIU BACTERICIDA EUCALIPTO 3 EM 1 500ML,1284.0,4623.47
DETERGENTE LIQUIDO EDILIMP MILTI USO GEL 1L,387.0,4622.14
CLORO MAGIC 5LTS,249.0,4614.42
"TIRA MANCHA BRILUX EM PO PODER O2 ATIV BRANQUEADOR 1,5L",205.0,4612.01
DESINFETANTE KIMAX PINHO 2L,706.0,4608.18
DESINFETANTE AZULIM EUCALIPTO 2L,494.0,4603.21
DESINFETANTE ASA LESTE STILETO 2L,592.0,4601.86
LIMPADOR DE VIDRO VONIXX 500ML,234.0,4599.99
DESINFETANTE VOREL LAVANDA 500ML,1303.0,4599.76
AMACIANTE DILUIDO ATILA 2L,542.0,4595.65
DESENGORDURANTE MR MUSCULO COZINHA FLORAL SQUEEZE 500ML,301.0,4592.97
SABAO LIQUIDO ABSOLUTO COCO SACHE 700ML,773.0,4591.52
DETERGENTE LIQUIDO LIMPS CRISTAL 500ML,2248.0,4588.57
AGUA SANITARIA LUMINOSA 1L,1570.0,4574.27
SABAO LIQUIDO IMPERIAL C ENZIMA 2L,348.0,4573.63
AMACIANTE CONCENTRADO VINAGREEN ALGODAO 1L,233.0,4571.27
"DESINFETANTE POLITRIZ LAVANDA 6X1,75L",192.0,4562.7
LIMPEZA PESADA BIANCOLL PISOS E PAREDES 1L,407.0,4562.08
LIMPADOR PERFUMADO SUPER GLOBO LAVANDA 500ML,1297.0,4560.99
SABAO EM PO MINUANO AZUL EMB ECONOMICA 20X800G,35.0,4557.39
ALGICIDA MANUTENCAO 1L,226.0,4554.67
DETERGENTE LIQUIDO ASTOLLI LIMAO 5L,396.0,4552.01
DESINFETANTE GBEL PRIMAVERA 2L,630.0,4540.91
LIMPADOR ESSENCIA ESFRELUX CONCENTRADO TALCO 140ML,465.0,4532.21
DESINFETANTE EPORT FLORES DO CAMPO 2L,754.0,4532.03
DETERGENTE LIQUIDO QUASAR MACA 500ML,2208.0,4528.48
DESINFETANTE KI JOIA EUCALIPTO 5L,369.0,4527.59
ALVEJANTE SANTO BRILHO SEM CLORO 1L,494.0,4527.54
SABAO EM PO ARES MAX ESSENCE 800G,889.0,4527.35
DESINFETANTE JUA FLORAL 5L,264.0,4526.89
AMACIANTE DILUIDO ZAVASKI TALCO COCO 2L,574.0,4526.77
DESINFETANTE MAXPOL CAMPESTRE 2L,828.0,4526.29
SABAO EM PO MARILUX 500G,2261.0,4523.72
AMACIANTE CONCENTRADO BRILHA SUL  ETERNA PAIXAO 1L,400.0,4516.65
DESINFETANTE GLOBAL MAX JASMIM 2L,895.0,4515.6
AMACIANTE DILUIDO ZAVASKI ALOE VERA 5L,232.0,4514.92
SABAO EM PO ACE SC PG500G LV550G,1010.0,4512.3
LIMPADOR PERFUMADO CASA E CARINHO SUBLIME 500ML,1075.0,4510.2
SABAO EM PO BEM TE VI PERFUME DAS FLORES 2KG,363.0,4508.51
DESINFETANTE SAIF CITRUS 1L,395.0,4503.59
DESINFETANTE RADIANTE FLOR DO CAMPO 500ML,2025.0,4499.97
SABAO LIQUIDO SAIF SACHE BEBE 500ML,343.0,4499.89
AMACIANTE DILUIDO GUARANI FANTASIA 5L,247.0,4499.1
LIMPADOR DE VIDRO RADIANTE COM GATILHO 500ML,361.0,4496.37
AMACIANTE DILUIDO YPE ACONCHEGO AZUL 2L,408.0,4496.05
SABAO LIQUIDO LIMPADUA AZUL 1L,561.0,4496.04
TIRA MANCHA BRILUX O2 420G,260.0,4496.02
DESINFETANTE ORIENTAL TALCO 1L,1183.0,4495.86
DESINFETANTE QUALYBRILL MIL FLORES 2L,937.0,4494.06
SABAO EM PO TERNURA 1KG,407.0,4493.44
CLORO CASA LIMPA 2L,466.0,4491.95
CLORO SCABORA 1L,453.0,4491.81
CLORO GENCO TRAT.SEMANAL 400G,141.0,4490.88
LIMPADOR PET FREE PET NEUTRALIZADOR DE ODORES TRADICIONAL 2L,204.0,4487.36
LIMPADOR PERFUMADO VEJA PERFUMES AROMA SENSE ENERGIA 500ML,549.0,4485.73
LIMPADOR ESSENCIA SENHORA CASA FLOR DE JABUTICABA 120ML,693.0,4485.04
AMACIANTE DILUIDO KIMAFLOR VERDE 5L,294.0,4482.98
LIMPADOR PERFUMADO QUASAR LAVANDA 5L,316.0,4481.34
ELEVADOR DE ALCALINIDADE QUIBENNE 2KG,105.0,4478.74
ALVEJANTE BIANCOLL SEM CLORO PARA ROUPAS COLORIDAS 2L,320.0,4477.16
DETERGENTE LIQUIDO LEVO COCO 2L,645.0,4468.64
DESINFETANTE ESFRELUX CITRUS 2L,590.0,4466.07
LIMPEZA PESADA ESTRELA LIMPA PEDRAS 5L,113.0,4465.88
SABAO LIQUIDO VINAGREEN TRADICIONAL 3L,122.0,4465.47
LIMPADOR ESSENCIA RAMAR LAVANDA 140ML,465.0,4463.12
SABAO LIQUIDO DESOMAX COCO 2L,330.0,4462.87
AMACIANTE DILUIDO SUAVE LAR TERNURA 2L,586.0,4460.08
ALVEJANTE ZELUS SEM CLORO 2L,294.0,4459.63
AMACIANTE DILUIDO LIMPEBEM EVOLUTION 3L,373.0,4459.06
SABAO EM PO APYCE SACHE AZUL 400G,1417.0,4459.01
LIMPADOR PERFUMADO RELAMPAGO CAPIM LIMAO 2L,694.0,4453.88
AGUA SANITARIA CLARIX 1L,1223.0,4449.62
DESINFETANTE CLASSIC FLORAL 5L,312.0,4446.47
DETERGENTE LIQUIDO MEU LAR MACA 500ML,2548.0,4446.27
ARIEL LAVA ROUPAS LIQ CONC EXPERT SC 900ML,276.0,4441.17
AGUA SANITARIA CRISTAL RIO 1L,1335.0,4436.13
LIMPADOR ESSENCIA EPORT AROMA E SENSACOES FLORAL 140ML,401.0,4435.85
LIMPADOR PERFUMADO BARBAREX SEFE INTENSE 1L,650.0,4435.68
AMACIANTE DILUIDO EPORT IASMIN 5L,318.0,4435.62
ALVEJANTE Q LAR SEM CLORO 2L,451.0,4435.56
LIMPADOR MULTIUSO OESTE SEDUCAO 1L,689.0,4433.58
SABAO EM PO VALOR COCO SACHE 1KG,725.0,4427.18
DESINFETANTE DULAGO CITRUS 1L,1466.0,4424.36
DETERGENTE LIQUIDO LIMPS NEUTRO 5L,283.0,4417.29
DETERGENTE LIQUIDO NOVO BRILHO NEUTRO 2L,569.0,4415.56
SABAO LIQUIDO MIL FLORES GLICERINADO 5L,284.0,4414.75
LIMPADOR DE VIDRO GIOCA REFIL 500ML,641.0,4413.09
DESINFETANTE GIOCA MARINE 5L,238.0,4408.0
AMACIANTE DILUIDO NOVO LAR CONFORTO 5L,321.0,4404.88
DESINFETANTE KIMAFLOR AMAZONIA GREEN 2L,566.0,4404.23
DESINFETANTE GBEL PINHO 2L,618.0,4402.96
DESINFETANTE RADIANTE MARINE 1L,1132.0,4401.07
ALVEJANTE SUPER CANDIDA LAVANDA 2L,498.0,4398.48
AGUA SANITARIA BLIMP 2L,830.0,4397.28
SABAO LIQUIDO TOQUE DE CARINHO ACTIVE 5L,168.0,4397.16
CLORO START PREMIUM 3KG,48.0,4393.97
SABAO EM PO ATILA LIMAO 900G,413.0,4391.36
LIMPADOR ESSENCIA NOGUEIRA DAMA DA NOITE 125ML,583.0,4391.16
SABAO EM PO TIXAN YPE MACIEZ 11X1.6KG,26.0,4389.99
LIMPADOR MULTIUSO BUFALO INSTANTANEO FLORAL 500ML,1190.0,4387.26
CLORO STORK GALAO 5L,367.0,4382.26
"DESINFETANTE BEM TE VI LAVANDA 1,8L",454.0,4381.38
SABAO LIQUIDO INDOV AZUL 1L,1023.0,4379.94
SABAO LIQUIDO ROUPA E CARINHO BEBE 1L,369.0,4378.97
LIMPADOR PERFUMADO SANOL EXTRATO NATURAL LAVANDA 1L,408.0,4374.1
DETERGENTE LIQUIDO LEVO LIMAO 500ML,2959.0,4370.66
DESINFETANTE LYSOCLIN BRUTO TRADICIONAL 500ML,540.0,4368.04
DESINFETANTE BRINORT LAVANDA 500ML,2210.0,4365.13
LIMPADOR PERFUMADO AZULIM CHA BRANCO 3L,260.0,4362.83
DESINFETANTE PONTAL DAMA DA NOITE 1L,1088.0,4359.92
AGUA SANITARIA LIMPA FACIL 2L,959.0,4358.9
DESINFETANTE LIPON EUCALIPTO 5L,334.0,4354.68
SABAO LIQUIDO LIMPEZA FELIZ VERDE 1L,653.0,4349.34
ELIMINADOR DE ODORES PET PROCAO CITRONELA  500ML,225.0,4348.86
AMACIANTE CONCENTRADO BRILHA SUL PURO ENCANTO 1L,387.0,4348.16
SABAO EM PO BEM TE VI PERFUME DAS FLORES 1KG,654.0,4347.08
LIMPADOR ESSENCIA RAMAR FLOR DE LARANJEIRA 140ML,535.0,4345.99
SABAO LIQUIDO ZAVASKI LAVANDA 2L,263.0,4344.7
LIMPADOR PERFUMADO OESTE FASCINACAO 1L,670.0,4344.27
LIMPADOR ESSENCIA SANTO BRILHO CONCENTRADO FLORAL 140ML,388.0,4343.69
AGUA SANITARIA NASCENTE FRASCO 1L,1198.0,4336.75
LIMPADOR PERFUMADO LAR DOCE LAR MANHAS CAMPESTRES 500ML,932.0,4333.19
AMACIANTE CONCENTRADO DOWNY BRISA DE VERAO 12X1L 12L,15.0,4332.36
LIMPADOR PISCINA BEL CLORO ESTABELIZADOR 10KG,16.0,4326.29
AGUA SANITARIA REMMUS 5L,310.0,4325.68
FLUOCULANTE E CLORIFICANTE ATCLLOR 1L,223.0,4324.21
SABAO LIQUIDO RETIRO AZUL 1L,769.0,4323.19
DESINFETANTE POLITRIZ LIMAO 500ML,1288.0,4321.82
LIMPADOR PERFUMADO TRIEX SENSACAO 1L,607.0,4320.26
DETERGENTE LIQUIDO LUMI NEUTRO 500ML,2628.0,4317.27
ALVEJANTE LIMPEBEM SEM CLORO 1L,531.0,4317.12
DESINFETANTE Q LAR LAVANDA 2L,638.0,4314.59
DETERGENTE LIQUIDO TRIEL NEUTRO 5L,369.0,4313.24
CLORO MONTENEGRO 5L,235.0,4312.98
SABAO LIQUIDO UZZILIM CUIDADO TOTAL 1L,492.0,4305.27
AMACIANTE DILUIDO MEU LAR BRILHO LUAR 1L,905.0,4304.56
DETERGENTE LIQUIDO OI MACA 24X500ML,114.0,4304.46
LIMPEZA PESADA TEIU GEL TRADICIONAL MULTIUSO 5KG,119.0,4301.54
DETERGENTE LIQUIDO IGUAL NEUTRO 5L,207.0,4300.44
DETERGENTE LIQUIDO CLARUS NEUTRO 500ML,1890.0,4298.5
DESINFETANTE RADIANTE SILVESTRE 750ML,1335.0,4293.73
LIMPADOR MULTIUSO SANOL EXTR NATURAIS CAPIM LIM VERDES 500G,857.0,4291.94
LIMPADOR DE VIDRO ZAB 500ML,994.0,4288.57
ALVEJANTE VINAGREEN SEM CLORO NATURAL 1L,327.0,4287.15
CLORO MAXIMO LT,841.0,4279.62
DESINFETANTE ALPES PINHO LIMAO 500ML,1327.0,4273.44
DESINFETANTE MARINA PINHO 5L,347.0,4272.97
DESINFETANTE BIO-KRISS VIOLEX 2L,682.0,4272.96
LIMPADOR ESSENCIA NOGUEIRA MIL FLORES 125ML,535.0,4270.52
AGUA SANITARIA STORK 1L,1180.0,4270.19
DESINFETANTE BAK YPE EUCALIPTO 12X1L,119.0,4268.26
LIMPADOR PERFUMADO RAJJALIM BRISA REFRESCANTE 1L,718.0,4267.81
LIMPEZA PESADA NUTRILAR ACIDO MURIATICO 1L,693.0,4266.59
LIMPEZA PESADA LUME MAXX PASTA PINHO 1L,562.0,4263.98
LIMPADOR PERFUMADO MAX CLEAR PINHO LIMAO 2L,775.0,4260.82
DESINFETANTE TRID LIMAO 500ML,1509.0,4252.78
AMACIANTE DILUIDO REMMUS CHAMEGO 2L,606.0,4248.46
AMACIANTE DILUIDO KI JOIA LAVANDA 5L,269.0,4243.75
AMACIANTE DILUIDO ENVOLV LILÁS 2L,533.0,4234.89
DESINFETANTE RADIANTE PINHO GEL TRADICIONAL 1KG,691.0,4234.73
ALGICIDA MANUTENCAO HIDROAZUL 1L,182.16667,4233.29
DESINFETANTE EDILIMP FLORAL 2L,657.0,4232.93
SABAO LIQUIDO ARIEL HIPER LIMPO VERDE 5L,249.0,4230.51
AMACIANTE CONCENTRADO RADIANTE PUFF ORQUIDEA NEGRA 500ML,1246.0,4229.72
DESINFETANTE PONTAL FLORAL 1L,1049.0,4227.53
AMACIANTE DILUIDO PLIN AZUL 2L,269.0,4224.85
AMACIANTE DILUIDO KIN SOFT AZUL 2L,419.0,4224.25
LIMPEZA PESADA RODO QUIMICA LIMPA KANO DESENTUPIDOR 1L,178.0,4223.78
AGUA SANITARIA GLOBOLAR 2L,672.0,4223.6
LIMPADOR MULTIUSO MUNDIAL PRIME ESPUMA LAVANDA 300ML,294.0,4221.46
LIMPADOR PERFUMADO GIOCA PETALAS DE CARINHO 1L,534.0,4221.26
DESINFETANTE KINTANA LAVANDA 2L,617.0,4219.84
DETERGENTE LIQUIDO LEVO LIMAO 2L,599.0,4212.28
DESINFETANTE LIMPA MAIS CAPIM LIMAO 1L,1015.0,4209.01
DESENGORDURANTE SAIF LIMPA FORNOS REFIL 300ML,339.0,4208.53
LIMPADOR DE VIDRO JUA 3 EM 1 REFIL 500ML,632.0,4205.21
LIMPADOR MULTIUSO CLASSE A TRADICIONAL 500ML,1162.0,4203.01
SABAO LIQUIDO PROEZA 5L,111.0,4201.36
"AMACIANTE DILUIDO GEO CAMPOS PROVENCE 4,75L",256.0,4194.25
SABAO LIQUIDO RIALER LIQ COCO FR 5L,162.0,4194.18
"AMACIANTE DILUIDO YPE INTENSO 6XLV2L PG1,6L 12L",97.0,4193.76
ALVEJANTE ZAB COM CLORO FRESH 1L,1127.0,4190.98
AGUA SANITARIA CLEAN 5L,383.0,4189.83
LIMPADOR PERFUMADO UAU FLORES VERMELHAS 2L,238.0,4188.47
REMOVEDOR PERFECTO REMOVEX CONCENTRADO 12X1L,41.0,4187.51
AMACIANTE DILUIDO ASA LESTE 2L,447.815,4187.37
LIMPADOR PERFUMADO TRIEX LEMBRANCA 1L BONIFICACAO,586.0,4187.15
SABAO LIQUIDO MEU LAR VERDE VIDA FELIZ 3L,238.0,4186.1
ODORIZADOR DE ROUPA AMAZONIA AROMAS BAMBU 500ML,252.0,4185.13
DETERGENTE LIQUIDO MINUANO MICELAR 24X500ML,107.0,4184.34
LIMPADOR MULTIUSO GOTA LIMPA ORIGINAL SPRAY 500ML,754.0,4183.5
LIMPADOR DE VIDRO AROMASIL CAR GATILHO 500ML,225.0,4183.34
LIMPADOR ESSENCIA BELAROMA CITRONELA 140ML,434.0,4179.71
REMOVEDOR ZULU MULTISSUPERFICIES LAVANDA 900ML,385.0,4177.92
DESINFETANTE BRINORT JASMIM 6X2L,152.0,4177.8
LIMPADOR DE VIDRO LIMPADUA TRADICIONAL 500ML,786.0,4175.33
LIMPADOR PERFUMADO CASA E PERFUME SENSAZIONE PG900ML LV1L 1L,474.0,4174.62
SABAO LIQUIDO POLLUX SABAO LIQUIDO TRAD ECONOMICO 2L,440.0,4172.58
SABAO EM PO TIXAN YPE PRIMAVERA GTS 10% 9X2.2KG,24.0,4166.96
DESINFETANTE ALPES PINHO EUCALIPTO 500ML,1297.0,4165.31
DESINFETANTE MARINA ERVA DOCE 5L,339.0,4163.21
DESINFETANTE GLORIA LAVANDA 2L,571.0,4161.97
AMACIANTE DILUIDO ASTOLLI FLORA 5L,329.0,4158.93
LIMPADOR PERFUMADO CASA E PERFUME SPECIALE 12X500ML,90.0,4157.65
DESINFETANTE SANOL EXTRATOS NATURAIS CAPIM LIMAO 2L,387.0,4156.92
DESINFETANTE ORIENTAL ALFAZEMA 500ML,1746.0,4150.74
AGUA SANITARIA ROSAMAX CLEAN 1L,381.0,4148.43
AMACIANTE DILUIDO MINHA CASA PÉTALAS DE ROSAS 2L,747.0,4145.98
SABAO EM PO GUANABARA 1KG,505.0,4144.79
AGUA SANITARIA MIL FLORES 1L,1480.0,4142.98
SABAO EM PO MAZZU DE ALCOOL 800G,303.0,4141.87
DETERGENTE LIQUIDO OXENTE MACA 500ML,2888.0,4141.31
LIMPADOR ESSENCIA UAU LAVANDA CONCENTRADO 130ML,280.0,4140.69
DETERGENTE LIQUIDO BOLTZ LIMAO 500ML,2313.0,4139.93
DESINFETANTE GIOCA PINHO 5L,243.0,4139.67
LIMPADOR ESSENCIA AZULIM CONC AMB CITRONELA 140ML,354.0,4132.57
ALVEJANTE BRANQUEIA BRANQUEADOR 500ML,377.0,4130.2
SABAO EM PO NOVO BRILHO 500G,484.0,4125.37
SABAO LIQUIDO NUTRILAR TERNURA 500ML,639.0,4123.18
LIMPEZA PESADA LAVANDEIRA PASTA PINHO 1L,590.0,4121.57
DETERGENTE LIQUIDO POLIAL COCO 2L,579.0,4121.15
"AMACIANTE DILUIDO ROMANTICO ZUPP 1,8L",438.0,4112.25
DESINFETANTE CAMPESTRE 2L,696.0,4112.24
SABAO LIQUIDO AGE LIMP TRADICIONAL 5L,126.0,4112.14
CLORO MONTENEGRO GF 2 LT,484.0,4111.17
DETERGENTE LIQUIDO OXENTE LIMAO 500ML,2871.0,4110.1
LIMPEZA PESADA FOSSA TRAT 100G,137.0,4109.72
SABAO LIQUIDO MIL FLORES COCO 5L,265.0,4109.15
"DESINFETANTE BUFALO LAVANDA 6,05L",248.0,4106.12
SABAO LIQUIDO GOTA LIMPA COCO 1L,342.0,4105.66
DESINFETANTE BRINORT LAVANDA CX 6X2L,152.0,4100.16
CLORO CRIS AGUA 2L,347.0,4099.7
LIMPADOR PERFUMADO AZULIM AMOR 2L,321.0,4095.73
DESINFETANTE RAJJA ALFAZEMA 5L,290.0,4089.74
SABAO LIQUIDO TOQUE DE CARINHO GLICERINA 3L,231.0,4088.77
LIMPADOR ESSENCIA EPORT AROMA E SENSACOES LAVANDA 140ML,369.0,4088.61
AGUA SANITARIA NEGRITA FRASCO 1L,1369.0,4088.33
DESINFETANTE LIMPA MAIS FLORAL 1L,980.0,4086.45
SABAO LIQUIDO BABY SOFT MAX AZUL 5L,105.0,4086.23
AMACIANTE CONCENTRADO GOTA LIMPA ORVALHO DA MANHA 500ML,427.0,4081.52
LIMPADOR DE VIDRO CLARUS GATILHO 500ML,400.0,4079.09
SABAO EM PO MINUANO ROXO 20X800G,28.0,4076.14
DETERGENTE LIQUIDO LEVO COCO 500ML,2813.0,4076.0
DETERGENTE LIQUIDO LIMPA JA NEUTRO 2L,567.0,4075.48
LIMPADOR DE VIDRO FREE WAY 300ML,202.0,4073.67
LIMPADOR ESSENCIA SANTO BRILHO CITRUS 140ML,374.0,4065.47
LIMPADOR PERFUMADO AZULIM GRATIDAO 500ML,762.0,4064.2
DESINFETANTE BARBAREX ALGAS 500ML,1959.0,4064.0
AMACIANTE DILUIDO TRIEL CLASSIC 5L,369.0,4062.69
DESINFETANTE EPORT EUCALIPTO 2L,644.0,4062.33
FLUTUADOR ADVANCED 1660ML,26.0,4061.75
DESINFETANTE PINHO SOL LAVANDA 12X500ML,44.0,4061.28
LIMPADOR PET CASA E PETS ELIMINADOR ODOR CARINHO DE MIAU 2L,228.0,4056.52
LIMPADOR DE VIDRO ECONOMICO SPRAY 500ML,457.0,4056.31
LIMPADOR PERFUMADO SETE MAMAE E BEBE 1L,540.0,4056.11
DESINFETANTE BUFALO PINHO CITRUS 750ML,1208.0,4051.67
DESINFETANTE ATILA FLORAL 2L,525.0,4051.66
DESINFETANTE DIA A DIA DILUIVEL LAVANDA 140ML,277.0,4051.57
LIMPEZA PESADA ZUPP LIMPA PORCELANATO 500ML,607.0,4051.52
AMACIANTE CONCENTRADO FLOM ANTI FRIZZ 900ML,280.0,4051.3
LIMPADOR MULTIUSO VEJA GOLD CAMPESTRE 10%DESC SQZ 24X500ML,65.0,4049.64
DESINFETANTE ZAVASKI LAVANDA 500ML,1135.0,4047.04
SABAO EM PO MON BIJOU BABY NENEM 500G,238.0,4044.82
LIMPADOR MULTIUSO SANTO BRILHO ORIGINAL 500ML,917.0,4042.92
DETERGENTE LIQUIDO DA CASA NEUTRO 500ML,1774.0,4041.76
LIMPADOR PERFUMADO BRILHA SUL CHA BRANCO 1L,591.0,4040.58
LIMPADOR ESSENCIA NOGUEIRA ERVA DOCE 125ML,493.0,4038.2
LIMPADOR PERFUMADO POLLUX ECONOMICO EMOCOES 2L,717.0,4034.17
SABAO LIQUIDO JARI ACAO PROFUNDA 1L,534.0,4027.95
AMACIANTE DILUIDO BETEL TERNURA 2L,543.0,4027.89
"AMACIANTE DILUIDO ATOL JARDIM PERFUMADO 1,6L",564.0,4018.95
DESINFETANTE CLEAN PLUS PINHO 500ML,1187.0,4018.58
LIMPADOR ESSENCIA MOGILANDI TALCO 140ML,436.0,4018.54
SABAO LIQUIDO TOP CLEAR 3L,331.0,4016.31
LIMPADOR PERFUMADO ALPES LAVANDA E ALECRIM 500ML,804.0,4014.65
LIMPADOR PISCINA BEL CLORO ESTABILIZADOR BALDE 5KG,25.0,4014.08
LIMPADOR PERFUMADO RELAMPAGO MAYA 2L,599.0,4012.79
HIPOCLORITO DE CALCIO CRIS AGUA 1KG,86.0,4012.64
LIMPADOR MULTIUSO PINGO MAGICO GOLD 500ML,181.0,4010.59
LIMPADOR PET SANOL DOG ELIMINADOR DE ODOR TRADICIONAL 500ML,395.0,4010.54
SABAO EM PO MAIS CASA 800G,683.0,4009.55
DETERGENTE LIQUIDO SPA MACA 500ML,2150.0,4009.27
DETERGENTE LIQUIDO QUASAR LIMAO 500ML,1980.0,4008.93
DESINFETANTE ZAVASKI TALCO 500ML,1118.0,4008.84
LIMPADOR ESSENCIA MARINA EUCALIPTO SPRAY 140ML,422.0,4008.56
DESINFETANTE DRAGAO EUCALIPTO 5L,248.0,4007.14
DETERGENTE LIQUIDO MAXPOL LIMAO 2L,643.0,4003.8
DESINFETANTE ZUPP FLORES TROPICAIS 1L,618.0,4003.57
AGUA SANITARIA SUPER BOA 2L,731.0,4003.09
DETERGENTE LIQUIDO LIMPA MIL LIMAO 2L,665.0,4001.39
ALVEJANTE IMPERIAL SEM CLORO 2L,264.0,4001.3
SABAO LIQUIDO POLIAL COCO TROPICAL REFIL 700ML,887.0,3998.25
EDUCADOR SANITARIO PETBRILHO XIXI NAO 200ML,128.0,3997.85
AMACIANTE DILUIDO ATILA AZUL CLASSIC 1L,912.0,3997.35
DESINFETANTE ATILA HERBAL 1L,1007.0,3996.36
LIMPADOR ESSENCIA CONCENTRADO COALA ALGODAO 3X120ML,766.0,3993.96
AMACIANTE DILUIDO LAVA BEM MIMO 500ML,1390.0,3992.96
DESENGORDURANTE FIM DE OBRA LIMPA GRELHA EXTRA FORTE 1L,134.0,3990.44
DESINFETANTE SARAH 2L,667.0,3984.96
TIRA MANCHA ZAP CLEAN PODER O2 450ML,209.0,3984.0
ALVEJANTE SEMORIN SEM CLORO 2L,151.0,3982.65
DETERGENTE LIQUIDO NOVO REINO NEUTRO 500ML,2083.0,3982.13
DESINFETANTE RADIANTE SENSACAO 1L,845.0,3979.19
LIMPADOR ESSENCIA PEREIRA EUCALIPTO 200ML,254.0,3976.8
SABAO EM PO BEM TE VI COCO 500G,1234.0,3975.29
DESINFETANTE GUIMARAES NEUTRALIZA ODORES 1L,270.0,3974.34
DETERGENTE LIQUIDO FONTDAY 450ML,386.0,3973.97
CLORO ATIVO ASCERTE 2000ML,556.0,3973.91
LIMPADOR PET BRILUX ELIMINADOR DE ODORES FLORAL 2L,211.0,3969.06
DETERGENTE LIQUIDO BOLTZ NEUTRO 5L,237.0,3968.7
LIMPADOR PERFUMADO MARINA ROMANCE E SEDUCAO 500ML,928.0,3966.37
SABAO LIQUIDO SOFT PLUS ESMERALDA 2L,177.0,3965.49
LIMPADOR ESSENCIA LIMPADUA CITRONELA 100ML,432.0,3965.08
LIMPEZA PESADA AROMASIL FLOTADOR POWER LIMP 500ML,272.0,3962.34
LIMPADOR MULTIUSO PERFECTO MAGICO FRASCO 500ML,232.0,3961.78
REMOVEDOR REAX LIMP 600ML,168.0,3959.98
AMACIANTE DILUIDO FAMILIA + 2L,493.0,3957.75
LIMPADOR PERFUMADO SAIF LAVANDA FRANCESA 2L,371.0,3956.87
DESINFETANTE NOVO REINO JASMIM 2L,649.0,3954.59
DESINFETANTE JOB FLORAL 2L,1056.0,3951.64
LIMPADOR MULTIUSO SAIF COZINHA AP 500ML +FR 500ML,187.0,3950.43
LIMPADOR DE VIDRO ORIENTAL TRADICIONAL 500ML,1006.0,3950.07
REMOVEDOR REAX 500ML,426.0,3949.31
SABAO LIQUIDO AGE LIMP TRADIONAL 3L,193.0,3949.08
LIMPADOR MULTIUSO ZAVASKI GRILL WZ100 500ML,280.0,3947.82
DETERGENTE LIQUIDO AGE LIMAO 500ML,1951.0,3940.92
SABAO LIQUIDO SOFT PLUS ESMERALDA 5L,79.0,3940.46
AMACIANTE DILUIDO JOB AZUL 5L,292.0,3940.4
AMACIANTE DILUIDO UNOLAR CLASSIC 5L,258.0,3935.5
LIMPADOR MULTIUSO AZULIM DILUIVEL CAPIM LIMAO 140ML,328.0,3934.32
AGUA SANITARIA ALVINHA GF 1L,1478.0,3933.36
LIMPADOR PERFUMADO MAX CLEAR EUCALIPTO 2L,722.0,3929.17
SABAO EM PO LIMPA MAIS LAVANDA 500G,1694.0,3926.97
DESINFETANTE BRILAX DUQUET 2L,661.0,3925.95
DESINFETANTE MAGICO MAYOR LAVANDA GEL 1L,464.0,3925.24
DETERGENTE LIQUIDO DU REI COCO 500ML,2122.0,3918.53
DESINFETANTE OESTE ELIMONADOR ODORES ORQUIDEA PET 2L,360.0,3917.14
DESINFETANTE ORIENTAL CAMPESTRE 1L,1069.0,3916.82
AGUA SANITARIA FRILAR 2L,570.0,3914.9
DESINFETANTE LIMPADUA EUCALIPITO 5L,235.0,3908.16
TABLETE MONTREAL 200G T.ACAO,545.0,3904.94
LIMPADOR PERFUMADO MAX CLEAR TALCO 2L,712.0,3903.91
SABAO EM PO BRILUX COCO 4KG,99.0,3902.84
LIMPADOR MULTIUSO SAIF COZIN ORGAN BICARB ALCOOL SACHE 500ML,367.0,3901.31
AGUA SANITARIA RIALER 5L,197.0,3900.06
DETERGENTE LIQUIDO MAIS Q BOM NEUTRO 500ML,2452.0,3900.01
SABAO EM PO KLIP ALOE VERA 1KG,508.0,3899.44
AMACIANTE DILUIDO KIMAFLOR VERDE FLORES 2L,513.0,3898.97
DETERGENTE LIQUIDO PARANAIBA MACA 500ML,2065.0,3896.35
DESINFETANTE KINTANA PINHO GEL FRESH 2L,261.0,3895.49
HIDRO PH + 1L HIPER FORTE,133.0,3895.33
LIMPADOR ESSENCIA MIL AROMAS LAVANDA 140ML,291.0,3885.95
AMACIANTE DILUIDO OLIMPO LAVANDA GARRAFA 5L,155.0,3881.41
SABAO EM PO SACHE UZZILIM LAVANDA 500G,987.0,3874.96
DESINFETANTE MAGICO MAYOR FLORAL LAVANDA 2L,456.0,3874.86
AMACIANTE CONCENTRADO BRILHA SUL HIPOALERGENICO 1L,361.0,3869.97
DESINFETANTE NUTRILAR FLORAL 2L,496.0,3867.73
AMACIANTE DILUIDO PROEZA 2L,1162.0,3864.0
LIMPADOR DE VIDRO ZAVASKI CRISTAL GATILHO 500ML,296.0,3857.97
SABAO EM PO BABY SOFT CONCENTRADO AZUL LV1.6 PG1.44 1.6KG,318.0,3857.48
LIMPADOR PERFUMADO CASA E CARINHO PAIXAO 500ML,972.0,3856.43
LIMPADOR MULTIUSO RAJJA LIMAO 500ML,1118.0,3854.99
SABAO LIQUIDO GUIMARAES FLORES DA SERRA 2L,237.0,3853.91
SABAO LIQUIDO OYYO 1L BEST TOP,407.0,3852.68
"CLORO ESTAB 7,5 KG GENCO GENCLOR",18.0,3851.24
SABAO LIQUIDO LA VILLE BLEU DE DOM 3L,261.0,3850.17
DESINFETANTE VOREL PERFORM ORIGINAL 1L,405.0,3848.68
ODORIZADOR DE ROUPA AMAZONIA AROMAS OCEANO 500ML,243.0,3846.73
DESINFETANTE TEIU EUCALIPTO 5L,166.0,3844.03
AMACIANTE DILUIDO LIMP FORT FLOR DO CARIBE 2L,643.0,3842.38
SABAO LIQUIDO EDILIMP COCO 2L,294.0,3841.69
LIMPADOR PERFUMADO AZULIM AMEIXA NEGRA 3L,233.0,3840.99
SABAO EM PO ASSIM BRANCAS E COLORIDAS ANTIBAC CX 800G,561.0,3840.83
LIMPADOR PERFUMADO RAJJALIM FLORES E DESEJOS 1L,658.0,3839.12
ALVEJANTE NOVO LAR SEM CLORO 2L,326.0,3837.38
SABAO LIQUIDO FONT COLOR 1L,307.0,3834.5
DESINFETANTE GUARANI VIOLETA 500ML,1684.0,3834.38
LIMPADOR MULTIUSO TUPI ZEROBAC LAVANDA 500ML,1059.0,3832.27
AMACIANTE DILUIDO COIMBRA CLASSIC 2L,460.9999,3831.86
LIMPADOR PERFUMADO VEJA PERFUMES AROMA SENSE ROMANCE 1L,264.0,3824.39
LIMPADOR ESSENCIA FLORESTA TALCO 100ML,620.0,3822.89
CLORO RICLEY 5L,152.0,3821.25
DESINFETANTE STILL FLORAL 2L,798.0,3820.54
LIMPADOR PERFUMADO CASA PERFUMADA ROSA EXTR DE BAMBU 1L,501.0,3820.22
LIMPADOR MULTIUSO CANDURA SPRAY HERBAL 500ML,908.0,3819.54
AGUA SANITARIA ALICE 5L,467.0,3818.43
LIMPADOR PERFUMADO CASA E CARINHO PAIXAO 1L,529.0,3814.31
ALVEJANTE SENIX SEM CLORO LAVANDA 1L,622.0,3813.37
AMACIANTE DILUIDO TOCK AZUL 5L,218.0,3807.37
SABAO LIQUIDO NOVO BRILHO 2L,365.0,3805.67
SABAO EM PO SAO MARCOS TRAD 500G,2200.0,3805.37
DESINFETANTE RADIANTE HERBAL KALIPTO 5L,223.0,3798.64
DESINFETANTE CAMPESTRE 5L,340.0,3797.5
LIMPADOR PERFUMADO SANOL MOMENTOS DE ACONCONCHEGO ROXO 2L,237.0,3795.57
LIMPADOR PET CASA E PETS ELIMINADOR DE ODOR PURO CHARME 2L,215.0,3794.91
DESINFETANTE NOVO REINO 2L,622.0,3794.57
CLORO BLUE POOL  ECONOMIC 3 EM 1 10 KG,19.0,3794.1
AGUA SANITARIA FRILAR 1L,886.0,3792.61
AMACIANTE CONCENTRADO COMFORT FRESCOR INTENSO 12X500ML,35.0,3789.72
LIMPADOR DE VIDRO REAX GATILHO 500ML,198.0,3784.9
DESINFETANTE AZULIM EUCALIPTO 5L,176.0,3783.34
LIMPADOR MULTIUSO MAGIC CLEAN 3 PODERES 1L,200.0,3783.04
SABAO LIQUIDO ROUPA E CARINHO BEBE 500ML,476.0,3781.66
DESINFETANTE EPORT AMOR PERFEITO 2L,619.0,3780.76
"SABAO EM PO PROEZA 1,6KG",307.0,3778.53
LIMPEZA PESADA BYT S TIRA FERRUGEM CASA 50ML,295.0,3778.52
LIMPADOR DE VIDRO BLEACH GATILHO 500ML,333.0,3777.49
SBPO ALA C OLEOS ESSENC FLOR DE MARAC E MARGARIDA SC PL 500G,247.0,3775.18
SABAO LIQUIDO LOURO COCO 5L,115.0,3773.34
LIMPADOR DE VIDRO BECKER 500ML,842.0,3772.53
SABAO LIQUIDO OUCH VERDE NATUREZA 3L,295.0,3769.25
SABAO EM PO BRILHA SUL SH 1KG,1283.0,3769.12
AMACIANTE DILUIDO GLORIA SAFIRA 2L,500.0,3767.46
LIMPADOR MULTIUSO SANTO BRILHO LAVANDA 500ML,845.0,3766.17
LIMPADOR PERFUMADO CASA E CARINHO SUBLIME 2L,298.0,3764.51
SABAO LIQUIDO BIG SOFT CONCENTRADO 3L,228.0,3764.28
LIMPADOR ESSENCIA ESFRELUX CONCENTRADO CITRONELA 140ML,398.0,3762.81
AMACIANTE DILUIDO MEU LAR ROSA 5L,220.0,3757.79
LIMPADOR PERFUMADO RADIANTE ORQUIDEA NEGRA 1L,516.0,3755.22
LIMPADOR MULTIUSO GEO NEUTRALIZA ODORES 500ML,511.0,3754.55
SABAO EM PO BREEZE MULTIACAO 800G,796.0,3754.47
LIMPADOR ESSENCIA EPORT AROMA E SENSACOES TALCO 140ML,338.0,3753.06
LIMPADOR ESSENCIA SANOL ROSAS 120ML,339.0,3752.29
DESINFETANTE SANOL EXTRATOS NATURAIS HORTELA E SALVIA 2L,352.0,3751.93
LIMPADOR DE VIDRO LIMPOL COM ALCOOL 500ML,302.0,3750.92
SABAO LIQUIDO BIG SOFT COCO 3L,219.0,3747.1
LIMPADOR ESSENCIA BUFALO ESSENCIA CITRONELA 110ML,446.0,3744.84
LIMPADOR PERFUMADO YSO FLORAL 200ML,892.0,3742.08
AMACIANTE DILUIDO GEO FLORES DO CAMPO 2L,465.0,3740.35
LIMPADOR PET SANOL DOG ELIMINADOR ODORES SPRAY 330ML,156.0,3736.25
AMACIANTE DILUIDO AGE SENSACAO 5L,242.0,3736.12
AGUA SANITARIA QBRANCA 1L,959.0,3735.37
LIMPADOR MULTIUSO ECONOMICO LARANJA 500ML,887.0,3734.68
AMACIANTE CONCENTRADO APYCE PAIXAO 2L,732.0,3733.68
ALVEJANTE Q LAR SEM CLORO MULTIUSO 5L,166.0,3733.39
DETERGENTE LIQUIDO MEKAL AMONIACO 2L,166.0,3733.02
AMACIANTE DILUIDO OLIMPO LAVANDA GARRAFA 2L,351.0,3728.9
DESINFETANTE ILUSTRE PINHO 2L,459.0,3723.21
LIMPADOR MULTIUSO GIOCA 500ML,919.0,3720.87
DESINFETANTE ASA LESTE JASMIM 2L,490.0,3719.23
LIMPADOR ESSENCIA BUFALO LAVANDA 110ML,447.0,3715.1
LIMPADOR DE VIDRO INVICTO 6 EM 1 500ML,534.0,3713.09
LIMPADOR PERFUMADO SANOL RENOVAR INTENSE JASMINE AZUL 2L,238.0,3712.72
DETERGENTE LIQUIDO MEU LAR CITRUS 500ML,2074.0,3710.93
DESINFETANTE VITRAL EUCALIPTO 2L,639.0,3706.34
ALVEJANTE LAVA BEM COM CLORO LAVANDA 1L,1191.0,3705.76
DESINFETANTE KINTANA PINHO GEL TRADICIONAL 2L,253.0,3704.81
DETERGENTE LIQUIDO MAIS Q BOM MACA 500ML,2375.0,3704.73
CLORO MAGICO MAYOR 1L,533.0,3704.7
SABAO EM PO OMO LAV  KG,104.0,3701.92
ALVEJANTE FLUMINENSE SEM CLORO 2L,249.0,3701.6
DESINFETANTE GUIMARAES LAVANDA 500ML,1119.0,3699.41
ALVEJANTE SAIF PERFUMADO CLORO FLORAL 1L,541.0,3697.67
AMACIANTE DILUIDO AMACILUX TOQUE PUREZA 2L,451.0,3696.64
"AMACIANTE DILUIDO PUFF BRISA SUAVE 1,5L",416.0,3691.79
DESINFETANTE PET LYSOFORM SUAVE ODOR 1L,208.0,3691.38
TIRA MANCHA DIABO VERDE SEM CLORO 500ML,216.0,3689.68
LIMPADOR PERFUMADO OESTE ENCANTO 1L,579.0,3688.16
LIMPADOR PERFUMADO SMART LAVANDA 1L,476.0,3687.7
DETERGENTE LIQUIDO AQUA PLUS LIMAO 500ML,2086.0,3687.04
SABAO LIQUIDO BREEZE 3L,198.0,3686.14
LIMPADOR MULTIUSO VEJA ORIGINAL P500ML L650ML,787.0,3684.53
LIMPEZA PESADA DIABO VERDE ORIGINAL 500ML,359.0,3682.93
DETERGENTE LIQUIDO OI NEUTRO 24X500ML,97.0,3677.56
LIMPADOR PERFUMADO CASA CLEAN COM ALCOOL LAVANDA 910ML,301.0,3676.34
LIMPADOR PERFUMADO QUASAR FLORAL 1L,947.0,3671.08
AG SANITARIA SUPER CONDE AGUA SANIT S/PERF 2000ML,713.0,3667.13
SABAO LIQUIDO PRINCESA ACAO PROFUNDA 1L,469.0,3667.12
LIMPADOR PERFUMADO VEJA PERFUMES AROMA SENSE ROMANCE 2L,135.0,3666.56
DESINFETANTE PONTAL CITRUS 1L,892.0,3666.45
DETERGENTE LIQUIDO RICLEY CLORADO 5L,153.0,3665.02
DESINFETANTE PONTAL TALCO BLUE 1L,901.0,3664.4
DESINFETANTE RADIANTE HERBAL KALIPTO 750ML,1096.0,3661.94
SABAO EM PO UZZILIM FLORES 500G,944.0,3657.94
TIRA MANCHA BRILUX EM PO PODER O2 ATIV ROUPA BCA/COLOR 500G,142.0,3657.68
DETERGENTE LIQUIDO LIMPA MIL LIMAO 5L,227.0,3655.89
SABAO EM PO DAS NEVES SACHE 500G,1833.0,3649.21
SABAO LIQUIDO TOQUE DE CARINHO AMACIANTE 3L,213.0,3648.51
SABAO EM PO BRILHANTE LIMPEZA TOTAL 9X2.2KG,20.0,3647.79
SABAO EM PO ARES LAVANDA 2KG,402.0,3647.48
SABAO LIQUIDO MARASCHIN 1L,316.0,3643.99
DETERGENTE LIQUIDO LIMPA JA MACA 2L,509.0,3643.25
AGUA SANITARIA LIMPINHA 1L,1027.0,3642.35
SABAO EM PO QUALIMP 800G,850.0,3641.07
LIMPADOR PERFUMADO SMART FLORAL 1L,497.0,3640.2
ODORIZADOR DE ROUPA AMAZONIA AROMAS LIMAO SICILIANO 500ML,234.0,3639.94
TIRA MANCHA SAIF SEM CLORO 5L,113.0,3639.86
DESINFETANTE NIDA CLEAN LAVANDA 2L,331.0,3639.3
DESINFETANTE BIO-KRISS FLORAL 5L,284.0,3639.14
DETERGENTE LIQUIDO DA CASA COCO 500ML,1567.0,3638.06
LIMPADOR PERFUMADO VEJA PERFUMES AROMA SENSE ALEGRIA 1L,227.0,3636.31
LIMPADOR ESSENCIA PROEZA LAVANDA 120ML,433.0,3630.05
ALVEJANTE BAH SEM CLORO ORIGINAL 5L,169.0,3629.65
LIMPEZA PESADA LIMPOL 4 EM 1 CLORO ATIVO 500ML,430.0,3621.4
DESENGORDURANTE PINGO MAGICO MULTIUSO GOLD 1L,128.0,3617.57
LIMPADOR MULTIUSO SANY 3 EM 1 500ML,1015.0,3615.3
AMACIANTE DILUIDO NOVO REINO BABY 2L,511.0,3615.23
DESINFETANTE LIMPA MAIS CREOLINA 500ML,509.0,3612.46
SABAO EM PO APYCE MULTIACAO NATUREZA 400G,1085.0,3610.79
LIMPADOR PERFUMADO OESTE CARINHO PAIXAO 1L,560.0,3610.13
DESINFETANTE BARBAREX ALGAS 5L,278.0,3606.43
LIMPADOR DE VIDRO CENTRALSUL AERO 400ML,156.0,3605.43
SABAO EM PO ESPUMIL COCO 800G,886.0,3604.88
SABAO LIQUIDO MINHA CASA SABAO LIQUIDO 2L,263.0,3602.23
AMACIANTE DILUIDO INDOV MARINHO 2L,580.0,3599.69
AMACIANTE DILUIDO MAX CLEAR LAVANDA 2L,608.0,3598.68
DESINFETANTE JUA CONCENTRADO 300ML,777.0,3597.05
DETERGENTE LIQUIDO UNIC LIMP NEUTRO 500ML,2981.0,3595.01
SABAO LIQUIDO BRILLANO CONCENTRADO 2L,377.0,3594.25
LIMPADOR PET PETBRILHO ELIMINA ODORES FLORES DO CAMPO 2L,180.0,3588.86
ALVEJANTE SEMPRE VIVA SEM CLORO WHITE 500ML,426.0,3588.82
DESINFETANTE MAGICO MAYOR PINHO SILVESTRE 2L,426.0,3588.3
DESINFETANTE SUPER MAX 5L,230.0,3587.11
LIMPADOR DE VIDRO SUPER DOM AEROSOL 300ML,252.0,3582.14
DESINFETANTE BIO-KRISS ALGAS 500ML,1699.0,3581.32
AMACIANTE CONCENTRADO DOWNY BRISA INTEN GTS50ML 12X500ML,382.0,3581.09
LIMPADOR MULTIUSO GEO TRADICIONAL 500ML,936.0,3580.77
DESINFETANTE HYGIFORM AEROSSOL 400ML,144.0,3579.44
LIMPADOR MULTIUSO TUPI NEUTRO SQZ 500ML,1054.0,3579.13
SABAO EM PO BEM TE VI LAVANDA 1KG,607.0,3578.87
LIMPADOR ESSENCIA LIMPADUA CITRONELA 200ML,250.0,3576.12
LIMPEZA PESADA LIMPOL LAVANDA 500ML,415.0,3569.65
LIMPADOR PERFUMADO KIMAFLOR BAMBU DO ORIENTE 1L,471.0,3569.39
DESINFETANTE BARBAREX LAVANDA 5L,249.0,3565.55
DESINFETANTE SANOL LEITOSO TALCO 500ML,939.0,3565.32
ALA DT LIQ LAVANDA 5L NE,90.0,3561.4
DESINFETANTE MINUANO LAVANDA 24X500ML,61.0,3560.8
DETERGENTE LIQUIDO NOVO REINO MACA 500ML,1861.0,3558.54
AGUA SANITARIA K LAVA 5L,359.0,3557.61
ALVEJANTE ZAVASKI COM CLORO CITRUS 2L,477.0,3555.37
DESINFETANTE BRANMIX ORIGINAL 2L,582.0,3554.23
AMACIANTE DILUIDO NOVO BRILHO TRADICIONAL 500ML,766.0,3553.9
LIMPADOR ESSENCIA TUPI CONCENTRADO CHA BRANCO 120ML,405.0,3553.21
AMACIANTE CONCENTRADO AQUAFAST KIT MISTERIO 1L + TERNURA 1L,130.0,3550.94
DESINFETANTE SANOL LEITOSO HERBAL 500ML,942.0,3550.4
REMOVEDOR SAFRA ECOLOGICO 1L,328.0,3547.76
SABAO LIQUIDO ODD LAVAGEM COMPLETA 5L,84.0,3547.19
DETERGENTE LIQUIDO CLARUS NATURAL 500ML,1608.0,3543.9
SABAO LIQUIDO PLIN 32 LAV COCO 2L,183.0,3543.5
LIMPADOR PERFUMADO RAJJALIM CARINHOS E LEMBRANCAS 1L,594.0,3542.1
DESINFETANTE BRINORT JASMIN 500ML,1695.0,3540.1
AGUA SANITARIA GOTA FORTE 5L,297.0,3539.37
SABAO LIQUIDO JUA SUPER CONCENTRADO 6X2L,41.0,3538.32
SABAO LIQUIDO INDOV 2L,398.0,3532.6
SABAO LIQUIDO BRIZZ AZUL 5L,150.0,3532.5
DETERGENTE LIQUIDO FC NEUTRO 24X500ML,92.0,3531.12
DESINFETANTE MARINA CITRONELA 1L,712.0,3527.05
LIMPADOR MULTIUSO KIMAX GEL QUEROSENE LAVANDA 500ML,216.0,3524.62
SABAO LIQUIDO TOP CLEAR VERDE 3L,294.0,3522.93
AGUA SANITARIA FUZETTO  1L,1128.0,3520.77
DESINFETANTE ZAVASKI CITRUS 5L,178.0,3519.42
"LIMPEZA PESADA ALUMAX LIMPADOR ALUMINIO VONIXX VINTEX 1,5L",121.0,3516.98
LIMPADOR ESSENCIA DEOLINE ALGODAO 140ML,349.0,3513.21
SABAO LIQUIDO ABSOLUTO LIMPEZA PROFUNDA 700ML,631.0,3512.08
LIMPADOR ESSENCIA LIMPADUA LIMA LIMAO 100ML,390.0,3511.5
LIMPEZA PESADA SANOL PRO LIMPA PEDRAS 1L,176.0,3507.69
SABAO EM PO GUANABARA 5KG,91.0,3506.76
AGUA SANITARIA AQUAPLUS 5L,303.0,3506.67
AGUA SANITARIA ARIA TOP CLEAR 2L,940.0,3504.72
DESINFETANTE LIMPADUA EUCALIPTO 500ML,975.0,3502.45
DETERGENTE LIQUIDO NOVO BRILHO MACA 2L,452.0,3495.37
LIMPADOR PET TURMA DA MONICA PETS ELIMINADOR ODOR MARINE 2L,232.0,3494.18
LIMPADOR ESSENCIA SANTO BRILHO ERVA DOCE 140ML,324.0,3490.66
AMACIANTE DILUIDO MINUANO CLASSICO CARINHO 2L,323.0,3489.02
DESENGORDURANTE ZAVASKI LIMAO REFIL 500ML,432.0,3488.35
DETERGENTE LIQUIDO YPE LIMAO C/6 500ML,252.0,3488.1
SABAO EM PO VALOR FLORAL SACHE 1KG,556.0,3485.48
LIMPADOR ESSENCIA CONCENTRADO COALA LAVANDA 3X120ML,878.0,3485.07
DESINFETANTE ZUPP FLORES TROPICAIS 500ML,849.0,3482.74
SABAO LIQUIDO BECKER LAVA ROUPAS MULTIPLA ACAO 3L,125.0,3478.43
LIMPADOR PERFUMADO LIMPOL AZUL 2L,222.0,3478.4
LIMPADOR PERFUMADO CASA E PERFUME INTUIZIONE 12X500ML,73.0,3476.18
DETERGENTE LIQUIDO POLIAL LIMAO 2L,504.0,3475.39
AMACIANTE DILUIDO MAXXY LIMP TRADICIONAL 5L,292.0,3472.56
LIMPADOR PERFUMADO GUIMARAES LAVADA C/CITRONELA 1L,168.0,3471.2
DETERGENTE LIQUIDO BRISA MACA 24X500ML,106.0,3470.38
AMACIANTE CONCENTRADO COMFORT LIRIO BRANCO&BERGAMOTA 500ML,214.0,3467.91
LIMPADOR ESSENCIA MOGILANDI ALGAS MARINHAS 140ML,384.0,3467.82
SABAO EM PO LAVA BEM LAVANDA 400G,882.0,3466.89
SABAO LIQUIDO SEMORIN ROUPAS PRETAS E ESCURAS 500ML,206.0,3466.22
DESINFETANTE AZULIM ALECRIM 2L,365.0,3464.62
LIMPADOR PERFUMADO MARINA FRESCOR REVIGORANTE 500ML,801.0,3463.13
DESINFETANTE STILL EUCALIPTO 2L,707.0,3456.37
SABAO LIQUIDO BRILLANO FRESH 2L,356.0,3453.72
DESINFETANTE AZULIM VIOLETTE 500ML,800.0,3452.1
"SABAO EM PO ESPUMIL COCO 1,6KG",472.0,3451.73
LIMPADOR PERFUMADO GIOCA FRESCOR DO CAMPO 1L,424.0,3449.82
LIMPEZA PESADA BRILHOLAC LIMPA PEDRA 2L,158.0,3446.05
LIMPADOR PET AQUAFAST NEUTRALIZADOR DE ODORES FLORAL 2L,228.0,3444.33
"SABAO EM PO TIXAN YPE PRIMAVERA SC 1,7KG",170.0,3442.53
CLORO LERTOFF 1L,541.0,3439.02
DESINFETANTE MAGICO EUCALIPTO 2L,403.0,3438.89
SABAO LIQUIDO PLUSH REVOLUTION 5L,51.0,3438.63
DESENGORDURANTE RADIANTE 500ML,284.0,3437.68
LIMPADOR PERFUMADO CASA E CARINHO ACONCHEGO 2L,265.0,3435.98
DESINFETANTE BETEL TALCO 2L,281.0,3435.17
AMACIANTE DILUIDO BIG SOFT NEUTRO 2L,588.0,3435.11
LIMPEZA PESADA ATILA GEL PINHO 2L,266.0,3435.08
AMACIANTE DILUIDO DULAR TRADICIONAL 2L,514.0,3433.0
TABLETE MONTREAL 200G TRICLORO,506.0,3432.44
DESINFETANTE TRID LAVANDA 2L,429.0,3430.74
DESINFETANTE RADIANTE JASMIM 2L,421.0,3430.57
AMACIANTE DILUIDO REALCE PLUS BRISA DOS SONHOS 2L,755.0,3429.52
DESINFETANTE GBEL FLORAL 2L,474.0,3428.77
LIMPADOR ESSENCIA SANOL OLEO EUCALIPTO 120ML,150.0,3427.06
LIMPADOR PERFUMADO VEJA PERFUMES AROMA SENSE ENERGIA 1L,225.0,3426.7
DESINFETANTE BARBAREX FLORAL 5L,267.0,3426.63
DESINFETANTE PONTAL GIOVANA 1L,857.0,3423.29
AGUA SANITARIA PERFECT 5L,272.0,3422.74
LIMPADOR PET BRILUX ELIMINADOR DE ODORES CITRONELA 2L,179.0,3422.61
SABAO LIQUIDO FLOM SENSITIVE HIPOALERGENICO 900ML,260.0,3416.43
SABAO LIQUIDO JOB EM GEL FRESH 2L,195.0,3415.31
SABAO LIQUIDO SOFT PLUS INTIMAS 300ML,246.0,3409.17
"AMACIANTE CONCENTRADO BARBAREX LE PASSION 1,350L",203.0,3407.99
AMACIANTE DILUIDO JOB AZUL 2L,774.0,3406.72
AMACIANTE DILUIDO URCA SEDUTORA 5L,187.0,3405.74
LIMPADOR ESSENCIA RAMAR 140ML,332.0,3402.2
DESENGORDURANTE ZAP CLEAN LIMAO PODER E BRILHO 500ML,239.0,3401.59
DESENGORDURANTE BLEACH LARANJA REFIL 500ML,427.0,3398.58
SABAO LIQUIDO ZAP CLEAN BABY 500ML,287.0,3397.38
DESINFETANTE TRID EUCALIPTO 500ML,1204.0,3396.34
LIMPADOR PERFUMADO ALPES MAGIA DAS FLORES 1L,441.0,3396.28
LIMPADOR DE VIDRO LIMPOL ANTIEMBACANTE GATILHO 300ML,159.0,3389.81
AMACIANTE CONCENTRADO AQUAFAST ROSA ROMANCE 1L,222.0,3388.65
AGUA SANITARIA MONTENEGRO FRASCO 1L,853.0,3378.5
DETERGENTE LIQUIDO SAPONI NEUTRO 5L,312.0,3378.18
LIMPADOR MULTIUSO KIMAX 500ML,524.0,3372.37
LIMPADOR ESSENCIA AROMATEC BABY 140ML,352.0,3370.83
SABAO EM PO KLIP PERFUMES INTENSOS 1KG,439.0,3368.04
LIMPADOR ESSENCIA UAU SEDUCAO CONCENTRADO 130ML,229.0,3363.08
ALVEJANTE IMPERIAL SEM CLORO 1L,418.0,3362.47
AMACIANTE CONCENTRADO DOWNY ALFAZEMA 12X500ML,320.0,3361.82
SABAO LIQUIDO LIMPADUA AZUL 5L,104.0,3361.61
AMACIANTE DILUIDO BEM TE VI TOQUE DE ALEGRIA 5L,194.0,3355.32
AGUA SANITARIA DORIGON 2L,506.0,3355.11
AGUA SANITARIA E BAO 5L,274.0,3354.5
DESINFETANTE KI JOIA TRANSPARENTE LAVANDA 2L,547.0,3354.02
LIMPADOR PERFUMADO JUA LAVANDA E ACONCHEGO 500ML,615.0,3351.35
SABAO EM PO BRILHANTE CUIDADO TOTAL SC 16X800G,19.0,3351.2
DESINFETANTE MARINA TALCO 5L,274.0,3349.36
AGUA SANITARIA CRUZADO 2L,442.0,3348.98
DETERGENTE LIQUIDO ECONOMICO CRISTAL 2L,609.0,3347.93
DESINFETANTE ZIP USO GERAL SPRAY 350ML,184.0,3345.98
SABAO PO INVICTO LAVANDA,56.0,3344.58
ALVEJANTE LIMP LAR SEM CLORO 2L,267.0,3343.16
CLOROFINA FRESH 1LT,580.0,3343.13
LIMPADOR ESSENCIA EPORT AROMA E SENSACOES CITRONELA 140ML,298.0,3342.26
LIMPADOR PERFUMADO PLIN MAJESTY 2L,252.0,3341.44
DESENGORDURANTE CIF PRO 2L,81.0,3338.63
LIMPADOR PERFUMADO LIMPA JA PRIMAVERA 2L,592.0,3336.53
DESINFETANTE TEIU BACTERICIDA EUCALIPTO 3 EM 1 2L,351.0,3336.42
LIMPADOR MULTIUSO BRILHOLAC COM BICARBONATO E LIMAO 500ML,266.0,3335.97
AMACIANTE DILUIDO VIDA MACIA GLICERINA E CAMOMILA 5L,58.0,3334.24
LIMPADOR PISCINA BLUEPOOL CLORO SMART BALDE 10KG,21.0,3334.18
SABAO LIQUIDO BIOZ GREEN 3L,78.0,3334.02
DESINFETANTE LIMPS FLORAL 6X2L,145.0,3334.01
LIMPADOR MULTIUSO SUPER GLOBO CAMPESTRE SPRAY 500ML,903.0,3332.42
DESINFETANTE LOURO TALCO 5L,195.0,3331.46
AMACIANTE DILUIDO BONJOUR AZUL 2L,417.0,3331.01
DESINFETANTE BARBAREX FLORES DO CAMPO 5L,259.0,3330.56
LIMPADOR DE VIDRO KIN LIMP LAVANDA GATILHO 500ML,293.0,3327.96
DESINFETANTE ATILA TALCO 2L,427.0,3323.5
AMACIANTE DILUIDO ENVOLV ROSA 2L,419.0,3323.38
LIMPADOR PERFUMADO LIMPA JA LAVANDA 500ML,1766.0,3319.3
DESINFETANTE DULAR CAPIM LIMAO 2L,580.0,3318.09
LIMPADOR MULTIUSO CENAP FLOTADOR LAVANDA GATILHO 500ML,274.0,3317.66
CLORO CLARIX 5L,169.0,3317.47
AMACIANTE DILUIDO GALEGO 2L,553.0,3314.09
LIMPADOR PERFUMADO BARBAREX SEFE D AMOUR 1L,512.0,3313.58
LIMPADOR DE VIDRO VITREO 500ML,472.0,3313.07
DETERGENTE LIQUIDO URCA NEUTRO 5L,173.0,3312.29
AGUA SANITARIA MAYOR 1L,696.0,3310.91
"DESINFETANTE BUFALO EUCALIPTO 6,05L",199.0,3310.39
DESINFETANTE Q LAR EUCALIPTO 2L,492.0,3310.34
DESINFETANTE HF C/CLORO 1L,482.0,3310.09
CLORO LIQ A M G FR 5LT,301.0,3307.99
DESINFETANTE BUFALO PINHO MARINE 750ML,980.0,3300.98
AGUA SANITARIA LIMPA MAIS BRANCA 1L,1489.0,3299.36
DETERGENTE LIQUIDO LA VILLE NEUTRO 2L,469.0,3295.77
DESINFETANTE CLARUS LIMAO 2L,403.0,3292.22
DETERGENTE LIQUIDO GUAIUBA MACA 500ML,2652.0,3291.58
DESINFETANTE ALVEJAX GEOVANA BABY 2L,454.0,3289.61
DETERGENTE LIQUIDO YPE MACA 6X500ML,228.0,3289.37
AGUA SANITARIA BIG SOFT GF 1L,1009.0,3287.42
AMACIANTE CONCENTRADO FLOM SENSITIVE HIPOALERGENICO 500ML,324.0,3284.7
LIMPADOR ESSENCIA AZULIM EUCALIPTO 140ML,284.0,3284.54
DESINFETANTE CASA E CARINHO MARINE 2L,401.0,3281.6
SABAO EM PO VIDA 400G,923.0,3281.07
LIMPADOR DE VIDRO BRILHA SUL REFIL 500ML,422.0,3277.74
AMACIANTE DILUIDO LIMPEZA FELIZ PUREZA AMARELO 2L,544.0,3276.35
AMACIANTE CONCENTRADO  AROMASIL CARINHO 500ML,322.0,3275.68
LIMPADOR PERFUMADO UAU LAVANDA E CONFORTO 2L,178.0,3274.48
"AMACIANTE DILUIDO PUFF TERNURA 1,5L",391.0,3274.38
LIMPADOR PERFUMADO KIMAFLOR LAVANDA FRANCESA 1L,450.0,3272.26
DESINFETANTE CLORO ESSENCE MARINE 300ML,691.0,3270.86
DESINFETANTE RADIANTE CAPIM LIMAO 500ML,1096.0,3270.19
LIMPADOR ESSENCIA EPORT AROMA E SENSACOES MARESIA 140ML,295.0,3268.01
SABAO EM PO ECONOMICO CAMPOS DE LAVANDA 400G,869.0,3267.29
LIMPADOR PISCINA QCLOR ALGICIDA DE MANUTENCAO 1L,140.0,3266.01
DESINFETANTE BRILHA SUL LAVANDA 500ML,1027.0,3265.95
REMOVEDOR GITANES PERFUMADO 500ML,224.0,3264.89
DESINFETANTE PONTAL LAVANDA 1L,824.0,3264.52
LIMPADOR ESSENCIA EPORT AROMA E SENSACOES EUCALIPTO 140ML,293.0,3264.46
LIMPADOR PERFUMADO TRIEX DESEJO 1L,454.0,3263.3
SABAO EM PO ASSIM BRANCAS E COLORIDAS 800G,405.0,3261.69
LIMPADOR ESSENCIA AROMATEC FLORAL 140ML,340.0,3258.66
DETERGENTE LIQUIDO GUAIUBA NEUTRO 500ML,2488.0,3258.4
LIMPADOR ESSENCIA FLORESTA MAMAE BEBE 100ML,539.0,3257.85
DESINFETANTE BECKER FLORAL 3L,260.0,3257.36
DESINFETANTE TANLUX LAVANDA 2L,591.0,3256.68
DESINFETANTE RADIANTE HERBAL KALIPTO 500ML,1404.0,3255.19
"AMACIANTE CONCENTRADO CANDURA JARDIM DE INVERNO 1,5L",202.0,3254.89
DESINFETANTE PURIFICA HORTIFRUTICOLAS 50ML,401.0,3251.01
ALVEJANTE BARRIGA VERDE COM CLORO ANTIMOFO 5L,116.0,3250.83
DESINFETANTE ZAVASKI CITRUS 500ML,907.0,3249.96
DETERGENTE LIQUIDO ZAVASKI LARANJA 500ML,1803.0,3249.38
DETERGENTE LIQUIDO GLIMPEX NEUTRO 2L,540.0,3247.28
AMACIANTE DILUIDO MASTER AMARELO 2L,449.0,3247.19
LIMPADOR ESSENCIA PURA MAGIA LAVANDA 140ML,311.0,3247.18
DESINFETANTE MARINA PINHO LAR LAVANDA 500ML,1073.0,3246.85
DESINFETANTE KIMAX LAVANDA 5L,203.0,3246.63
DESINFETANTE BECKER LAVANDA 3L,251.0,3246.43
DETERGENTE LIQUIDO BRILUX NEUTRO 24X500ML,75.0,3245.28
AMACIANTE DILUIDO NUTRILAR CEU DE TERNURA 1000ML,745.0,3245.24
"AMACIANTE DILUIDO YPE INTENSO 6XLV2 PG1,8L 12L",76.0,3244.93
DESINFETANTE SEBOLD MARINE 2L,495.0,3243.74
SABAO LIQUIDO ALPES BLUE 1L,365.0,3241.63
DESINFETANTE LIRIOS BASE 200ML,905.0,3238.53
LIMPADOR PERFUMADO QUASAR AMOUR 500ML,696.0,3237.07
LIMPADOR PET MARINA LAVA CANIL 1L,244.0,3235.75
SABAO LIQUIDO GIRANDO SOL FRESH 2L,163.0,3234.39
ODORIZADOR DE ROUPA AMAZONIA AROMAS ALECRIM 500ML,208.0,3234.05
AMACIANTE DILUIDO PLIN ROSA 2L,204.0,3233.94
LIMPADOR ESSENCIA SANOL MACA E CANELA 120ML,286.0,3233.42
REMOVEDOR TUPI PETRO CITRONELA 500ML,244.0,3232.66
DESINFETANTE RADIANTE SILVESTRE 500ML,1436.0,3229.95
AMACIANTE DILUIDO DULAR CARINHO 5L,208.0,3229.61
LIMPADOR PERFUMADO CASA CLEAN COM ALCOOL FLORAL 910ML,249.0,3225.53
SABAO LIQUIDO SUPER M 5 L,170.0,3222.23
DESENGORDURANTE ILUSTRE TRADICIONAL 500ML,1103.0,3221.51
DESENGORDURANTE VATZ GATILHO 500ML,217.0,3221.42
REMOVEDOR SAFRA TRADICIONAL 500ML,249.0,3221.01
AMACIANTE DILUIDO ZAVASKI COCO 2L,430.0,3220.51
ALVEJANTE TOQUE DE CARINHO SEM CLORO MULTIUSO 2L,313.0,3220.25
DESINFETANTE ZUPP FRESCOR EUCALIPTO 500ML,767.0,3218.49
DESINFETANTE MAIS FAMILIA EUCALIPTO 2L,487.0,3218.27
AGUA SANITARIA GLOBO COM CLORO ATIVO 1L,948.0,3217.69
AMACIANTE DILUIDO AGE LIMP BRISA DE VERAO 5L,213.0,3216.48
LIMPA BORDAS HTH 1LT,108.0,3215.11
LIMPADOR DE VIDRO ZAP CLEAN PODER E BRILHO GATILHO 500ML,221.0,3214.27
DESINFETANTE GBEL ORQUIDEA 2L,450.0,3211.91
DETERGENTE LIQUIDO MINUANO LIMAO 24X500ML,69.0,3211.1
AMACIANTE CONCENTRADO BRILHOLAC EMOCAO 1L,286.0,3210.44
AGUA SANITARIA MEGA STAR 5L,308.0,3206.35
"AGUA SANITARIA BRILUX LV3L PG2,5L 3L",367.0,3206.09
LIMPEZA PESADA DESTOP DESENTUPIDOR ALCALINO LIQUIDO 1L,71.0,3204.59
DESINFETANTE CLORO ESSENCE ORVALHO 300ML,698.0,3202.82
DETERGENTE LIQUIDO CLEAN VALE LIMPEZA PESADA 1L,269.0,3200.82
CLORO BE 5L,98.0,3200.46
DETERGENTE LIQUIDO SO AROMAS NEUTRO 500ML,1672.0,3200.18
AGUA SANITARIA EBAO 1L,570.0,3199.69
LIMPADOR PISCINA HTH MB 10EM1 12KG,8.0,3199.2
DETERGENTE LIQUIDO LIMPA JA LIMAO 2L,448.0,3192.76
DETERGENTE LIQUIDO LIMPA JA LIMAO 5L,211.0,3192.08
LIMPADOR PET FREE PET NEUTRALIZADOR DE ODORES HERBAL 2L,145.0,3191.21
LIMPADOR PERFUMADO SAIF JARDIM MISTICO 1L,416.0,3189.24
DESINFETANTE LIN PIN FLORAL 2L,812.0,3188.71
DESINFETANTE ASTOLLI FLORAL 5L,281.0,3188.11
DESINFETANTE AGE MARINE 500ML,208.0,3188.06
DETERGENTE LIQUIDO LIMPEQ FRAGRANCIAS 2L,712.0,3187.67
DESINFETANTE VIDA TRADICIONAL 5L,253.0,3187.58
DESINFETANTE MARINA LAVANDA 1L,684.0,3186.71
CLORO GRANULADO HIDROALL 3L,45.0,3185.01
DESINFETANTE ARCHOTE PINHO 2L,531.0,3183.44
AGUA SANITARIA SUPER FORTE 1L,1187.0,3182.62
SABAO EM PO MARILUX COCO 400G,1349.0,3181.9
LIMPADOR ESSENCIA AROMATEC FLORAL 100ML,472.0,3180.71
DESINFETANTE MIL LAVANDA 2L,468.0,3175.32
DET PO SURF SCH 1KG CUIDADO DO COCO,325.0,3174.97
"SABAO LIQUIDO OLA DELICADAS ORIGINAL 3,8L",42.0,3174.6
DESINFETANTE STILL CLEAN PINHO 2L,615.0,3174.42
LAVA ROUPA PO BRILHANTE SACH 800G LIMP TOTAL,275.0,3172.43
REMOVEDOR ZULU MULTISSUPERFICIES 450ML,419.0,3169.79
LIMPADOR ESSENCIA EPORT AROMA E SENSACOES MARINE 140ML,279.0,3166.16
DESINFETANTE CLORO ESSENCE LUX 300ML,669.0,3164.55
LIMPADOR PERFUMADO BRILLANO BRISA DO JARDIM 2L,568.0,3162.52
DESINFETANTE MARILUX CAMPESTRE 5L,219.0,3155.25
LAVA ROUPAS ATRIUS 3L TRADICIONAL,168.0,3153.7
AMACIANTE CONCENTRADO GOTA LIMPA AROMA CAMPO 500ML,330.0,3149.97
LIMPEZA PESADA EDILIMP DETERG CONCENTRADO LAVANDA GEL 1L,264.0,3149.36
DESINFETANTE GLORIA FLORAL 2L,426.0,3149.09
LIMPADOR DE VIDRO AROMASIL GATILHO 500ML,344.0,3148.32
SABAO LIQUIDO MEU LAR AZUL 5L,100.0,3147.97
SABAO EM PO ASTER MULTIACAO 4KG,103.0,3145.96
DETERGENTE LIQUIDO RADIANTE CLEAR 2L,463.0,3140.85
DESINFETANTE DULAR FLORAL 2L,590.0,3135.39
DESINFETANTE PINHO BRIL PLUS SILVESTRE 12X1L,29.0,3134.88
SABAO LIQUIDO MEMBERS MARK ULTIMATE CLEAN 5L,68.0,3134.75
AMACIANTE CONCENTRADO FOFO CHEIRINHO NATUREZA FRASCO 500ML,290.0,3132.07
DESINFETANTE ILUSTRE EUCALIPTO 2L,605.0,3131.25
DESINFETANTE PINHO BRIL CAMPOS LAVANDA LV500 PG450 12X500ML,69.0,3131.04
SABAO EM PO ALA CUIDADO DO COCO 7X1.6KG,60.0,3129.85
SABAO LIQUIDO GOTA FORTE ALO PODER LIMP GF 5L,119.0,3129.76
DETERGENTE LIQUIDO LIMPA MIL MACA 5L,194.0,3129.54
SABAO EM PO TIXAN YPE PRIMAVERA SACHE 26X400G,51.0,3123.42
LIMPADOR ESSENCIA KLINER CITRONELA 140ML,340.0,3123.2
SABAO EM PO DAS NEVES VIOLETA 500G,1564.0,3122.85
AMACIANTE CONCENTRADO BRILHOLAC BEBE TERNURA 1L,263.0,3119.22
AMACIANTE DILUIDO BIG SOFT FLORAL 2L,499.0,3118.08
CLORO GRANULADO ECONOMIC NEOCLOR 1KG,126.0,3116.19
SABAO EM PO URCA CASA E ROUPA ACAO MULTIUSO 800G,691.0,3116.12
DESINFETANTE GUARANI LAVANDA 500ML,1355.0,3114.55
AGUA SANITARIA TRIEL 5L,306.0,3113.37
AMACIANTE DILUIDO EDILIMP TOQUE DE FELICIDADE 2000ML,439.0,3108.78
DESINFETANTE RETIRO MARINE 1L,981.0,3108.37
LIMPADOR PET TURMA DA MONICA PETS ELIMIN ODOR HERBAL 2L,198.0,3107.29
CLORO PISCINA ATCLLORO POWER 60 1KG,105.0,3106.67
AMACIANTE CONCENTRADO SONHO CARINHO E CUIDADO GARRAFA 500ML,485.0,3105.55
DESINFETANTE SMART EUCALIPTO 2L,458.0,3101.31
DESINFETANTE ZUPP EUCALIPTO 1L,499.0,3101.19
ALVEJANTE REDEPAS SEM CLORO 2L,292.0,3101.05
ALVEJANTE TAQLIMPO SEM CLORO BRANQUEADOR 2L,254.0,3100.6
AMACIANTE DILUIDO MON BIJOU MAIS MACIEZ 6X1.7L,81.0,3100.57
DESINFETANTE OESTE PETS HERBAL 2L,288.0,3098.69
LIMPADOR PERFUMADO ZUPP BEM ESTAR LAVANDA 500ML,550.0,3095.86
DESINFETANTE CREOLINA PEARSON 1L,32.0,3091.12
SABAO LIQUIDO AGE LIMP DE COCO 3L,148.0,3089.36
DESINFETANTE TRIEL MARINE 2L,598.0,3088.97
"SABAO LIQUIDO COQUEL ERVAS 1,5L",99.0,3088.21
SABAO LIQUIDO ROUPA E CARINHO 2L,188.0,3087.36
DESINFETANTE ZUPP ERVA DOCE 750ML,471.0,3086.73
AMACIANTE DILUIDO YPE TERNURA 6X2L 12L,70.0,3085.73
LIMPADOR PISCINA SULFATO DE ALUMINIO ULTRACLOR 2KG,216.0,3084.66
SABAO LIQUIDO TIXAN YPE PRIMAVERA RF 1L,246.0,3081.01
CLORO P PISCINA HIPOCLOR HIDROALL 1KG,91.0,3080.12
DESINFETANTE PINHO TROP ANTIBAC TRADICIONAL 1L,334.0,3079.79
BARRILHA MONTREAL 2K PH+,224.0,3079.74
AGUA SANITARIA GUNE 1L,980.0,3078.97
SABAO LIQUIDO TAQLIMPO TOQUE DELICADO 5L,116.0,3078.89
LAVA ROUPA PO BIG SOFT PREMIUM SH 2KG,299.0,3076.53
LIMPADOR ESSENCIA LIMPADUA LIMA LIMAO 200ML,215.0,3075.28
TIRA MANCHA BRILUX EM PO PODER O2 ATIV BRAN LV500 PG450 500G,121.0,3073.64
"AMACIANTE CONCENTRADO BARBAREX LE BLUE 1,350L",174.0,3070.98
DESINFETANTE LIMPE BEM VINOL 2L,591.0,3070.73
LIMPADOR PET PAPI DOG ELIMINADOR ODORES CITRONELA 2L,310.0,3069.0
LIMPADOR ESSENCIA AZULIM AMB ALGODAO 140ML,269.0,3064.25
DESINFETANTE CLORO ESSENCE TALCO 300ML,652.0,3062.47
SABAO LIQUIDO NOVO LAR CONC 2L,191.0,3062.46
LIMPADOR ESSENCIA NOGUEIRA LIMAO 125ML,387.0,3061.48
AMACIANTE DILUIDO MIL SUAVE AZUL 2L,365.0,3059.72
SABAO EM PO BEM TE VI NATUREZA 500G,928.0,3059.6
DESINFETANTE ASA LESTE FLORAL 2L,410.0,3059.59
LIMPADOR MULTIUSO CASA CLEAN ORIGINAL CITRUS BORRIF 910ML,220.0,3057.9
DESINFETANTE JUA FLORES DO CAMPO 5L,136.0,3053.61
SABAO LIQUIDO ZAB TOQUE SUAVE 5L,87.0,3051.59
DESINFETANTE SAIF LAVANDA DO CAMPO 1L,438.0,3050.22
SABAO LIQUIDO OMO CONCENTRADO + GRF LAVAGEM PERFEITA 500ML,77.0,3048.46
LIMPADOR ESSENCIA BUFALO EUCALIPTO 110ML,365.0,3048.26
AGUA SANITARIA QUATRO ESTACOES 5L,378.0,3046.32
DESINFETANTE PINHO BRIL FLORES DE LIMAO 12X500ML,54.0,3044.39
DESINFETANTE LOURO OCEANO 5L,183.0,3041.06
AGUA SANITARIA IDEAL 1L,1412.0,3040.98
SABAO LIQUIDO LEVO VERDE 2L,278.0,3038.27
DESINFETANTE ISABEL LAVANDA 1L,1090.0,3032.21
DESINFETANTE DULAGO FLORAL 2L,530.0,3031.6
DETERGENTE LIQUIDO ESTRELA NEUTRO 5L,133.0,3029.59
DETERGENTE LIQUIDO POLY BRILL MACA 2L,464.0,3029.03
"AMACIANTE DILUIDO INVICTO TOQUE DE ALGODAO 1,8L",340.0,3023.02
AGUA SANITARIA ARIA PAMPA 2L,526.0,3022.44
LIMPADOR MULTIUSO CANDURA SPRAY CITRUS 500ML,709.0,3021.44
LIMPADOR ESSENCIA AZULIM CONCENTRADO ALGAS MARINHAS 140ML,258.0,3020.87
DESINFETANTE KIMAFLOR PINHO FRESH 2L,386.0,3020.82
DESINFETANTE DIA A DIA DILUIVEL GIOVANA 140ML,213.0,3020.78
LIMPADOR PERFUMADO POLY BRIL LAVANDA 2L,568.0,3020.56
REMOVEDOR TUPI ECO LAVANDA 500ML,512.0,3018.45
DESINFETANTE ZAVASKI PINHO 5L,145.0,3016.21
DESINFETANTE REDE UNIAO LAVANDA 2L,561.0,3015.22
LIMPADOR PERFUMADO ALPES LAVANDA E ALECRIM 1L,413.0,3014.41
SABAO EM PO MARILUX COCO 5KG,166.0,3014.04
DESINFETANTE AYLAG 2L,508.0,3010.85
AGUA SANITARIA CAMPESTRE 5L,329.0,3004.51
LIMPADOR PISCINA HTH CLORO GRANULADO COMBATE 10KG,14.0,3004.47
SABAO EM PO DONELY 800G,632.0,3003.07
ALVEJANTE REMOCLEAN SEM CLORO 5L,111.0,3002.12
DESINFETANTE CASA E CARINHO LAVANDA 2L,394.0,3001.83
DESINFETANTE JOB LAVANDA 2L,588.0,2998.41
AGUA SANITARIA INFLUX 5L,192.0,2998.09
DETERGENTE LIQUIDO VIGOR NATURAL 500ML,1779.0,2997.99
SABAO EM PO CANDURA TRIPLA ACAO 4KG,86.0,2995.5
DESINFETANTE ECONOMICO TOP FLOR 2L,533.0,2995.15
DETERGENTE LIQUIDO ODD NEUTRO 5L,117.0,2993.84
SABAO EM PO ARES CAMOMILA SACO 1KG,530.0,2990.7
SABAO LIQUIDO MARILUX COCO ACTION 1L,452.0,2990.69
AMACIANTE DILUIDO LIMPA JA AFETO 2L,468.0,2989.55
LIMPADOR MULTIUSO SANOL POWER CLEAN 500ML,302.0,2986.55
DETERGENTE LIQUIDO CLARUS MACA 500ML,1361.0,2986.1
DETERGENTE LIQUIDO IGUAL MACA 5L,145.0,2985.99
DESINFETANTE KINTANA FLORAL 2L,443.0,2985.58
SABAO LIQUIDO ATRIUS PREMIUM 2L,284.0,2983.26
SABAO LIQUIDO ALPES 5L,73.0,2983.06
DETERGENTE LIQUIDO AQUA PLUS NEUTRO 500ML,1704.0,2982.53
LIMPADOR MULTIUSO CASA CLEAN BAMBU GATILHO 910ML,244.0,2981.53
AMACIANTE DILUIDO ATRIUS NOTAS DE AMOR 2L,528.0,2981.29
DESINFETANTE RADIANTE JASMIM 500ML,1296.0,2978.93
DESINFETANTE EPORT TALCO 5L,484.0,2978.03
DESINFETANTE LIMPS TALCO 6X2L,130.0,2976.48
DESINFETANTE ECONOMICO GRUTA 2L,532.0,2973.87
LIMPADOR PERFUMADO ESFRELUX SENSUALIDADE 1L,466.0,2972.91
SABAO LIQUIDO ALICE ROSA 3L,260.0,2972.3
CLORO INFLUX 5LTS,169.0,2969.3
LIMPEZA PESADA DIABO VERDE MACA VERDE 500ML,295.0,2967.71
AMACIANTE DILUIDO RADIANTE 5L,159.0,2964.97
AMACIANTE DILUIDO PONTAL BLUE 2L,398.0,2963.46
LIMPADOR MULTIUSO SANTO BRILHO C/ALCOOL LARANJA 500ML,662.0,2963.3
AGUA SANITARIA UTIL 5L,315.0,2963.0
ALVEJANTE DULAR SEM CLORO PARA ROUPAS COLORIDAS 2L,175.0,2962.1
AMACIANTE CONCENTRADO FOFO CHEIRINHO DE BEBE FRASCO 500ML,266.0,2957.2
DETERGENTE LIQUIDO AQUA PLUS MACA 500ML,1666.0,2955.57
DETERGENTE LIQUIDO NIDA 500ML,1197.0,2953.34
DETERGENTE LIQUIDO POLY BRILL LIMAO 2L,450.0,2948.77
DETERGENTE LIQUIDO ECONOMICO COCO 2L,534.0,2948.56
DESINFETANTE CAMPESTRE IGUATEMI 2L,491.0,2947.43
DESINFETANTE KI JOIA FLORAL LEITOSO 5L,249.0,2947.19
ALVEJANTE SEMPRE VIVA SEM CLORO COLLORS 500ML,350.0,2943.93
ALVEJANTE QBOA C/DETERGENTE PLUS 12X1L,77.0,2942.73
DESINFETANTE AGIFACIL BRISA DO OCEANO 2L,485.0,2940.0
LIMPADOR ESSENCIA RAFI FLORAL 100ML,318.0,2936.72
DETERGENTE LIQUIDO MAXPOL COCO 2L,469.0,2935.97
DETERGENTE LIQUIDO TANLUX NEUTRO 2L,451.0,2935.45
LIMPADOR ESSENCIA RAMAR JASMINE 140ML,292.0,2934.14
DETERGENTE LIQUIDO TODO BOM NEUTRO 500ML,1608.0,2932.62
LIMPADOR PERFUMADO RADIANTE PETALAS DE LAVANDA 1L,404.0,2931.56
AMACIANTE DILUIDO AGIFACIL BRANCO TERNURA 2000ML,420.0,2928.97
SABAO LIQUIDO LIMPA MIL VERSATIL 5L,125.0,2928.39
DETERGENTE LIQUIDO ASCERTE FRASCO NEUTRO 500ML,1619.0,2928.35
LIMPEZA PESADA BARBAREX PEDRAS 2L,163.0,2927.81
LIMPEZA PESADA CRIS AGUA LIMPA PEDRA 5L,31.0,2926.41
DETERGENTE LIQUIDO LOURO THIN NEUTRO 5L,124.0,2926.1
LIMPADOR ESSENCIA BELAROMA ALFAZEMA 140ML,304.0,2925.26
AMACIANTE CONCENTRADO GEO MAGIA 500ML,320.0,2924.64
SABAO EM PO TIXAN YPE 28X400G,46.0,2924.22
"SABAO EM PO TIXAN YPE MACIEZ CX 9X1,6KG",18.6667,2923.84
LIMPADOR PERFUMADO RAJJALIM ORVALHO DA MANHA 1L,497.0,2921.86
"SABAO EM PO TIXAN YPE PRIM SACHE 2,4KG",136.0,2920.2
DETERGENTE LIQUIDO SOL MACA 2L,476.0,2919.17
HIDROALL ELEVADPH+ FCO 1LTO,105.0,2918.97
SABAO EM PO BRILHA SUL AZUL 3KG,591.0,2917.48
DESINFETANTE DULAR - EUCALIPTO 5L,228.0,2915.03
DETERGENTE LIQUIDO MAIS Q BOM CLEAN 500ML,1791.0,2912.86
LIMPADOR PERFUMADO VEJA PERFUMES AGUAS MARANHENSES 500ML,450.0,2910.86
SABAO LIQUIDO DORIGON ANIL 2L,191.565,2909.96
DESINFETANTE BIO-KRISS VIOLEX 500ML,1152.0,2909.5
DESINFETANTE ZUPP ERVA DOCE 500ML,706.0,2907.54
DETERGENTE LIQUIDO BRILHA SUL LARANJA 500ML,1562.0,2906.09
DETERGENTE LIQUIDO NOVO BRILHO LIMAO 500ML,851.0,2905.95
SABAO EM PO ALIADO POWER 400G,1657.0,2904.49
DESINFETANTE AGIFACIL CAMPESTRE 2L,467.0,2904.25
AMACIANTE DILUIDO CASA LIMPA AZUL 2L,396.0,2904.15
DETERGENTE LIQUIDO SO AROMAS CLEAR 500ML,1551.0,2902.54
SABAO LIQUIDO ROSAMAX 5L ATIVE,82.0,2901.42
LIMPADOR DE VIDRO REAX CRISTAL REFIL 500ML,223.0,2896.49
LIMPADOR MULTIUSO SANY CAMPESTRE 500ML,790.0,2896.49
DETERGENTE LIQUIDO UZZILIM NEUTRO 500ML,586.0,2895.39
DESINFETANTE ZAVASKI TALCO 5L,147.0,2894.03
DETERGENTE LIQUIDO CLARUS LIMAO 500ML,1320.0,2893.52
DESENGORDURANTE REAX GATILHO LIMAO 500ML,144.0,2886.43
AGUA SANITARIA D VISAO 5L,210.0,2885.07
LIMPADOR MULTIUSO VINAGREEN LARANJA 12X500ML,573.0,2882.78
LIMPADOR ESSENCIA NOGUEIRA CRAVO E CANELA 125ML,357.0,2882.67
SABAO LIQUIDO AROMASIL GREEN 1L,213.0,2881.56
AMACIANTE CONCENTRADO AQUAFAST   TERNURA 3L,70.0,2879.71
DESINFETANTE BRILHA SUL PINHO 500ML,901.0,2878.53
ALGICIDA ATCLLOR CHOQUE 1L,110.0,2876.99
DETERGENTE LIQUIDO LIMPOL BABY CONCENTRADO 300ML,397.0,2876.39
AMACIANTE DILUIDO NIDA AZUL 2L,421.0,2875.72
DESINFETANTE PINHO SOL 2X POD. FRAG SUAVE 1L,150.0,2872.79
SABAO EM PO BRILHANTE CUIDADO DO COCO SC 800G,220.0,2872.31
REMOVEDOR BRASIL 1L,242.0,2871.56
ALGICIDA ATCLLOR 1LI MANUTENCAO,136.0,2869.93
DESINFETANTE LIMP 2L,387.0,2867.54
DESENGORDURANTE BYT S LIMPA CHURRASQUEIRA GT 500ML,176.0,2867.33
SABAO LIQUIDO LIMPLEX 5L,134.0,2860.68
DESINFETANTE ALVEJAX PRIMAVERA 2L,410.0,2859.62
LIMPADOR MULTIUSO BARBAREX ERVAS 500ML,809.0,2857.28
DESINFETANTE SAIF LAVANDA 1L,271.0,2856.12
DETERGENTE LIQUIDO LEVO NEUTRO 5L,164.0,2856.04
"SABAO EM PO MINUANO MAX. PERFUMAÇAO 10X1,6KG",23.0,2854.72
SABAO LIQUIDO QUALYBRILL CONCETRADO GREEN 2L,312.0,2854.51
AMACIANTE DILUIDO NOVO REINO TERNURA 2L,391.0,2854.44
DETERGENTE LIQUIDO IGUAL LIMAO 5L,139.0,2852.92
LIMPADOR PERFUMADO LEVO GLEID 2L,446.0,2845.95
DESINFETANTE PINHO BRIL FLORAL 12X500ML,50.0,2845.2
LIMPADOR PERFUMADO TRIEX ACONCHEGO 1L,389.0,2844.2
DESENGORDURANTE ATRIUS 1L,401.0,2843.6
DETERGENTE LIQUIDO BIO-KRISS NEUTRO 5L,238.0,2842.78
AGUA SANITARIA SOFT CLEAN GF 1L,260.0,2838.4
LIMPADOR MULTIUSO PINGO MAGICO LIMPA TENIS 500ML,99.0,2836.8
SBPO OMO MULTI AÇÃO 2K + TIRA MANCHAS 60G = 2060G,63.0,2835.0
LIMPADOR ESSENCIA AVANTE EUCALIPTO 100ML,256.0,2834.87
SABAO LIQUIDO AQUAPLUS FOFURA 3L,227.0,2834.53
ALVEJANTE ATTIVO SEM CLORO BRANQUEADOR 5L,147.0,2832.73
AMACIANTE DILUIDO BOLTZ CARICIA 2L,553.0,2830.31
LIMPADOR PERFUMADO KIMAFLOR BRISA MEDITERRANEA 500ML,401.0,2828.49
DETERGENTE LIQUIDO PRA VALER NEUTRO 500ML,1557.0,2827.49
DESINFETANTE HIDROSTERIL HIGIENIZADOR BACTERICIDA 50ML,173.0,2827.49
DETERGENTE LIQUIDO BRILHO MIL MACA 2L,494.0,2827.44
DETERGENTE LIQUIDO UNIC LIMAO 500ML,2340.0,2826.9
LIMPADOR DE VIDRO LIMPS 500ML,576.0,2824.98
LIMPADOR PERFUMADO CLASSE A LAVANDA 500ML,678.0,2824.11
LIMPADOR PERFUMADO LIMPA MIL FELICIDADE 2L,325.0,2823.99
DETERGENTE LIQUIDO GUAMA MACA 500ML,1413.0,2823.03
SABAO EM PO ALA LIMAO E BICARBONATO 1.6KG,184.0,2822.76
REMOVEDOR ZULU CLEAN 900ML,65.0,2822.4
LIMPADOR ESSENCIA CONCENTRADO COALA CEREJA E AVELA 120ML,509.0,2821.47
LIMPADOR PERFUMADO PET PROCAO PANDA LAVANDA 120ML,268.0,2817.11
SABAO EM PO ECONOMICO FLORES DE LARANJEIRA 400G,760.0,2816.47
DESINFETANTE NIDA 5L,123.0,2816.43
ALVEJANTE DULAR PARA ROUPAS BRANCAS SEM CLORO 2L,166.0,2816.37
LIMPADOR PERFUMADO ORIENTAL LAVANDA 500ML,658.0,2816.34
DESINFETANTE ECONOMICO BRISA 2L,500.0,2816.03
ALVEJANTE QBOA C/CLORO LAVANDA 6X2L,78.0,2815.78
DETERGENTE LIQUIDO DULAR NEUTRO 5L,164.0,2815.18
DESINFETANTE LYSOFORM AEROSOL ORIGINAL 55ML,145.0,2814.99
LIMPADOR MULTIUSO QUIMIOX OXIG ATIVO QUIMIPROL 5L,95.0,2814.92
SABAO EM PO BARBAREX 400G,1040.0,2814.28
DESINFETANTE GBEL EUCALIPTO 2L,390.0,2812.02
LIMPADOR PERFUMADO AROMASIL BRISA DO MAR 1L,318.0,2811.84
AMACIANTE DILUIDO CLARUS BRANCO 5L,176.0,2811.06
LIMPADOR PERFUMADO SUPER GLOBO MAGIA 2L,246.0,2808.06
DESINFETANTE RETIRO LAVANDA 1L,879.0,2807.42
DETERGENTE LIQUIDO CHEIRO BOM COCO 2L,503.0,2805.35
"SABAO EM PO ZOMAX DE ALCOOL 1,8KG",149.0,2802.41
SABAO EM PO TIXAN YPE MACIEZ SC 2KG,117.0,2799.87
SABAO EM PO DAS NEVES MACIEZ 500G,1423.0,2799.82
LIMPADOR PERFUMADO LIMPOL ROXO 5L,94.0,2799.25
AGUA SANITARIA LIMPO MAIS 12X1L,140.0,2798.4
DETERGENTE LIQUIDO JARI COCO 500ML,1787.0,2796.48
AMACIANTE DILUIDO BABY SOFT FLOWERS 2L,500.0,2796.28
LIMPADOR ESSENCIA PROEZA FLORAL 120ML,340.0,2795.79
DESENGORDURANTE VEJA COZINHA LIMAO REFIL 500ML,141.0,2795.77
AMACIANTE DILUIDO QUALYBRILL CHEIRINHO 2L,611.0,2794.28
CLORO CLORAL 2X5L,88.0,2792.86
AMACIANTE DILUIDO CONFORTEX AZUL 1L,600.0,2791.4
DESINFETANTE MAIS Q BOM LAVANDA 5L,215.0,2782.49
AMACIANTE CONCENTRADO BECKER FLORESCER 500ML,369.0,2781.61
DESINFETANTE REALCE PLUS LAVANDA 2L,622.0,2780.58
AMACIANTE DILUIDO AGIFACIL ROSA PUREZA 2000ML,402.0,2780.38
AMACIANTE DILUIDO ASCERTE 2L,489.0,2777.27
AMACIANTE DILUIDO DONELY INTENSO 2L,463.0,2776.39
DESINFETANTE EPORT MARESIA 5L,227.0,2775.68
DETERGENTE LIQUIDO DONA CLARA NEUTRO 500ML,1402.0,2770.84
DESENGORDURANTE POWERSOLV  VIVA LIMAO 500ML,556.0,2770.0
LIMPEZA PESADA BYT S TIRA FERRUGEM PISO E FERRAMENTA 50ML,246.0,2769.97
DESINFETANTE BARRA PINHO 12X500ML,80.0,2766.48
DESINFETANTE SEBOLD LAVANDA 2L,409.0,2765.27
DESINFETANTE LIMPADUA PINHO 500ML,790.0,2764.03
LIMPADOR MULTIUSO YPE CLASSICO LV4 PG3 4X500ML,198.0,2757.55
LIMPADOR ESSENCIA MARINA BAMBU 140ML,346.0,2757.27
DESINFETANTE ISABEL JASMIM 1L,1012.0,2755.78
TIRA MANCHA DIA A DIA EM PO O2 ATIVO MULTIUSO 450G,153.0,2755.38
LIMPADOR PERFUMADO RELAMPAGO MARINA 2L,423.0,2754.31
"SABAO EM PO PURA CASA SACHE 1,6KG",48.0,2754.2
SABAO LIQUIDO BEL LIMPO AZUL 5L,110.0,2754.13
DESINFETANTE VOREL EXTRATO FLORAIS 500ML,766.0,2751.9
DESINFETANTE AZULIM FLORAL GEL 2L,86.0,2751.49
LIMPADOR DE VIDRO FACILITA 3 EM 1 500ML,728.0,2748.97
SABAO LIQUIDO PONTAL OCEANICO 2L,204.0,2748.46
AMACIANTE CONCENTRADO REDEPAS TOQUE DE CARINHO 2000ML,488.0,2746.87
"DESINFETANTE POLITRIZ ORQUIDEA 6X1,75L",115.0,2745.75
DETERGENTE LIQUIDO MAIS Q BOM COCO 500ML,1772.0,2744.97
DETERGENTE LIQUIDO UNIC LIMP MACA 500ML,2261.0,2744.49
AGUA SANITARIA SULMAR 2L,558.0,2743.42
AMACIANTE DILUIDO AYLAG AZUL 2L,402.0,2742.58
DETERGENTE LIQUIDO GUARANI LA VILLE MACA 2L,396.0,2742.01
DETERGENTE LIQUIDO POLIAL CLEAR 2L,405.0,2741.21
AMACIANTE DILUIDO ALIANCA BRISA SUAVE 5L,268.0,2737.8
AGUA SANITARIA CLINEZA 5LTS,242.0,2737.1
SABAO LIQUIDO OURO CASA MULT 800ML,260.0,2735.91
"AMACIANTE DILUIDO SUAVE ZUPP 1,8L",294.0,2735.03
DESINFETANTE DIA A DIA DILUIVEL FLORAL 140ML,194.0,2734.26
ALVEJANTE SANTO BRILHO SEM CLORO 5L,95.0,2730.76
AMACIANTE CONCENTRADO AQUAFAST AZUL HARMONIA 3L,66.0,2730.29
LIMPADOR ESSENCIA PEREIRA LAVANDA 200ML,166.0,2729.49
DETERGENTE LIQUIDO LAVANDEX LIMAO 500ML,1153.0,2727.77
SABAO LIQUIDO CLASSE A ORIGINAL 3L,98.0,2726.81
LIMPADOR ESSENCIA QUIM AROMA CITRONELA 140ML,280.0,2722.61
REMOV REAX 1000ML,158.0,2722.05
DETERGENTE LIQUIDO ASTOLLI NEUTRO 2L,455.0,2719.57
LIMPADOR PERFUMADO CASA E CARINHO HARMONIA 1L,388.0,2718.23
AMACIANTE DILUIDO Q LAR CLASSIC FLORAL 2L,392.0,2717.92
AMACIANTE CONCENTRADO START 900ML,81.0,2717.89
ALGICIDA MULTIACAO EMB 1LT,75.0,2717.33
AMACIANTE DILUIDO BABY SOFT TERNURA 6X2L,85.0,2716.6
"DESINFETANTE POLITRIZ MARINE 6X1,75L",115.0,2716.56
DESINFETANTE GUARANI FLORAL 500ML,1204.0,2713.94
LIMPADOR ESSENCIA BELAROMA VIOLETA 140ML,277.0,2711.25
DETERGENTE LIQUIDO BRILLANO NEUTRO 500ML,1461.0,2711.22
AMACIANTE DILUIDO NIDA AZUL 5L,136.0,2710.95
"LIMP HIDROSAN HIDROALL 2,5KG",40.0,2706.92
AMACIANTE DILUIDO PONTAL AZUL 1L,647.0,2706.06
LIMPADOR PERFUMADO RELAMPAGO TALCO 2L,416.0,2705.37
DETERGENTE LIQUIDO ESSENCIAL MACA 500ML,1317.0,2704.44
LIMPEZA PESADA PROLAR LIMPA PEDRA P/PISOS RUSTICOS 2L,133.0,2701.32
DESENGORDURANTE SAIF LIMPA GRELHAS E CHURRASQUEIRAS 300ML,279.0,2699.49
AGUA SANITARIA TA BOA 2L,433.0,2698.69
AMACIANTE DILUIDO MINUANO LAVANDA E BAUNILHA 6X2L,66.0,2698.05
SABAO EM PO MINUANO ROXO EMB ECONOMICA 20X800G,22.0,2693.6
AGUA SANITARIA FC VERDE 12X1L,99.0,2691.38
LIMPADOR PERFUMADO LIMPA JA FLORAL 2L,474.0,2690.15
SABAO LIQUIDO URCA MAXX AZUL LV1 PG900ML 1L,298.0,2687.5
ALVEJANTE SAO PAULO SEM CLORO 5L,140.0,2685.94
LIMPADOR MULTIUSO UAU LAVANDA P500ML L600ML,468.0,2684.78
DETERGENTE LIQUIDO YPE NEUTRO 4X5L,35.0,2684.33
LAVA ROUPAS LIQ ARIEL 900ML SC CONC SUAVE GENTIL,119.0,2684.28
LIMPADOR DE VIDRO LIMPOL ANTIEMBACANTE 500ML,167.0,2683.6
LIMPADOR ESSENCIA CONCENTRADO COALA CITRIODORA 120ML,271.0,2683.12
ALVEJANTE DORIGON SEM CLORO 5L,133.0,2681.99
DESINFETANTE MARINA PINHO LAR ORIGINAL 500ML,880.0,2681.49
DESINFETANTE TEIU BACTERICIDA FLORAL 3 EM 1 2L,277.0,2678.35
DESINFETANTE REMMUS DESOFLORA 2L,371.0,2677.71
SABAO EM PO TIXAN YPE  MACIEZ SC 12X400G,44.0,2671.68
AMACIANTE DILUIDO JAZI 2L,549.0,2670.52
ALVEJANTE DESOMAX SEM CLORO 1L,299.0,2670.35
SABAO LIQUIDO ZAB COCO 5L,75.0,2668.57
SABAO LIQUIDO BIG SOFT BLACK 3L,160.0,2668.16
SABAO LIQ NUTRILAR SUAVIDADE CONC 500ML,407.0,2666.67
LIMPADOR PERFUMADO ZUPP ENERGIA REVIGORANTE 500ML,474.0,2666.44
LIMPADOR PERFUMADO SAIF JARDIM MISTICO 2L,250.0,2666.43
AMACIANTE DILUIDO PUFF FLORES DA AURORA 500ML,821.0,2665.78
AMACIANTE DILUIDO UNOLAR CLASSIC 3L,236.0,2665.38
DESINFETANTE ZAVASKI JASMIM 500ML,750.0,2664.9
AMACIANTE CONCENTRADO VINAGREEN  500ML,222.0,2661.88
LIMPADOR PERFUMADO CASA E CARINHO HARMONIA 500ML,680.0,2661.84
AMACIANTE DILUIDO AMACIO CLASSIC 5L,186.0,2661.14
AMACIANTE DILUIDO DULAR AZUL INTENSO 2L,398.0,2657.92
AGUA SANITARIA COMPRE CERTO 5L,265.0,2655.05
SABAO EM PO BREEZE MULTIACAO 1.6KG,253.0,2654.8
REMOVEDOR TUPI ECO CHA BRANCO 500ML,470.0,2654.54
DETERGENTE LIQUIDO LIMPS COCO 500ML,1331.0,2651.23
DESINFETANTE LYSOCLIN BRUTO LAVANDA 500ML,336.0,2651.15
AMACIANTE DILUIDO GBEL TERNURA 2L,361.0,2650.75
DESINFETANTE BAK YPE FLORAL 12X500ML,70.0,2650.75
LIMPADOR DE VIDRO ESFRELUX REFIL 500ML,318.0,2650.28
ALVEJANTE GOTA LIMPA LAVANDA 1L,530.0,2650.11
LIMPADOR PERFUMADO LEVO FLORES DO CAMPO 2L,425.0,2648.98
ELIMINADOR DE ODORES PET PROCAO FLOWER  500ML,146.0,2644.63
"DESINFETANTE POLITRIZ GARDENIA 6X1,75L",109.0,2643.68
DESINFETANTE MAXPOL GIRASSOL 2L,482.0,2642.06
DETERGENTE LIQUIDO LAR 5L,130.0,2641.19
AMACIANTE DILUIDO VAREK 5L,817.0,2640.0
LIMPADOR PERFUMADO SANOL MOMENTOS DE CARINHO 2L,170.0,2638.62
TIRA MANCHA SEMORIN PRE-LAVAGEM WHITE 500ML,170.0,2637.27
AGUA SANITARIA RAJJA BRANCO 5L,242.0,2637.02
DESINFETANTE LIMPS FLORAL 2L,385.0,2634.22
AMACIANTE DILUIDO MIL FLORES 2L,419.0,2634.1
DESINFETANTE PARCERIA LAVANDA 2L,482.0,2632.65
LIMPADOR PERFUMADO SANOL EXTRATO NATURAL CHA VERDE 1L,247.0,2631.31
DESINFETANTE BIO-KRISS JASMIN 2L,425.0,2630.28
DETERGENTE LIQUIDO NOVO BRILHO LIMAO 2L,338.0,2629.82
AGUA SANITARIA QBRANCA 2L,345.0,2628.96
DESINFETANTE DESOMAX EUCALIPTO 2L,488.0,2626.95
LIMPADOR PET LOGO VET DETERGENTE CONCENTRADO LIMPA CANIL 2L,77.0,2625.64
SABAO EM PO BIO NATURE SACHE 1.6KG,221.0,2624.25
SABAO EM PO SONHO LAVANDA 26X400G,37.0,2615.83
LIMPADOR MULTIUSO GIOCA CAMPESTRE 500ML,579.0,2614.67
LIMPADOR PET PET LIFE ELIMINADOR DE ODOR LAVANDA 2L,147.0,2613.1
SABAO LIQUIDO REDEPAS LAVA ROUPAS 2L,198.0,2612.48
SABAO EM PO PURA CASA ACAO TOTAL 800G,46.0,2611.56
DESINFETANTE TANLUX FLORAL 2L,462.0,2611.28
LIMPADOR ESSENCIA BELAROMA TALCO 140ML,266.0,2611.14
DESINFETANTE CLORO ESSENCE GLEYD 300ML,578.0,2611.08
LIMP HIDROSAN 1L BORDA,134.0,2610.98
LIMPADOR MULTIUSO GEONAV LIMPA TELA 60ML,174.0,2608.26
SABAO EM PO BRILHANTE LIMPEZA TOTAL 16X800G,15.0,2607.36
LIMPADOR PISCINA MONTREAL CLORO 10KG,11.0,2605.85
DETERGENTE LIQUIDO AYLAG NEUTRO 500ML,1006.0,2605.54
DESINFETANTE POLITRIZ GARDENIA 12X500ML,101.0,2604.76
DESINFETANTE KIMAFLOR EUCALIPTO 2L,339.0,2604.11
SABAO LIQUIDO IMPERIAL FRESH 2L,341.0,2603.08
DESENGORDURANTE SUPER CANDIDA COZINHA 500ML,363.0,2600.95
SABAO LIQUIDO ZAVASKI COCO 1L,242.0,2599.75
LIMPADOR PISCINA BEL PISCINAS ELEVADOR DE PH 1L,128.0,2596.08
DETERGENTE LIQUIDO POLY BRIL NEUTRO 2L,394.0,2595.73
AGUA SANITARIA POLYMIX 2L,543.0,2595.15
LIMPADOR DE VIDRO LIMPOL COM ALCOOL GATILHO 500ML,331.0,2595.15
LIMPADOR MULTIUSO ARCHOTE CAMPESTRE SPRAY 500ML,810.0,2593.56
LIMPADOR DE VIDRO ZAVASKI CRISTAL REFIL 500ML,404.0,2592.73
DESENGORDURANTE QBOA COZINHA 12X500ML,39.0,2592.5
CLORO RODO QUIMICA 1L,292.0,2591.22
DETERGENTE LIQUIDO BOLTZ MACA 500ML,1330.0,2587.98
SABAO EM PO MARILUX SUAVE 5KG,142.0,2585.73
DESINFETANTE ATILA TALCO 1L,674.0,2583.73
DESINFETANTE AROMATEC OLEO DE EUCALIPTO 200ML,260.0,2583.06
LIMPADOR PERFUMADO AZULIM PERA INGLESA E FRESIA 3L,156.0,2582.38
DIMINUIDOR PH HIDROAZUL 1L,110.0,2582.1
AMACIANTE DILUIDO MON BIJOU MAIS PERFUME 4X5L,39.0,2580.51
CLORO GEL DEION 5L,60.0,2576.82
LIMPADOR PERFUMADO LIMPOL MAGENTA 2L,163.0,2574.75
DESINFETANTE VOREL JASMIM 500ML,730.0,2573.02
ELEVADOR ALCAL PCT 2KG,63.0,2572.32
REMOVEDOR SAFRA LAVANDA 500ML,181.0,2571.71
AMACIANTE DILUIDO IMPERIAL AZUL 5L,202.0,2570.48
SABAO LIQUIDO DELICADERM ESFOLIANTE MELANCIA 180ML,137.0,2568.45
AMACIANTE DILUIDO BIO-KRISS BLUE 2L,457.0,2566.7
AGUA SANITARIA ZULU 1L,594.0,2564.62
LIMPADOR ESSENCIA AROMATEC PINHO 140ML,268.0,2562.59
AGUA SANITARIA ARIA PAMPA 1L,754.0,2561.7
SABAO LIQUIDO ECOKIM COCO ESPECIAL 1L,171.0,2559.88
"AMACIANTE DILUIDO ALPES ROSA EMOCAO 1,8L",365.0,2559.74
SABAO LIQUIDO SMART CONCENTRADO 1L,209.0,2559.36
DESINFETANTE RADIANTE JASMIM 750ML,784.0,2553.25
AMACIANTE DILUIDO AMACILUX TOQUE PUREZA 5L,124.0,2550.62
SABAO EM PO ARES COCO SC 1KG,466.0,2549.64
SABAO EM PO LAVABEM COCO 400G,661.0,2548.12
DETERGENTE LIQUIDO GLIMPEX MACA 2L,426.0,2547.92
DESINFETANTE QUALYBRILL EUCALIPTO 2L,522.0,2546.21
ALVEJANTE QLIMPO SEM CLORO BRANQUEADOR 1L,377.0,2544.77
DETERGENTE LIQUIDO PONTAL LIMAO 500ML,1148.0,2544.76
DETERGENTE LIQUIDO DULAR CLEAR 5L,146.0,2543.98
AGUA SANITARIA Q OTIMO FRASCO 2L,518.0,2542.21
SABAO EM PO ECONOMICO PERFUME DO CAMPO 400G,718.0,2541.67
SULFATO DE ALUMINIO DECANTADOR GRANULADO ATCLLOR 2KG,113.0,2541.65
LIMPADOR ESSENCIA KLINER CITRUS 140ML,303.0,2541.17
DESINFETANTE AQUA PLUS KAIKI 2L,363.0,2540.47
LIMPADOR ESSENCIA RAMAR EUCALIPTO 140ML,250.0,2539.97
SABAO LIQUIDO COCOMIL 2L,165.0,2539.1
AMACIANTE DILUIDO MON BIJOU PUREZA 2L,279.0,2535.86
DESINFETANTE BIO-KRISS EUCALIPTO 2L,399.0,2533.88
DESINFETANTE SUPER GLOBO PINHO ORIGINAL 5L,107.0,2531.61
DESINFETANTE NIDA CLEAN FLORAL 2L,230.0,2530.37
CLORO PURO STORK 6X2L,292.0,2529.64
SABAO LIQUIDO ZAVASKI GLICERINA 2L,159.0,2528.65
DESINFETANTE NOVO BRILHO KAIAK 2L,388.0,2528.08
LIMPADOR MULTIUSO BRILHEX GERAL PINHO 1L,285.0,2526.66
DESINFETANTE BRANMIX FLORAL 2L,355.0,2525.71
SBPO BRILHANTE MULTI TEC REG  CM N/IDENT SC PL 500G,410.27,2525.3
LIMPADOR MULTIUSO LAVA BEM TRADICIONAL 500ML,571.0,2525.03
DETERGENTE LIQUIDO MAIS Q BOM LIMAO 500ML,1635.0,2524.93
SABAO EM PO LAVANDEIRA COLOR 500G,1552.0,2521.75
DETERGENTE LIQUIDO ZAVASKI LIMAO 5L,124.0,2521.34
LIMPADOR PERFUMADO LIMPOL ROXO 2L,155.0,2520.39
SABAO LIQUIDO GLIMP FRESH 5L,141.0,2519.19
SABAO EM PO TIXAN YPE MACIEZ LV2KG PG1.9KG 2KG,125.0,2517.63
LIMPADOR PERFUMADO ORIENTAL FIORI 500ML,596.0,2517.43
DETERGENTE LIQUIDO GUAIUBA LIMAO 500ML,1917.0,2516.39
SABAO LIQUIDO SMART COCO 1L,143.0,2513.57
AGUA SANITARIA CLORINDA 1L,688.0,2513.22
AGUA SANITARIA BOM BRILHO 2L,386.0,2512.24
ALVEJANTE CRUZADO SEM CLORO 2L,212.0,2511.72
SABAO LIQUIDO UNOLAR FLORAL 1L,364.0,2510.84
SABAO LIQUIDO PARANAIBA PARA ROUPA MULTIBLUE 3L,133.0,2510.67
"AMACIANTE CONCENTRADO ZUPP VELVET BLUE SKY 1,5L",106.0,2510.07
LIMPADOR PERFUMADO LIMPA JA PRIMAVERA 500ML,1344.0,2509.01
LIMPADOR MULTIUSO TRI-D TRADICIONAL 500ML,598.0,2508.93
DESINFETANTE HIGILAR CITRONELA 2L,312.0,2508.35
LIMPEZA PESADA MIL MILHAS LIMPA ESTOFADOS 500ML,221.0,2508.34
AMACIANTE DILUIDO LOURO AZUL SOFT 5L,137.0,2507.73
LIMPADOR ESSENCIA EPORT AROMA E SENSACOES VIOLETA 140ML,225.0,2505.19
SABAO EM PO SAO MARCOS 5KG,182.0,2501.78
AGUA SANITARIA URCA 5L,278.0,2501.21
DESINFETANTE ILUSTRE TALCO 2L,446.0,2500.09
DETERGENTE LIQUIDO TOP CLEAR MACA 500ML,1738.0,2500.06
LIMPEZA PESADA LAUNER DETERGENTE ALCALAN TOP 5L,39.0,2499.71
DESINFETANTE NOVO BRILHO LAVANDA 2L,384.0,2499.55
DESINFETANTE BRASLIMP PASTA PINHO LIMAO 2L,122.0,2498.64
SABAO LIQUIDO ESPUMIL AZUL 1L,332.0,2497.91
REMOVEDOR CERA START 5L,41.0,2497.58
AMACIANTE DILUIDO IMPERIAL FLORAL 5L,199.0,2497.16
DESINFETANTE ZAB FLORAL 12X1L,60.0,2492.74
LIMPADOR DE VIDRO DEOLINE GATILHO 500ML,258.0,2491.34
LIMPADOR PET NOGUEIRA LIMPA CANIL 125ML,304.0,2490.19
DESINFETANTE REDE UNIAO EUCALIPTO 2L,467.0,2488.3
LIMPADOR ESSENCIA LIMPADUA PINHO 100ML,275.0,2485.86
DETERGENTE LIQUIDO NOVO REINO LIMAO 500ML,1296.0,2485.66
AMACIANTE CONCENTRADO VINAGREEN CAMPOS DE LAVANDA 1L,129.0,2485.51
DESINFETANTE DESOMAX JASMIM 2L,455.0,2485.32
LIMPADOR PERFUMADO BRILHOLAC CASA & HARMONIA 2L,226.0,2485.15
DESINFETANTE DULAR CAPIM LIMAO 5L,186.0,2484.96
DESINFETANTE NOVO BRILHO CARAVELA 2L,377.0,2484.3
DESINFETANTE MONTE LAGOS GEL 2L,93.0,2481.42
LIMPADOR ESSENCIA PROEZA EUCALIPTO 120ML,295.0,2480.18
LIMPADOR MULTIUSO BIG SOFT SEDUCAO 500ML,696.0,2476.97
DETERGENTE LIQUIDO ECONOMICO COCO 24X500ML,43.0,2474.16
LIMPADORES PISCINA CLORO ATIVO INFINITY 950ML,487.0,2473.9
"SABAO EM PO URCA CONCENTRADO PG 2,16KG LV 2,4KG",150.0,2473.67
AMACIANTE DILUIDO SMART CARINHO 2L,303.0,2473.1
CLORO DUBOM 5L,138.0,2471.61
LIMPEZA PESADA START ATIVADO FX 1100 2L,128.0,2471.47
AGUA SANITARIA JOB 1L,1008.0,2471.03
DETERGENTE LIQUIDO BRILHOLAC CLORADO 500ML,316.0,2471.03
DESINFETANTE PONTAL DAMA DA NOITE 2L,315.0,2470.13
LIMPADOR PERFUMADO CASA E PERFUME INTUZIONE PG900ML LV1L 1L,262.0,2469.48
ALVEJANTE START SEM CLORO 5L,69.0,2469.06
DETERGENTE LIQUIDO DAS NEVES LIMAO 2L,328.0,2467.44
"DESINFETANTE POLITRIZ FLORAL 6X1,75L",105.0,2466.95
DESINFETANTE ASA LESTE PINHO CITRUS 2L,321.0,2463.53
DETERGENTE LIQUIDO YPE CLEAR DESC 10% 4X6X500ML,54.0,2462.42
SABAO EM PO ALA CUIDADO COCO 400G,882.0,2462.4
ALVEJANTE SENIX SEM CLORO TRADICIONAL 1L,405.0,2460.86
SABAO EM PO ALA LAVANDA SCH 16X800G,27.0,2460.78
LIMPADOR PERFUMADO BRILHOLAC COM ALCOOL FRUITY 500ML,273.0,2460.55
DESINFETANTE YPE ANTIBAC BORRIFADOR 500ML,205.0,2459.49
FLOCULANTE MONTREAL 1L,164.0,2459.4
AMACIANTE DILUIDO FOFURA AZUL 5L,112.0,2458.38
SBPO BRILHANTE BRILHO ATIVO SC 1000G,202.0,2455.4
LIMPADOR PERFUMADO ROSAMAX INTENSO 1L,379.0,2455.08
REMOVEDOR KING PLUS LAVANDA 500ML,122.0,2453.96
DESINFETANTE VEJA POWER ACTION PINHO 500ML,262.0,2453.88
DESINFETANTE EPORT LAVANDA 1L,731.0,2450.63
DESINFETANTE BECKER TALCO 3L,186.0,2450.6
DESINFETANTE ECONOMICO KAIAK 2L,437.0,2449.68
LIMPADOR PERFUMADO RADIANTE PAIXAO INTENSA 500ML,536.0,2447.89
DESENGORDURANTE VEJA COZINHA LARANJA REFIL 500ML,116.0,2445.37
LIMPADOR PERFUMADO KI JOIA JOIAS DA NATUREZA 1L,336.0,2444.11
LIMPADOR PERFUMADO QUASAR INSPIRACAO 500ML,525.0,2443.77
AMACIANTE DILUIDO LIMPE BEM SOFT BLUE 5L,157.0,2442.41
CLORO FAZ HIDROAZUL BALDE 10KG,14.0,2439.17
DESINFETANTE DRAGAO PINHO 1L,747.0,2438.58
LIMPADOR MULTIUSO DONA CLARA C/CLORO 500ML,442.0,2438.52
CLORO GLOBO 5L,132.0,2436.63
DETERGENTE LIQUIDO ASTOLLI LIMAO 2L,420.0,2435.38
DESINFETANTE JUA HERBAL 5L,109.0,2434.0
DESINFETANTE RADIANTE MARINE 500ML,842.0,2433.92
SABAO EM PO TIXAN YPE ANTIBAC CX 1KG,220.0,2433.54
DETERGENTE LIQUIDO CLEAN LIMAO CASA PUMP 1L,370.0,2433.01
DETERGENTE LIQUIDO PONTAL NEUTRO 500ML,1130.0,2432.31
LIMPADOR ESSENCIA EPORT AROMA E SENS CEREJA/AVELA 140ML,221.0,2431.45
CLORO NOVO LAR HIPOCLORITO DE SODIO 2L,244.0,2431.43
DESINFETANTE RADIANTE CITRUS 1L,556.0,2431.18
ALVEJANTE LIMPE BEM SEM CLORO 2L,224.0,2430.61
SABAO LIQUIDO ELLY SENSACAO 3L,207.0,2429.28
DESENGORDURANTE COMBATE PINHO GEL 500ML,171.0,2428.84
LIMPADOR PERFUMADO TEIU INTIMITA 500ML,445.0,2428.14
ALVEJANTE PRINCESA SEM CLORO 2L,169.0,2425.26
AMACIANTE DILUIDO QBOA MACIEZ COM DELICADEZA 5L,132.0,2421.31
SABAO EM PO BRILHA SUL AZUL 1.6KG,217.0,2419.85
DESINFETANTE ECONOMICO EUCALIPTO 2L,368.0,2417.02
DETERGENTE LIQUIDO GUAMA LIMAO 500ML,1203.0,2416.8
AGUA SANITARIA MIALA BRANCA 2L,708.0,2416.16
DESINFETANTE SUPREMA LAVANDA 6X2L,98.0,2415.61
LIMPADOR ESSENCIA PURA MAGIA MARINE 140ML,233.0,2415.4
LIMPADOR PERFUMADO GIOCA ENERGIA DAS FRUTAS 1L,288.0,2412.69
DESINFETANTE TRIEL LAVANDA 5L,235.0,2412.27
DESENGORDURANTE SANTO BRILHO LIMPA GRILL 500ML,136.0,2411.72
AMACIANTE DILUIDO SMART ALOE VERA 2L,298.0,2410.11
SABAO LIQUIDO ZAB TOQUE FRESCO 5L,66.0,2409.85
DETERGENTE LIQUIDO BRILAX 2L,358.0,2408.66
TIRA MANCHA SAIF SEM CLORO MAIS BRANCO 3L,97.0,2407.89
AMACIANTE DILUIDO AUDAX CLASSICO 5L,190.0,2407.01
SABAO LIQUIDO CONC TAQLIMPO COCO 5L,94.0,2402.94
DESENGORDURANTE PLIN 500ML,228.0,2401.76
DESINFETANTE MAIS Q BOM LAVANDA FRESH 5L,184.0,2401.57
DETERGENTE LIQUIDO ASCERTE LIMAO 500ML,1334.0,2398.77
DESENGORDURANTE ZAP CLEAN LIMAO REFIL 500ML,237.0,2397.76
CLORO GEL CLEAN 2L,150.0,2397.5
AGUA SANITARIA MYATA FRASCO 1L,626.0,2396.0
DESINFETANTE GLORIA MIL FLORES 2L,323.0,2395.69
ALVEJANTE TAY FLORAL 1L,478.0,2394.88
SABAO LIQUIDO RIO MOA TRADICIONAL 2L,201.0,2394.72
AGUA SANITARIA ARIA PURA CASA 5L,146.0,2394.13
LIMPADOR PERFUMADO ALPES MAGIA DAS FLORES 500ML,526.0,2393.53
LIMPADOR MULTIUSO BRINORT 500ML,714.0,2392.16
LIMPADOR PERFUMADO BUFALO LAVANDA 500ML,567.0,2391.58
DESINFETANTE MAGICO FLORAL TALCO 2L,284.0,2389.92
DESINFETANTE KINTANA EUCALIPITO 2L,340.0,2389.18
DESINFETANTE DULAGO LAVANDA 2L,416.0,2387.24
DESINFETANTE AZULIM EUCALIPTO GEL 2KG,73.0,2386.14
DESINFETANTE HIGILAR FLOR DO EDEN 2L,300.0,2385.07
LIMPEZA PESADA START MAXIMOOM MULTIUSO ALCALINO 5L,30.0,2382.82
LIMPADOR PERFUMADO BUFALO LAVANDA 2L,275.0,2382.61
AMACIANTE DILUIDO Q LAR FLORAL 2L,120.0,2381.94
SABAO LIQUIDO LUME MAXX LAVANDA 700ML,572.0,2380.69
DETERGENTE LIQUIDO OI CLEAR PET 24X500ML,64.0,2379.84
SABAO LIQUIDO BRILUX SPORTS 3L,78.0,2377.91
DETERGENTE LIQUIDO BRILHALUMINIO LIMAO 500ML,506.169,2377.09
SABAO LIQUIDO RETIRO VERDE 1L,428.0,2373.09
SABAO LIQUIDO CHEIRO BOM POWER FRESH 2L,355.0,2372.88
AMACIANTE DILUIDO DONELY INTENSO 5L,191.0,2372.66
REMOVEDOR CASA LIMPA 2 LT,149.0,2371.72
LIMPADOR ESSENCIA FRESCOR NOVO CHEIRINHO DE BEBE 140ML,199.0,2371.62
SABAO LIQUIDO GUIMARAES C/ENZIMAS ATIVAS 5L,59.0,2370.99
LIMPADOR ESSENCIA LIMPADUA BAMBOO 200ML,152.0,2370.93
CLORO GLOBO 2LT,292.0,2370.71
DESENGORDURANTE DURATTO LIMPA FORNO/FOGAO 500ML,127.0,2361.79
DESINFETANTE BRANMIX MARINE 2L,334.0,2361.06
SABAO LIQUIDO MEU LAR LAVA ROUPAS VERDE VIDA FELIZ 5L,74.0,2360.98
AMACIANTE DILUIDO DESOMAX FLORAL 2L,363.0,2359.65
DESINFETANTE PONTAL PINHO 1L,575.0,2359.31
"DESINFETANTE POLITRIZ ALFAZEMA 6X1,75L",101.0,2356.04
SABAO EM PO GALO AZUL 800G,251.0,2355.58
DESINFETANTE Q LAR PINHO 2L,354.0,2353.87
AGUA SANITARIA RICLEY 5L,183.0,2353.79
"DESINFETANTE QUALLY CLOR HIGIENIZADOR 2,5% DE CLORO 300ML",213.0,2353.14
DESENGORDURANTE VULCAO ACIDO 1L,165.0,2353.08
LIMPADOR ESSENCIA TUPI CONCENTRADO ORQUIDEA 120ML,316.0,2350.68
SABAO LIQUIDO MAXPOL TRADICIONAL 3L,161.0,2349.98
SABAO EM PO SAO MARCOS LAV 500G,1450.0,2349.04
DESINFETANTE KI LUXO EUCALIPTO 100ML,1262.0,2349.01
LIMPADOR PERFUMADO ORIENTAL FRESH 500ML,538.838,2347.37
LIMPADOR PET FIDALGOS ELIMINADOR ODORES CITRONELA 2L,89.0,2346.17
SABAO LIQUIDO BRIIZ VERDE 5L,100.0,2346.0
DESINFETANTE ULTRALAR PINHO 500ML,713.0,2345.98
DETERGENTE LIQUIDO LAVANDEIRA NEUTRO 500ML,1940.0,2345.25
KIT TESTE PISCINA HIDROALL PH E CLORO 1UN,52.0,2345.11
DESINFETANTE PINHO BRIL CAMPOS LAVANDA 12X1L,21.0,2344.8
LIMPADOR PERFUMADO ALPES BEM ESTAR 1L,314.0,2342.67
LIMPADOR MULTIUSO DULAR LIMPA TUDO CONCENTRADO 1L,161.0,2342.07
DESINFETANTE GUARANI HERBAL 500ML,1015.0,2341.39
DESINFETANTE KIMAX MARINE 5L,149.0,2340.94
LIMPADOR ESSENCIA FLORESTA DAMA DA NOITE 100ML,377.0,2339.92
DESINFETANTE STILL EUCALIPTO 5L,211.0,2338.48
LIMPEZA PESADA LIMPOL LIMAO 500ML,284.0,2337.44
"SABAO EM PO LUME MAXX LAVANDA 1,7KG",316.0,2336.83
DESENGORDURANTE PLIN GEL COZINHA 400ML,549.0,2335.72
AMACIANTE CONCENTRADO COMFORT INTENSE PURO RELAX 500ML,137.0,2334.99
CLORO GRANULADO 1KG HIPOCLORITO CAL,49.0,2333.58
AMACIANTE CONCENTRADO BRILHA SUL SONHO DE VERAO 900ML,206.0,2333.53
AMACIANTE DILUIDO NUTRILAR CEU DE TERNURA 2L,280.0,2333.07
AGUA SANITARIA TOP CLEAR 5L,217.0,2331.37
DESINFETANTE QUALYBRILL PINHO 2L,472.0,2331.14
LIMPADOR PERFUMADO BRILHOLAC FRESCOR DO CAMPO 2L,223.0,2330.79
AMACIANTE CONCENTRADO SOFT PLUS BEBE 500ML,203.0,2329.51
LIMPADOR PERFUMADO LIMPA JA LAVANDA 5L,200.0,2326.45
DESINFETANTE SOLIMP LAVANDA 2L,397.0,2325.35
DESINFETANTE DULAR - FLORAL 5L,181.0,2323.45
DESINFETANTE ALVEJAX FLORAL 2L,319.0,2320.85
SABAO EM PO STAR PLUS MULTIACAO 500G,1162.0,2319.26
AGUA SANITARIA VITORIA CLOROGEL 5L,70.0,2318.43
ODORIZADOR DE ROUPA VIA AROMA FLOR DE CEREJA 500ML,133.0,2318.03
LIMPADOR PERFUMADO DURATTO TAPETES E ESTOFADOS 500ML,129.0,2317.83
OMO LIQ + PURO CUIDADO DOYPACK 1L,140.0,2316.8
AGUA SANITARIA SELECT 2L,406.0,2316.74
LIMPADOR ESSENCIA BARBAREX LAVANDA 120ML,223.0,2316.44
ALVEJANTE PROLAR SEM CLORO BRANQUEADOR 2L,204.0,2315.42
"AMACIANTE CONCENTRADO DOWNY PERF COLLEC PAIXAO 12X450ML 5,4L",20.0,2315.0
DESINFETANTE DIA A DIA MARINE 140ML,166.0,2314.91
AMACIANTE DILUIDO NOVO LAR CONFORTO 2L,368.0,2313.88
LIMPADOR PERFUMADO CASAFLOR LAVANDA PROVENCE 6X1.75L,48.0,2313.0
AMACIANTE CONCENTRADO PUFF SONHO INTENSO 500ML,328.0,2310.27
DESINFETANTE PURA MAGIA OLEO DE EUCALIPTO 140ML,227.0,2310.12
LIMPADOR MULTIUSO TUDO COM ALCOOL 500ML,581.0,2309.31
LIMPADOR DE VIDRO PLIN 400ML,345.0,2308.75
DESINFETANTE BARBAREX FLORAL 500ML,1110.0,2308.46
DESINFETANTE NIDA CLEAN OCEANIC 2L,210.0,2307.86
LIMPADOR PERFUMADO AZULIM FLOR DE LARANJEIRA 3L,137.0,2305.54
DETERGENTE LIQUIDO BRILLANO MACA 500ML,1300.0,2305.18
LIMPADOR MULTIUSO VATZ ESPUMA GATILHO 500ML,156.0,2305.14
DETERGENTE LIQUIDO YPE COCO 6X500ML,172.0,2305.03
LIMPADOR MULTIUSO LAVA BEM CAMPESTRE 500ML,524.0,2303.99
AMACIANTE CONCENTRADO DOWNY LIRIOS DO CAMPO FRAS 12X1L 12L,9.0,2301.91
LIMPADOR DE VIDRO OESTE 500ML,513.0,2301.67
AMACIANTE DILUIDO LIMPA MIL FLORES DE ROSA 2L,384.0,2300.92
TIRA MANCHA OMO ROUPAS BRANCAS E COLORIDAS S/CLORO 450ML,162.0,2300.91
DESINFETANTE DIA A DIA EUCALIPTO 140ML,164.0,2299.25
DETERGENTE LIQUIDO YPE CLEAR 2X500ML + 50%GT ESPONJA,331.0,2297.9
CLORO SAO PAULO 5LT,115.0,2295.76
LIMPADOR PERFUMADO GUIMARAES JASMIN E ALGAS MARINHAS 5L,67.0,2294.54
SABAO LIQUIDO GLORIA COCO 2L,189.0,2294.15
DESINFETANTE BAK YPE LAVANDA 12X1L,63.0,2293.8
DESINFETANTE ALVEX LAVANDA 5L,192.0,2293.29
AGUA SANITARIA MAXIMO FRASCO 1L,682.0,2292.44
LIMPADOR MULTIUSO MARILUX TRADICIONAL ADVANCED 500ML,550.0,2292.19
DESENGORDURANTE VATZ 500ML,294.0,2290.9
DESINFETANTE UNIC LIMP LAVANDA 2L,583.0,2290.8
AMACIANTE DILUIDO MON BIJOU MAIS PROTECAO 6X1.7L,63.0,2289.64
LIMPADOR ESSENCIA FLORESTA ALFAZEMA 100ML,356.0,2287.99
AMACIANTE DILUIDO SUAVE LAR BRICANDEIRA DE CRIANCA 2L,295.0,2285.64
DESINFETANTE ZUPP CHA DE FRESCOR 500ML,572.0,2285.54
DESINFETANTE PET BENZOCREOL LT 1L,49.0,2285.26
DESINFETANTE NIDA CLEAN TRADICIONAL 2L,208.0,2284.53
DESINFETANTE GLOBO EUCALIPTO 2L,327.0,2284.23
SABAO EM PO ABSOLUTO COCO 25X400G,57.0,2280.0
LIMPADOR DE VIDRO ASA LESTE GATILHO 750ML,176.0,2279.85
AMACIANTE DILUIDO LIMPE BEM  NEVE 5L,165.0,2278.72
LIMPEZA PESADA DESOMAX LIMPA PEDRA 2L,106.0,2277.45
LIMPADOR MULTIUSO JIMO DESENGRAXANTE SPRAY 500ML,86.0,2276.98
AMACIANTE CONCENTRADO VINAGREEN COCO 1L,138.0,2274.87
DESENGORDURANTE ZAVASKI LARANJA GATILHO 500ML,157.0,2274.42
SABAO LIQUIDO RICLEY SOFT 5L,114.0,2274.42
DESINFETANTE ESTRELA MARINE 2L,339.0,2274.28
DESINFETANTE BRILHO MIL FLOR DO CAMPO 2L,389.0,2271.01
DETERGENTE LIQUIDO SOL CRYSTAL NEUTRO 500ML,1236.0,2270.54
CLORO AGIFACIL 5L,113.0,2269.74
AMACIANTE DILUIDO REMMUS CARINHOSO 2L,316.0,2267.55
SABAO EM PO LAVANDEIRA ROUPA CASA E BANHEIRO 400G,1205.0,2265.3
DETERGENTE LIQUIDO ESFRELUX NEUTRO 5L,109.0,2264.75
DESINFETANTE ALVEJAX CAMPESTRE 2L,329.0,2263.72
LIMPADOR PERFUMADO NIDA LAVANDA 500ML,422.0,2263.5
SABAO EM PO MINUANO MAXIMO CUIDADO SH 10X1.6KG,170.0,2261.2
LIMPADOR DE VIDRO GITANES GATILHO 500ML,170.0,2259.24
SABAO LIQUIDO BARRA ECOCLEAN 500ML,214.0,2257.68
AGUA SANITARIA BOM BRILHO 1L,656.0,2257.56
LIMPADOR MULTIUSO BECKER COZINHA 500ML,384.0,2256.82
DESINFETANTE KINTANA PINHO 2L,324.0,2255.55
SABAO EM PO APYCE MULTIACAO 800G,485.0,2255.08
AGUA SANITARIA REAL CASEIRUS 5L,190.0,2250.99
LIMPADOR PERFUMADO ALPES BEM ESTAR 500ML,470.0,2250.88
DESINFETANTE ZAVASKI JASMIM 5L,112.0,2250.22
LIMPADOR PERFUMADO ROSAMAX ENCANTO 1L,343.0,2247.25
SABAO LIQUIDO MASCIMO PARA USO 1L,202.0,2246.08
AMACIANTE DILUIDO CLASSY PLUS AZUL TERNURA 6X2L,75.0,2245.37
SABAO EM PO LUME MAXX LAVANDA 4KG,162.0,2244.89
SABAO LIQUIDO CAMPESTRE BAMBOO 5L,108.0,2244.62
LIMPADOR PERFUMADO BARBAREX SEFE OCEAN 1L,298.0,2244.6
LIMPADOR ESSENCIA AROMATEC BABY 120ML,286.0,2243.42
DESINFETANTE BAK YPE FLORAL 12X1L,52.0,2242.9
LIMPADOR PERFUMADO LIMPA JA FLORAL 500ML,1193.0,2242.83
AGUA SANITARIA FC AMARELA 12X1L,83.0,2242.08
DESINFETANTE ZAVASKI EUCALIPTO 500ML,627.0,2241.2
LIMPADOR ESSENCIA PROEZA SPRAY LAVANDA 120ML,215.0,2240.84
CLORO CLARIX 1L,489.0,2240.28
AMACIANTE DILUIDO DESOMAX FLORAL 5L,171.0,2237.45
DETERGENTE LIQUIDO LG 5L,104.0,2234.96
LIMPADOR DE VIDRO PLIN 500ML,195.0,2233.65
CLORO MAGIC 2L,249.0,2232.05
LIMPADOR ESSENCIA NOGUEIRA CITRONELA 250ML,198.0,2228.74
AGUA SANITARIA ATTIVO 5L,209.0,2228.27
LIMPADOR PERFUMADO GUIMARAES ROMANCE 5L,71.0,2227.49
DETERGENTE LIQUIDO COMBATE NEUTRO 2L,257.0,2225.61
AGUA SANITARIA CLORADA BRANCO 12X1L,852.0,2225.05
AMACIANTE DILUIDO KIMAX CARINHO 2L,290.0,2224.66
CLORO CLOR UP TABLETE 200G,252.0,2224.39
DETERGENTE LIQUIDO ASCERTE LARANJA 500ML,1253.0,2222.7
DESINFETANTE COALA CONCENTRADO ALGAS MARINHAS 3EM1 120ML,137.0,2222.07
LIMPADOR PERFUMADO LEVO PINHO 500ML,563.0,2220.57
LIMPADOR MULTIUSO ILUSTRE FRESH 500ML,769.0,2219.99
CLORO ATIVO BIG SOFT 1L,546.0,2219.64
SABAO LIQUIDO PURE FRESH TRAD 5L,91.0,2219.35
AMACIANTE CONCENTRADO FOFO CHEIRO INFANTIL FRASCO 500ML,191.0,2218.54
SABAO LIQUIDO DORIGON COCO 5L,75.5,2218.53
DESINFETANTE BOLTZ LAVANDA 2L,376.0,2216.94
AGUA SANITARIA TEIU 12X1L,101.0,2214.45
HTH REDUTOR DE PH P PISCINAS 1L,50.0,2213.98
DETERGENTE LIQUIDO BRILHALUMINIO MACA CLEAR 500ML,563.0,2213.74
DESINFETANTE MARINA EUCALIPTO 1L,474.0,2212.72
DESINFETANTE DAFLOR PASTA DE PINHO 1L,247.0,2210.64
"AMACIANTE DILUIDO ALEGRIA ZUPP 1,8L",235.0,2207.99
LIMPADOR PISCINA AQUAPOOL CLARIFICANTE E DECANTADOR 5L,25.0,2206.84
DESINFETANTE GBEL TALCO 2L,306.0,2202.89
DESINFETANTE SARITA TALCO 2L,239.0,2201.73
SABAO LIQUIDO RAJJA NEUTRO 5L,125.0,2201.12
DESINFETANTE BIO-KRISS EUCALIPTO 500ML,1103.0,2200.73
LIMPADOR PERFUMADO BIG SOFT EMOCAO 500ML,607.0,2196.26
LIMPADOR PERFUMADO KIMAFLOR TERNURA DE INFANCIA 1L,309.0,2195.36
LIMPADOR PET SANOL CAT ELIMINADOR ODORES SPRAY 500ML,210.0,2195.08
DESINFETANTE LIMPA BEM LAVANDA 2L,403.0,2190.76
DESINFETANTE LIMPS LAVANDA 2L,328.0,2190.68
AMACIANTE CONCENTRADO ZULU ALGODAO 1L,182.0,2190.44
LIMPADOR PERFUMADO PLIN ALECRIM E BAMBU 200L,171.0,2189.94
DETERGENTE LIQUIDO TOP CLEAR NEUTRO 500ML,1513.0,2189.08
DESENGORDURANTE KI CHEF LIMPA GRELHA 500ML,108.0,2188.88
DESINFETANTE LUMINOSA LAVANDA 2L,539.0,2188.19
AMACIANTE DILUIDO PUFF SENSACAO 2L,237.0,2187.81
DETERGENTE LIQUIDO BARRIGA VERDE NATURAL NEUTRO 5L,68.0,2185.32
LIMPADOR PERFUMADO CASAFLOR INTUITIVE 6X1.75L,45.0,2181.84
AMACIANTE DILUIDO PUFF BLUE INTENSE 500ML,634.0,2181.11
AMACIANTE DILUIDO OTYMA AZUL 2L,672.0,2180.96
LIMPEZA PESADA PONTAL ACIDO MURIATICO 1L,333.0,2179.72
DETERGENTE LIQUIDO LAVANDEIRA LIMAO 500ML,1807.0,2179.6
DESINFETANTE IMPERIAL PINHO 2L,340.0,2178.44
AMACIANTE DILUIDO ENVOLV AMARELO 2L,320.0,2176.96
SABAO LIQUIDO CLEAR MAX 3 EM 1 CLEAR MAX 2L,95.0,2173.22
DESINFETANTE CLARUS SILVESTRE 500ML,646.0,2173.12
DETERGENTE LIQUIDO TANLUX LIMAO 2L,339.0,2172.84
LIMPADOR PERFUMADO GUIMARAES PRIMAVERA 1L,107.0,2172.02
LIMPADOR PERFUMADO GUIMARAES BUQUE LAVANDA 5L,69.0,2171.7
DESINFETANTE TRID EUCALIPTO 2L,273.0,2171.68
DESINFETANTE RADIANTE PINHO GEL CAPIM E LIMAO 1KG,369.0,2170.5
CLORO MAX CLEAR 1L,372.0,2170.42
DETERGENTE LIQUIDO ESTRELA NEUTRO 500ML,904.0,2170.3
SABAO LIQUIDO MEU LAR COCO 1L,129.0,2170.23
PERCARBONATO MAIS BRILHO PERCARBONATO SODIO 1KG,62.0,2169.38
AMACIANTE CONCENTRADO ODD HARMONIA 1L,120.0,2168.69
REMOVEDOR MURIAX 1LT,187.0,2167.98
LIMPADOR DE VIDRO CLARUS REFIL 500ML,280.0,2167.03
DECANTADOR SULFATO,192.0,2166.42
SABAO LIQUIDO EXIGENTE EXPERT BLUE 5L,63.0,2162.03
DECANTADOR SULF ALUMINIO RODO QUIMICA 1KG,137.0,2160.79
CLORO FAZ 1KG HIDROAZUL,53.0,2159.97
LIMPADOR MULTIUSO BRILUX CAP LIM/ERVA DOCE SQZ P500ML L750ML,691.0,2159.08
"SABAO EM PO ASSIM TRIPLA ACAO 9X1,6KG",21.0,2158.34
SABAO LIQUIDO ZAP CLEAN ROUPAS INTIMAS 500ML,190.0,2157.92
LIMPADOR PET DOCTOR ANIMAL ELIMINADOR ODORES CITRONELA 500ML,103.0,2156.29
"DESINFETANTE INVICTO LAVANDA 1,8L",196.0,2156.04
LIMPADOR PERFUMADO LIMPA MIL LAVANDA GEL 1L,215.0,2154.2
AGUA SANITARIA BE ATIVO 1L,590.0,2154.19
SABAO LIQUIDO SO AROMA 2L,230.0,2153.9
REMOVEDOR AGUARAS CENAP 495ML,127.0,2153.56
CLORO CRISTAL 5 L,91.0,2152.65
CLORO INCOLOR TUPA 1L,492.0,2152.02
CLORO GRANULADO PACE HT ACAO TOTAL 10KG,8.0,2152.0
DESINFETANTE MAIS Q BOM FLORAL 2L,412.0,2151.92
DETERGENTE LIQUIDO MASSIMO CAMPO CITRICOS 1L,362.0,2150.89
SABAO EM PO ALA ROSAS E FLOR DE LIS 5 EM 1 SACHE 27X500G,27.0,2150.55
ALVEJANTE CENAP SEM CLORO PREMIUM 2L,125.0,2150.23
LIMPADOR MULTIUSO CLASSE A LAVANDA 500ML,591.0,2149.96
AMACIANTE DILUIDO DESOMAX SOFT MAX 2L,339.0,2149.41
LIMPADOR PERFUMADO YSO LIS 2L,323.0,2148.55
LIMPEZA PESADA BARBAREX CLORO EM GEL 5KG,70.0,2148.53
DESINFETANTE ALVEJAX PINHO 2L,321.0,2146.96
DETERGENTE LIQUIDO ASTOLLI MACA 2L,364.0,2146.52
LIMPEZA PESADA SANOL PRO POS OBRA 1L,117.0,2140.44
SABAO LIQUIDO IDEAL 5L,119.0,2140.31
LIMPADOR PISCINA BEL ALGICIDA PLUS 2 EM 1 5L,19.0,2139.84
DESINFETANTE ESFRELUX EUCALIPTO 2L,286.0,2138.75
AMACIANTE DILUIDO AMACILUX MACIEZ E CARINHO 2L,261.0,2136.37
LIMPADOR PERFUMADO ALPES LEMBRANCAS DA INFANCIA 500ML,467.0,2135.53
SABAO LIQUIDO LG QUIMICA COCO 5L,89.0,2135.11
AGUA SANITARIA LERTOFF 1L,502.0,2133.7
LIMPADOR ESSENCIA FLORESTA VIOLETA 100ML,348.0,2132.83
"DETERGENTE LIQUIDO ARCOVERDE NEUTRO 1,8L",261.0,2131.8
DETERGENTE LIQUIDO BRILHO MIL LIMAO 2L,373.0,2130.61
LIMPADOR PERFUMADO LEVO MIL FLORES 2L,329.0,2129.2
DESINFETANTE CASA PERFUMADA PINHO 2L,315.0,2127.84
ALGICIN CHOQUE RODO 1L,87.0,2126.53
LIMPADOR PERFUMADO ZUPP BRISA CALMANTE 500ML,367.0,2125.64
AMACIANTE DILUIDO CLARUS ALOE VERA 2L,317.0,2125.15
DESINFETANTE CAMPESTRE COMFORT 2L,353.0,2124.57
DESINFETANTE BRILHO MIL LAVANDA 2L,365.0,2124.15
LIMPADOR MULTIUSO LIMPE BEM ORIGINAL 500ML,547.0,2124.12
REMOVEDOR REMOCLEAN INSTANTANEO 1L,171.0,2124.09
DETERGENTE LIQUIDO LIMPOL COCO 12X500ML,1056.0,2122.56
AMACIANTE DILUIDO MONTE LAGOS SOFT BLUE 2L,354.0,2122.49
LIMPADOR PERFUMADO MAXPOL MATINAL 2L,387.0,2122.23
LIMPADOR PERFUMADO TRIEX FRESCOR CASA E PERF 1L,289.0,2121.24
"AMACIANTE CONCENTRADO AQUAFAST ROSA ROMANCE 1,5L",106.0,2117.57
SABAO PO OMO LAVAGEM PERF SCH 400G,288.0,2117.52
AMACIANTE DILUIDO CERGRAN 5L,128.0,2112.38
LIMPADOR MULTIUSO AGIFACIL CITRUS 500ML,642.0,2111.48
DESINFETANTE BOLTZ FLORAL 500ML,706.0,2111.26
LIMPADOR PERFUMADO VEJA PERFUMES AROMA SENSE ENERGIA 2L,85.0,2110.85
DETERGENTE LIQUIDO LIMPEBEM NEUTRO 1L,543.0,2110.76
AMACIANTE DILUIDO IMPERIAL AZUL 2L,360.0,2110.09
AMACIANTE DILUIDO LIMPA MIL VIOLETA 2L,349.0,2109.19
LIMPADOR PERFUMADO ROSAMAX COM QUEROSENE BAMBU 1L,324.0,2107.55
DESINFETANTE MIL JASMIM 2L,332.0,2107.35
CLORO CRYSTAL QUIBENNE 3KG BD,20.0,2107.1
AMACIANTE DILUIDO PUFF ROUPA HIPOALERGENICO 2L,221.0,2106.46
LIMPADOR PERFUMADO GEO CALM 1L,255.0,2106.04
DESINFETANTE ECONOMICO PINHO 12X1L,46.0,2105.52
AMACIANTE DILUIDO LIMPA MIL ACONCHEGO 5L,141.0,2104.79
DESINFETANTE PRINCESA LAVANDA 1L,603.0,2104.63
AMACIANTE CONCENTRADO BARBAREX PAIXAO 500ML,260.0,2102.75
LIMPADOR PERFUMADO BRILHA SUL ROMANCE 1L,291.0,2101.71
LIMPADOR PERFUMADO BLEACH CAMPESTRE 500ML,219.0,2101.38
DESINFETANTE DESOMAX ALFAZEMA 2L,386.0,2099.75
DESINFETANTE ESFRELUX PINHO 2L,262.0,2096.72
DETERGENTE LIQUIDO BIOWASH CAPIM LIMAO 650ML,104.0,2096.58
SABAO LIQUIDO INTIMISS NEUTRO INTIMAS E DELICADAS 500ML,136.0,2096.52
DESINFETANTE DIA A DIA FLORES DO CAMPO 140ML,150.0,2095.75
DESINFETANTE LIDER LAVANDA 5L,139.0,2095.22
LIMPADOR DE VIDRO UTIL GATILHO 500ML,217.0,2094.66
DESINFETANTE TOP MIL LAVANDA 5L,136.0,2092.14
AMACIANTE DILUIDO EPORT AZUL 1L,585.0,2087.52
DESINFETANTE PONTAL FLORAL 2L,269.0,2087.21
DETERGENTE LIQUIDO TOP CLEAN LIMAO 500ML,1458.0,2084.15
ALVEJANTE LAR SEM CLORO PARA ROUPAS COLORIDAS 2L,192.0,2084.1
ALVEJANTE LIMPLEX SEM CLORO 5L,109.0,2083.61
DESINFETANTE IMPERIAL LIMAO 5L,137.0,2083.08
SABAO LIQUIDO HIGILAR MULTIACAO 2L,147.0,2081.75
ALVEJANTE BUFALO PERFUMADO COM LAVANDA 1L,759.0,2081.09
LIMPADOR PERFUMADO ACUCENA FLORAL ROSA 2L,221.0,2080.95
SABAO LIQUIDO SAO PAULO LIQ CONFORT 5L,73.0,2080.37
DESINFETANTE CLARUS TRADICIONAL 2L,261.0,2079.39
DETERGENTE LIQUIDO DORIGON NEUTRO 5L,83.33336,2076.44
"SABAO EM PO MINUANO MAX. LIMPEZA 10X1,6KG",16.0,2075.83
DESINFETANTE LIMPS LAVANDA 5L,174.0,2075.81
TIRA MANCHA FLUMINENSE 450G,139.0,2074.48
DESINFETANTE STILL CLEAN CAMPESTRE 2L,419.0,2073.76
REMOVEDOR BRASIL 500ML,257.0,2070.79
AMACIANTE DILUIDO ROUPAS CONFORTEX  DORIGON 2L,259.0,2070.69
SABAO LIQUIDO ATTIVO TRADICIONAL 5L,72.0,2069.51
LIMPADOR PISCINA BEL CLARIFICANTE E AUXILIAR FILTRACAO 5L,22.0,2069.09
AMACIANTE DILUIDO FOFURA AZUL 2L,235.0,2068.58
SABAO LIQUIDO NATURESSE CONCENTRADO 1L,117.0,2068.57
SBL BRILHANTE BRILHO ATIVO SC 1000ML,297.0,2065.19
SABAO EM PO TIXAN YPE PRIMAVERA SC 12X400G,34.0,2064.48
AMACIANTE CONCENTRADO BELEM AZUL 5L,115.0,2064.26
DESINFETANTE PRINCESA JASMIM 1L,573.0,2063.97
SABAO LIQUIDO MAZZUR ALCOOL 2L,150.0,2063.13
SABAO EM PO LIPON 1KG,420.0,2063.11
AGUA SANITARIA CLORINDA 2L,284.0,2062.59
DESINFETANTE MAIS Q BOM BRISA 5L,159.0,2061.77
LIMPADOR DE VIDRO CENTRALSUL TELAS 30ML,95.0,2060.95
DETERGENTE LIQUIDO SOLIMP LIMAO 2L,336.0,2058.52
DESINFETANTE MAIS Q BOM LAVANDA FREE 5L,159.0,2057.37
LIMPADOR MULTIUSO BIO-KRISS 500ML,658.0,2054.76
LIMPADOR PET DOCTOR ANIMAL ELIMINADOR DE ODORES OXY 500ML,215.0,2054.06
DESINFETANTE BRINORT EUCALIPTO 500ML,943.0,2053.87
DESINFETANTE PONTAL TALCO BLUE 2L,264.0,2053.21
LIMPADOR ESSENCIA PROEZA CITRONELA 120ML,243.0,2053.04
AGUA SANITARIA ARI BRILHO SOLAR 5L,191.0,2046.08
REDUTOR DE PH CRIS AGUA 1L,108.0,2045.62
ALVEJANTE BRILUX MULTI LV1L PG900ML 12X1L,50.0,2045.2
LIMPADOR MULTIUSO ESTRELA TRADICIONAL 500ML,519.0,2044.41
PISC HIDROFLOC 5L IMPORTADO,26.0,2043.85
ELEVADOR DE PH 1L HTH,79.0,2043.8
CLORO NEOCLOR PASTILHA 200G,306.0,2041.87
EDUCADOR PET PET CLEAN XIXI STOP 500ML,85.0,2041.56
AGUA SANITARIA BOM FORT 2L,412.0,2041.39
AGUA SANITARIA STORK GALAO 5L,135.0,2041.24
LIMPEZA PESADA AZULIM TIRA FERRUGEM BLISTER 50ML,228.0,2040.71
SABAO LIQUIDO EXIGENTE WHITE CARE 5L,62.0,2040.54
SABAO LIQUIDO AQUA PLUS COCO 5L,107.0,2039.51
AGUA SANITARIA ULTRA MAIS 1L,760.0,2038.74
CLORO MONTREAL LIGHT BLUE 1KG,108.0,2038.35
CLORO LIMPE BEM GALAO 5L,103.0,2038.32
LIMPADOR MULTIUSO BRAVO PISO LAMINADO 400ML,130.0,2038.26
SABAO LIQUIDO LIPON BRANQUEADOR 3L,104.0,2036.71
LIMPADOR PERFUMADO POLY BRIL MATINAL 2L,389.0,2036.22
DESINFETANTE AZULIM EUCALIPTO 500ML,492.0,2035.48
"DESINFETANTE POLITRIZ LIMAO 6X1,75L",85.0,2035.27
AMACIANTE DILUIDO AUDAX CLASSICO 2L,260.0,2034.9
SABAO LIQUIDO NOVO LAR COCO 5L,66.0,2033.57
DESINFETANTE OTYMA LAVANDA 2L,546.0,2031.26
AMACIANTE DILUIDO NOVO BRILHO LAVANDA 500ML,516.0,2031.19
LIMPADOR PET PET CLEAN  ELIMINADOR DE ODORES CITRONELA 2L,139.0,2030.77
DETERGENTE LIQUIDO ASCERTE CLEAR 500ML,1108.0,2030.6
SABAO LIQUIDO RETIRO OCEANO 2L,185.0,2030.59
DETERGENTE LIQUIDO DAS NEVES LIMAO 5L,121.0,2030.41
DESINFETANTE TRID LAVANDA 90ML,518.0,2030.28
AMACIANTE DILUIDO YSO AZUL 2L,292.0,2026.43
DESINFETANTE DESOMAX TALCO 2L,372.0,2025.88
DESINFETANTE SUPREMA OCEANIC 6X2L,82.0,2025.22
AGUA SANITARIA POLYMIX 5L,168.0,2024.13
DESINFETANTE BIO-KRISS EUCALIPTO 5L,146.0,2022.39
DESINFETANTE LYSOFORM LAVANDA 5L,33.0,2019.7
"SABAO EM PO CLASSY PLUS SACHE 1,6KG",219.0,2018.23
DETERGENTE LIQUIDO MAXLIMP MACA 2L,351.0,2017.74
SABAO LIQUIDO LAVA ROUPAS SULIMP 5L,75.0,2017.5
ALVEJANTE VITORIA SEM CLORO 5L,86.0,2016.74
DETERGENTE LIQUIDO CAMPESTRE NEUTRO 5L,140.0,2015.7
AMACIANTE CONCENTRADO GEO PAIXAO 500ML,218.0,2014.66
DESINFETANTE COMBATE LAVANDA 2L,234.0,2012.0
DETERGENTE LIQUIDO LIMPA BEM MACA 2L,318.0,2011.21
SABAO EM PO ALA CUIDADO DO COCO 5 EM 1 16X800G,20.0,2010.12
DETERGENTE LIQUIDO YSO NEUTRO 500ML,1007.0,2009.13
DESINFETANTE ECONOMICO LAVANDA 24X500ML,36.0,2008.8
LIMPADOR DE VIDRO BLEACH REFIL 500ML,257.0,2007.99
AMACIANTE CONCENTRADO NIDA AZUL 1L,125.0,2006.39
LIMPADOR PERFUMADO BUFALO FLORAL 500ML,483.0,2004.88
SABAO EM PO SACHE PONTAL COCO 500G,631.0,2004.66
LIMPEZA PESADA PEDREX LIMPA PEDRAS 6X2L,21.0,2003.5
DESINFETANTE TODO BOM LAVANDA 500ML,618.0,2003.19
SABAO LIQUIDO CONCENTRADO SAIF COCO 3L,75.0,2002.59
DESINFETANTE BARBAREX BEOGRAFIA DE 2L,351.0,2002.38
TIRA MANCHA RADIANTE PARA ROUPAS BRANCAS 450G,83.0,2000.94
LIMPADOR ESSENCIA BARBAREX EUCALIPTO 120ML,204.0,2000.85
LIMPADOR PET POWERDOG ELIMINADOR DE ODORES LAVANDA 2L,110.0,1999.7
DETERGENTE LIQUIDO DESOMAX CLEAR 500ML,1033.0,1998.81
AMACIANTE DILUIDO POLLUX 2L,293.0,1997.27
AGUA SANITARIA TIRODOR 1L,915.0,1997.16
TESTE PISCINA PH CLORO GENCO,32.0,1996.17
SABAO EM PO TIXAN YPE ANTIBAC SC 800G,196.0,1995.22
DESINFETANTE PINHO SOL LAVANDA L500P450ML 12X500ML,23.0,1994.0
SABAO LIQUIDO ODD COCO 5L,47.0,1993.63
AMACIANTE DILUIDO ATOL JARDIM PERFUMADO 500ML,597.0,1993.48
SABAO EM PO LAVABEM LAVANDA 1.6KG,135.0,1991.26
DESENGORDURANTE FORTA LIMPA GRILL GATILHO 500ML,105.0,1990.98
LIMPADOR PET PET CLEAN  ELIMINADOR DE ODORES LAVANDA 2L,128.0,1990.59
AMACIANTE DILUIDO ESTRELA BRISA 2L,252.0,1989.72
SABAO LIQUIDO CONCENTRADO PONTAL COCO 500ML,285.0,1989.19
ALVEJANTE QBOA C/CLORO FLORAL 6X2L,54.0,1988.59
DESINFETANTE NOVO LAR LAVANDA 2L,290.0,1987.59
SABAO EM PO UZE CLEAN FLOR IPE 5KG,150.0,1985.0
"SABAO EM PO LUME MAXX FLORAL 1,7KG",313.0,1984.88
LIMPADOR PERFUMADO GOTA LIMPA LAVANDA 2L,130.0,1983.81
LIMPADOR MULTIUSO KIMAX TRADICIONAL 500ML,494.0,1983.65
AGUA SANITARIA PERFECT 2L,357.0,1983.34
DESINFETANTE SUPREMA FLORES DO CAMPO 6X2L,81.0,1983.1
AGUA SANITARIA PERFECT VERDE 1L,581.0,1981.86
DESINFETANTE TAQLIMPO CAPIM CHEIROSO 2L,193.0,1981.12
AMACIANTE DILUIDO COMFORT CLASSIC 500ML,309.0,1981.07
DESINFETANTE LISTAL PINHO 1L,214.0,1980.62
DETERGENTE LIQUIDO ATRIUS MACA 1L,474.0,1980.34
SABAO EM PO CASA KM COCO ROUPAS DELICADAS 400G,94.0,1979.83
DESINFETANTE RADIANTE SENSACAO 500ML,692.0,1978.98
LIMPADOR PERFUMADO CASAFLOR PASSION 6X1.75L,41.0,1976.86
LIMPADOR MULTIUSO GIOCA LIMAO 500ML,439.0,1976.56
DESINFETANTE GLORIA PINHO 2L,265.0,1975.73
LIMPADOR PERFUMADO CASAFLOR NATURE 6X1.75L,41.0,1974.24
LIMPADOR PET CASA E PETS ELIMINADOR ODOR PURO FOFURINHA 2L,113.0,1972.52
DESINFETANTE DELTA LIMP LAVANDA 500ML,591.0,1972.23
DESENGORDURANTE GUIMARAES DESENGORDURANTCHE DX-30 500ML,136.0,1972.19
DESINFETANTE DRAGAO EUCALIPTO 1L,591.0,1971.03
DESINFETANTE EPORT AMOR PERFEITO 5L,159.0,1970.86
SABAO LIQUIDO PLIN SACHE COCO 900ML,216.0,1970.68
LIMPADOR PERFUMADO HIPER PLUS LIMAO 2L,266.0,1969.76
SABAO LIQUIDO IMPERIAL COCO 2L,147.0,1968.28
DETERGENTE LIQUIDO TAQLIMPO LIMPA TUDO 2L,142.0,1967.77
LIMPADOR PERFUMADO BLEACH AMORE 500ML,405.0,1966.58
DESINFETANTE SARITA LAVANDA 2L,211.0,1965.07
DESINFETANTE NIDA FLORAL 5L,85.0,1964.45
DESINFETANTE EPORT PINHO 5L,162.0,1964.25
AGUA SANITARIA KOKINOS 1L,789.0,1961.77
DESINFETANTE PET LYSOFORM PETS ORIGINAL 1L,113.0,1961.47
AGUA SANITARIA BAH 5L,173.0,1961.36
DESINFETANTE PONTAL GIOVANA 2L,251.0,1960.76
AMACIANTE DILUIDO DORIGON 5L,109.0,1956.78
ALVEJANTE ZAVASKI LAVANDA 2L,277.0,1956.37
LIMPADOR ESSENCIA AROMATEC OLEO DE PINHO 120ML,303.0,1955.45
DETERGENTE LIQUIDO OXENTE COCO 500ML,1400.0,1954.97
GENFLOC CALRIF AUX FILT GENCO 5 L,21.0,1954.83
DETERGENTE LIQUIDO PONTAL MACA 500ML,930.0,1954.21
SABAO LIQUIDO CENAP LIQ FLOR MAT QRENDE 2L,103.0,1953.32
DESINFETANTE KIMAFLOR PRIMAVERA 2L,245.0,1952.96
AMACIANTE DILUIDO MAXPOL AZUL 2L,324.0,1952.21
DETERGENTE LIQUIDO MR BRILHO NEUTRO 2L,307.0,1951.93
SABAO EM PO APYCE MULTIACAO 1KG,316.0,1951.23
AMACIANTE DILUIDO UNIC 2L,387.0,1950.63
LIMPADOR ESSENCIA UAU FLORAL CONCENTRADO 130ML,128.0,1949.8
LIMPEZA PESADA LIMPOL FLORAL 500ML,232.0,1947.29
SABAO LIQUIDO KIMAX PLUS BLUE 1L,193.0,1947.01
DESINFETANTE MIL LAVANDA 1L,489.0,1944.91
LIMPADOR MULTIUSO FREEWAY CRIVIALLI 3 EM 1 300ML,84.0,1944.8
DESINFETANTE RETIRO JASMIM 1L,611.0,1943.11
ALVEJANTE MIL FLORES SEM CLORO 5L,89.0,1943.05
DESINFETANTE LIMPADUA FLORAL 500ML,610.0,1942.55
"SABAO LIQUIDO PLUSH REVOLUTION 1,5L",81.0,1941.12
SABAO LIQUIDO SETE COM ALCOOL COCO BRANCO 900ML,160.0,1941.04
DESINFETANTE LIMPADUA LAVANDA GEL 2L,127.0,1940.48
AGUA SANITARIA CLINEZA 1L,573.0,1940.18
DETERGENTE LIQUIDO PRA VALER CLEAR 500ML,1037.0,1938.93
DETERGENTE LIQUIDO LA VILLE LIMAO 2L,281.0,1937.47
LIMPADOR PERFUMADO KIMAFLOR ROSAS INGLESAS 1L,262.0,1934.58
TIRA MANCHA ZAP CLEAN TECIDOS EM GERAL 50ML,239.0,1934.07
LIMPADOR PERFUMADO UAU CUIDADE E CARINHO PROMO20% 1L,213.0,1933.55
LIMPEZA PESADA POLITRIZ LIMPA PEDRAS 5L,46.0,1932.25
DESINFETANTE ECONOMICO TALCO 2L,344.0,1930.82
LIMPADOR PERFUMADO AMALIA BRISA 500ML,670.0,1930.79
AMACIANTE DILUIDO BABY SOFT TOQUE DE CUIDADO 6X2L,60.0,1930.78
LIMPADOR PERFUMADO SENALAR CEREJA E AVELA 120ML,223.0,1930.56
DESINFETANTE BRINORT PINHO 500ML,920.0,1929.97
LIMPADOR ESSENCIA CONCENTRADO COALA FLORAL 120ML,229.0,1929.77
LIMPADOR PERFUMADO CASAFLOR SERENE 6X1.75L,40.0,1929.16
DESINFETANTE BIANCOLL JASMIM 2L,85.0,1928.01
LIMPADOR PERFUMADO CASAFLOR AMORE 6X1.75L,40.0,1927.2
LIMPADOR PERFUMADO MAIS CASA LAVANDA 1.75L,129.0,1926.66
AMACIANTE DILUIDO KI JOIA PRIMAVERA 5L,129.0,1926.44
AMACIANTE DILUIDO SUPER MAX PREMIUM VERMELHO 5L,157.0,1926.09
AMACIANTE DILUIDO MINUANO TOQUE DE SEDA 6X2L,47.0,1924.83
DESINFETANTE ECONOMICO JASMIM 24X500ML,34.0,1924.56
DESINFETANTE ISABEL FLORAL 1L,682.0,1922.95
LIMPADOR PERFUMADO CASAFLOR DESIRE 6X1.75L,40.0,1922.4
AGUA SANITARIA LIMPE BEM 2L,306.0,1921.1
DESINFETANTE QUALYBRILL LAVANDA 500ML,915.0,1920.78
"DESINFETANTE POLITRIZ EUCALIPTO 6X1,75L",82.0,1919.5
DETERGENTE LIQUIDO SOL LIMAO 500ML,987.0,1918.39
DESINFETANTE LIMPS FLORAL 5L,160.0,1916.73
"SABAO EM PO LUME MAXX COCO 1,7KG",297.0,1915.84
DESINFETANTE AMO NATUREZA 5L,113.0,1914.58
DETERGENTE LIQUIDO MAXPOL EVA DOCE 2L,307.0,1914.52
BICARBONATO DE SODIO BICARBON ROUPA LIMPA 500G,114.0,1914.45
LIMPADOR PISCINA ASTRAL OXYPOWER MULTI 1KG,66.0,1913.99
SABAO LIQUIDO SAO MARCOS TRAD 5L,104.0,1911.56
DETERGENTE LIQUIDO RETIRO NEUTRO 500ML,1055.0,1911.28
LIMPEZA PESADA LUMINEX LIMPA PEDRAS 2L,109.0,1911.14
DETERGENTE LIQUIDO ZAVASKI MACA 5L,94.0,1908.92
"SABAO PO OMO 1,6KG SACHE LAVA. PERFEITA",69.0,1908.81
AGUA SANITARIA DONELY 5L,171.0,1908.76
AMACIANTE DILUIDO LIMPEMAX BLUE 5L,91.0,1906.23
LIMPADOR ESSENCIA KINTANA LAVANDA 100ML,229.0,1906.15
ALVEJANTE GOTA LIMPA LAVANDA 2L,202.0,1906.03
DESINFETANTE BIO-KRISS TALCO 2L,334.0,1904.48
DESINFETANTE CAMPESTRE EPORT 5L,156.0,1903.19
DESINFETANTE ALVEX PINHO 500ML,282.0,1901.32
LIMPADOR ESSENCIA CAMPO BELO OLEO DE EUCALIPTO 100ML,404.0,1900.55
AMACIANTE DILUIDO LIDER AZUL 5L,107.0,1900.43
"AMACIANTE DILUIDO YPE TERNURA 6XLV2L PG1,6L 12L",44.0,1900.06
SABAO EM PO MARILUX SUAVE 500G,923.0,1899.7
LIMPADOR PERFUMADO ESFRELUX FRESCOR 1L,252.0,1898.86
AGUA SANITARIA IDEAL C/SODIO 1L,1001.0,1898.3
SABAO LIQUIDO ARES COCO 5L,86.0,1897.94
AMACIANTE DILUIDO DULAGO AZUL 1L,603.0,1897.26
DETERGENTE LIQUIDO AGIFACIL NEUTRO 5L,96.0,1896.59
TIRA MANCHAS EM PO MON BIJOU 3 EM 1 ROUPAS BRAN/COLOR 350G,145.0,1896.41
ALVEJANTE LIDER SEM CLORO 2L,148.0,1895.6
SABAO EM PO OMO MULTIACAO PODER ACELERADOR 20X1KG,127.0,1892.3
SABAO LIQUIDO UNOLAR COCO 1L,269.0,1891.22
ALVEJANTE AGDA SEM CLORO 2L,198.0,1891.11
SABAO EM PO TUFF 800G,183.0,1890.72
REMOVEDOR TUPI ECO TRADICIONAL 500ML,336.0,1889.5
AMACIANTE DILUIDO IMPERIAL FLORAL 2L,323.0,1888.75
DETERGENTE LIQUIDO LEVO MACA 5L,114.0,1888.3
DESINFETANTE ESTRELA EUCALIPITO 2L,280.0,1887.24
SABAO LIQUIDO LIMPA MIL COCO 1L,170.0,1887.1
ALVEJANTE DORIGON SEM CLORO 1L,274.0,1886.66
SABAO LIQUIDO HR LIFE LIQ 5L,72.0,1886.18
LIMPADOR PET PET LIFE ELIMINADOR DE ODOR FLORES 2L,102.0,1885.34
DESENGORDURANTE UAU 4 EM 1 TECH COZ/DESENG SQUEEZE 500ML,140.0,1884.09
AGUA SANITARIA PONTAL 5L,130.0,1883.05
SABAO LIQUIDO ABA PLUS PERFUME 2L,181.0,1881.45
SABAO LIQUIDO BARRIGA VERDE MULTIACAO 3L,76.0,1880.69
AMACIANTE DILUIDO TRIEL AZUL 2L,369.0,1879.94
AMACIANTE DILUIDO CHEIRO BOM 2L,268.0,1879.7
LIMPADOR PERFUMADO ALPES LEMBRANCAS DA INFANCIA 1L,260.0,1879.11
CLORO BLUMENAU 5L,78.0,1878.36
DESINFETANTE GLOBO LAVANDA 2L,276.0,1878.16
TIRA MANCHA TAY SEM CLORO P/ROUPAS BRANCAS 450G,94.0,1875.79
DESINFETANTE COMBATE CAMPESTRE 2L,213.0,1874.61
DESINFETANTE CASA E CARINHO FLORAL 2L,202.0,1874.3
ALVEJANTE UTILAR SEM CLORO 2L,145.0,1872.31
CLORO GRANULADO 3 MAIS 1 PARA PISCINA 10KG,8.0,1872.0
DETERGENTE LIQUIDO REINO NEUTRO 5L,89.0,1871.0
LIMPADOR DE VIDRO REAX COM ALCOOL GATILHO 500ML,97.0,1870.74
SABAO LIQUIDO LAVANDEX BABY 5L,61.0,1870.72
AMACIANTE DILUIDO DAS NEVES SONHO 5L,112.0,1870.48
DETERGENTE LIQUIDO ODD LIMAO 24X500ML,41.0,1869.6
LIMPADOR DE VIDRO LAVA BEM TRADICIONAL 500ML,366.0,1868.96
CLORO BLUMENAU UTIL 2L,178.0,1867.35
LIMPADOR PERFUMADO ZAVASKI TALCO 1L,202.0,1867.08
DETERGENTE LIQUIDO KLIP 500ML,925.0,1865.77
"DESINFETANTE POLITRIZ PINHO 6X1,75L",78.0,1865.14
LIMP HIPOCLOR 10KG GRANULADO,7.0,1864.94
DESENGORDURANTE LIMPA MAIS LIMAO 500ML,397.0,1864.53
AMACIANTE DILUIDO GIRANDO SOL FLORAL PARIS 2L,204.0,1863.47
DET PO OMO 1KG MULTIACAO PURO CUID,119.0,1861.73
DESINFETANTE KALIPTO FLORAL 500ML,596.0,1861.72
AMACIANTE CONCENTRADO SONHO SENSUAL GARRAFA 500ML,332.0,1861.7
LIMPADOR ESSENCIA LIMPADUA PINHO 200ML,130.0,1861.39
AMACIANTE CONCENTRADO DEOLAINY PERF DE PRIMAVERA 500ML,538.0,1860.62
ALVEJANTE TAY FRESH LEMON 1L,367.0,1860.25
SABAO EM PO MARASCHIN AZUL 1KG,213.0,1857.84
SABAO LIQUIDO MIL FLORES BLUE FRESH 5L,97.0,1857.6
CLORO P  PISCINA 3 EM 1 RODO QUIMICA 1KG,51.0,1856.57
DETERGENTE LIQUIDO LIMPA MIL COCO 2L,303.0,1855.88
SABAO EM PO MINUANO AZUL 400G,474.0,1855.67
DESINFETANTE DIA A DIA PETALAS DE ROSA 140ML,133.0,1855.39
DESINFETANTE LIMPEQ FRAGANCIAS 2L,416.0,1853.4
SABAO EM PO POLYLAR 5KG,56.0,1853.37
LIMPADOR ESSENCIA TUPI CONCENTRADO LAVANDA 120ML,216.0,1852.77
DESINFETANTE BAK YPE EUCALIPTO 12X500ML,49.0,1852.71
DESINFETANTE MAXXY LIMP LAVANDA 5L,181.0,1851.85
DETERGENTE LIQUIDO SUPERMAX 5L,141.0,1851.37
LIMPADOR PERFUMADO GEO MORANGO AMOR 1L,224.0,1851.33
AGUA SANITARIA CONDE 1L,607.0,1851.3
DESINFETANTE LIMPA BEM EUCALIPTO 2L,342.0,1851.19
DESINFETANTE PRINCESA FLORAL 1L,513.0,1851.11
AGUA SANITARIA POLILUZ GALAO 5L,253.0,1847.59
SABAO LIQUIDO ORDEMAX ACIDMAX 5L,22.0,1845.8
SABAO LIQUIDO CATARINA COCO 5L,52.0,1845.21
DESINFETANTE CHEIRO BOM PINHO GEL 1L,227.0,1845.1
AMACIANTE DILUIDO AQUA PLUS CONFORTO 2L,232.0,1844.9
TIRA MANCHA RADIANTE SEM CLORO ROUPAS COLROIDAS 450G,79.0,1843.51
LIMPADOR ESSENCIA DEOLINE CITRONELA 140ML,182.0,1843.34
"AMACIANTE DILUIDO PUFF FLORES DA AURORA 1,5L",211.0,1843.02
DETERGENTE LIQUIDO HIPPER 500ML,1122.0,1840.28
AMACIANTE DILUIDO LIN PIN AZUL FLORAL 2L,522.0,1839.98
LIMPADOR MULTIUSO VEJA ORIGINAL SQZ PG500 LV600ML,354.0,1839.7
LIMPADOR PET BAW WAW ELIMINADOR DE ODORES CITRONELA 2L,108.0,1839.14
SABAO LIQUIDO PRINCESA DUVALE ACONCHEGO 1L,232.0,1838.71
AMACIANTE DILUIDO GLORIA ALGODAO 2L,244.0,1838.48
SABAO LIQUIDO BAH CARINHO ORIGINAL 5L,56.0,1837.94
DESINFETANTE ZULU TRANSLUCIDO LAVANDA 2L,247.0,1837.42
TIRA MANCHA PLUSH PRE LAVAGEM OXY2 500ML,174.0,1837.39
DETERGENTE LIQUIDO LIMPEBEM MACA 1L,481.0,1836.31
SABAO EM PO BRILHANTE LIMPEZA TOTAL PG700G LV800G 800G,191.0,1835.55
LIMPADOR PERFUMADO BLEACH FELICE VERDE 500ML,382.0,1835.45
"CLORO ATIVO SOLARQUIM HIPOCLORITO  1,8L",161.0,1834.51
AMACIANTE DILUIDO COMPRE CERTO 2L,262.0,1834.38
DESINFETANTE ESTRELA FLORES DO CAMPO 2L,253.0,1833.5
LIMPADOR PERFUMADO LEVE BRISA FLORES DE LAVANDA 500ML,316.0,1833.25
SABAO LIQUIDO JOB EM GEL LIMPEZA PESADA 2L,69.0,1832.33
DETERGENTE LIQUIDO ASA LESTE NEUTRO 2L,174.0,1832.14
LIMPADOR PERFUMADO LA VILLE PAIXAO 2L,332.0,1830.73
DETERGENTE LIQUIDO TODO BOM LIMAO 500ML,985.0,1829.49
SABAO LIQUIDO ATRIUS GLICERINA 3L,97.0,1828.89
AMACIANTE DILUIDO ESTRELA ALGODAO 2L,239.0,1828.03
LIMPADOR PERFUMADO RADIANTE FLORES TROPICAIS 500ML,417.0,1826.02
ALVEJANTE SOLARQUIM CONCENTRADO CLORO ATIVO 5L,67.0,1825.94
AMACIANTE DILUIDO NOVO LAR CARINHO 5L,145.0,1825.86
AGUA SANITARIA BE 5L,126.0,1825.73
SABAO LIQUIDO UZZILIM 2L,111.0,1825.6
AMACIANTE DILUIDO GLORIA LIRIO 2L,243.0,1823.81
AMACIANTE DILUIDO BABY SOFT TOQUE SEDUTOR 6X2L,57.0,1822.86
LIMPADOR PERFUMADO ZAVASKI FLORAL 1L,190.0,1822.75
AMACIANTE DILUIDO KIMAX SEDUCAO 2L,238.0,1822.63
SABAO EM PO AMAZON H2O SACHE 1KG,164.0,1822.5
AGUA SANITARIA EFICAZ 1L,468.0,1819.87
LIMPADOR PET COLLIE ELIMINADOR DE ODORES LAVANDA 2L,106.0,1816.27
DETERGENTE LIQUIDO BRASQUIL CLORADO LIMAO 2L,149.0,1816.1
SABAO LIQUIDO RETIRO COCO 1L,320.0,1815.74
LIMPADOR PET PET LIFE ELIMINADOR DE ODOR CITRONELA 2L,104.0,1815.66
DESINFETANTE AZULIM FLORATA 500ML,393.0,1814.09
SABAO LIQUIDO LUME MAXX FLORAL 700ML,410.0,1813.77
DESINFETANTE QUALYBRILL FLORAL 2L,382.0,1811.72
SABAO LIQUIDO CASA LIMPA COCO 2L,78.0,1811.0
DESINFETANTE ALVEJAX JASMIM 2L,259.0,1810.18
DESINFETANTE CLORO GEL QBOA 12X1L,29.1667,1808.94
AMACIANTE DILUIDO COMFORT ECONOMICO 2L,285.0,1808.52
SABAO EM PO TIXAN YPE MACIEZ SC 3KG,53.0,1808.41
REMOVEDOR CERA AMONIAL,139.0,1807.44
LIMPADOR MULTIUSO MARILUX SUAVE MAGIA ADVANCED 500ML,451.0,1806.28
DESINFETANTE EPORT EUCALIPTO 5L,146.0,1806.24
DETERGENTE LIQUIDO QUALYBRILL MACA 500ML,926.0,1805.71
LIMPEZA PESADA TRIOL SUPER LIMPA PEDRAS 2L,110.0,1805.1
DESINFETANTE AGIFACIL FRUTAS VERMELHAS 2L,301.0,1804.93
DESINFETANTE PONTAL CITRUS 2L,229.0,1804.56
LIMPADOR MULTIUSO KIMAX SEDUCAO 1000ML,238.0,1803.11
DESINFETANTE GBEL ERVA DOCE 2L,259.0,1802.01
SABAO LIQUIDO ASA LESTE 2L,90.0,1801.34
DETERGENTE LIQUIDO LAVANDEIRA MACA 500ML,1550.0,1800.96
DESENGORDURANTE FACILLE COZINHA LARANJA REFIL 500ML,144.0,1800.65
LIMPADOR ESSENCIA BELAROMA EUCALIPTO NATURALLIS 140ML,123.0,1798.85
DESINFETANTE ISABEL OCEANO AZUL CLARO 1L,683.0,1798.21
DESINFETANTE JIMO ANTIBAC LAVANDA E ARGAN 1L,96.0,1796.69
LIMPADOR PERFUMADO KAIAK AQUA PLUS 2LT,165.0,1796.1
DESINFETANTE PRATIC LAR CITRUS 2L,228.0,1794.6
ALVEJANTE MIL FLORES SEM CLORO 1L,287.0,1794.47
LIMPADOR PERFUMADO PET PROCAO PANDA MARINE 120ML,175.0,1794.4
SABAO EM PO KLIP ORIGINAL 2KG,132.0,1794.04
LIMPADOR PERFUMADO YSO FLOR DO CAMPO 2L,265.0,1792.08
AMACIANTE DILUIDO MACIO ROSA 2L,255.0,1791.48
LIMPADOR MULTIUSO GEO COM ALCOOL 500ML,250.0,1789.07
BICARBONATO DE SODIO BICARBON ROUPA LIMPA 400G,230.0,1788.23
"DETERGENTE LIQUIDO ARCOVERDE LIMAO 1,8L",215.0,1788.15
LIMPEZA PESADA BRILHEX LIMPA PEDRAS 2L,129.0,1787.06
"SABAO EM PO YPE POWER ACT CX 9X1,6KG",11.0,1786.95
DESINFETANTE JAGUAR JASMIM 2L,410.0,1786.7
AMACIANTE DILUIDO CERGRAN CONFORTO 2L,269.0,1786.23
DESINFETANTE BIO-KRISS VIOLEX 5L,167.0,1784.28
AMACIANTE DILUIDO PUFF BRISA SUAVE 1L,337.0,1784.27
DETERGENTE LIQUIDO INDOV NEUTRO 500ML,1263.0,1782.85
DETERGENTE LIQUIDO GLIMPEX LIMAO 2L,296.0,1780.62
"DESINFETANTE BUFALO JASMIM 6,05L",104.0,1780.03
LIMPADOR DE PISCINA HTH ALGICIDA 2EM1 MANUTENCAO 1L,55.0,1779.11
LIMPADOR MULTIUSO CENTRALSUL 500ML,67.0,1778.33
DESENGORDURANTE BRINORT 500ML,369.0,1778.22
AMACIANTE DILUIDO INDAIA AZUL TRADICIONAL 2L,72.0,1778.02
AMACIANTE CONCENTRADO DOWNY SUAVE E GENTIL FRASCO 500ML,124.0,1777.27
LIMPEZA PESADA BRILHOLAC LIMPA PEDRA 1L,129.0,1775.42
DESINFETANTE BARBAREX SENSACOES 5L,141.0,1773.14
LIMPADOR PERFUMADO MAXPOL EUCALIPTO 2L,324.0,1772.16
LIMPEZA PESADA FIM DE OBRA LIMPA PEDRA 2L,41.0,1771.97
AMACIANTE DILUIDO CAMPESTRE DIVERSOS 5L,116.0,1771.64
AMACIANTE DILUIDO Q LAR ECONOMIC ROSAS 2L,250.0,1766.96
DESINFETANTE MARAJO FLORAL 1L,750.0,1766.91
SABAO EM PO BEM TE VI PERFUME DAS FLORES 27X400G,25.0,1765.18
LIMPADOR PERFUMADO BRILHOLAC LAVANDA 2L,159.0,1765.08
DESINFETANTE LIDER LAVANDA 2L,273.0,1764.33
DESINFETANTE CENAP CAMPESTRE 2L,233.0,1762.01
SABAO LIQUIDO VIDA MACIA 5L,20.0,1760.51
DESINFETANTE HIGILAR PINHO 2L,220.0,1760.47
DETERGENTE LIQUIDO DAS NEVES NEUTRO 5L,106.0,1758.78
SABAO LIQUIDO MAZZU DE ALCOOL PERF 2L,123.0,1757.35
DESINFETANTE PINHO SOL 2X POD. ORIGINAL 3800ML,35.0,1755.04
SABAO EM PO CLARIN COCO 1KG,197.0,1754.67
SABAO LIQUIDO 2L KILIMPEX,159.0,1752.97
CLORO SUPER CLORO DULAR 1L,438.0,1751.51
LIMPADOR ESSENCIA ALVEX CONCENTRADO LAVANDA 140ML,154.0,1751.27
DESINFETANTE MINUANO FLORAL 24X500ML,37.0,1750.86
DETERGENTE LIQUIDO LIMPA BEM NEUTRO 2L,273.0,1749.84
DESINFETANTE ISABEL MIX 1L,633.0,1749.34
DESINFETANTE DULAGO DAMA DA NOITE 2L,296.0,1748.21
AGUA SANITARIA POLITRIZ 12X1L,60.0,1747.74
LIMPADOR PERFUMADO LA VILLE DAMA DA NOITE 2L,312.0,1744.44
DESENGORDURANTE DONA CLARA COZ/DES SPRAY 500ML,479.0,1744.01
DETERGENTE LIQUIDO QUALYBRILL LIMAO 500ML,904.0,1743.25
DESINFETANTE GIOCA EUCALIPTO 5L,91.0,1742.27
DETERGENTE LIQUIDO FONTDAY 440ML,239.0,1740.9
AGUA SANITARIA SAO PAULO GALAO 5L,111.0,1740.76
ELEVADOR DE PH CRIS AGUA 1 LITRO,68.0,1739.38
LIMPADOR ESSENCIA PEREIRA CITRONELA 100ML,180.0,1735.99
DESINFETANTE DORIGON LAVANDA 2L,205.0,1735.49
DESINFETANTE BRANMIX LAVANDA 500ML,555.0,1735.25
LIMPADOR MULTIUSO LAVA BEM FLORAL 500ML,391.0,1734.83
DESINFETANTE MAIS FAMILIA CITRONELA 2L,292.0,1734.51
SABAO EM PO MARASCHIN ATIVA 1KG,195.0,1732.6
DESINFETANTE PINHO TROP CITRUS 500ML,284.0,1732.54
AMACIANTE CONCENTRADO COMFORT  ORIGINAL 1L,89.0,1731.72
DETERGENTE LIQUIDO LAVANDEX MACA 500ML,724.0,1731.46
SABAO LIQUIDO HIGILAR NEUTRO 2L,134.0,1731.26
ALVEJANTE HR SEM CLORO 5L,72.0,1731.23
SABAO EM PO ASSIM BRANCAS E COLORIDAS ANTIBAC 400G,416.0,1730.85
LIMPADOR PERFUMADO ACUCENA LAVANDA 2L,183.0,1729.94
DESINFETANTE ALVEJAX FLORAL 5L,111.0,1729.15
DETERGENTE LIQUIDO OYYO MACA 1L,291.0,1728.0
DESINFETANTE RADIANTE CITRUS 500ML,608.0,1727.97
SABAO EM PO JUA BRANCO INTENSO SACHE 24X500G,26.0,1727.76
AGUA SANITARIA BOM FORT 1L,504.0,1725.16
AMACIANTE DILUIDO MAIS Q BOM INFANCIA 2L,284.0,1724.82
LIMPADOR PERFUMADO ALPES BAMBU E MENTA 1L,241.0,1723.77
AMACIANTE DILUIDO TOCK AZUL 2L,236.0,1722.51
DETERGENTE LIQUIDO VAP LIMAO 500ML,820.0,1721.39
DESINFETANTE ALVEX EUCALIPTO 750ML,215.0,1719.85
LIMPADOR MULTIUSO VEJA LIMPS TRADICIONAL 500ML,792.0,1718.45
AGUA SANITARIA FLORANTE 1L,1129.0,1717.9
LIMPADOR DE VIDRO VATZ LIQUIDO TRAD 500ML,135.0,1717.39
REMOVEDOR PLIN MULT 3 EM 1 1L,186.0,1716.4
"LIMPADOR PET CASAFLOR ELIMINADOR DE ODORES CITRICO 1,75L",89.0,1716.22
LIMPADOR PERFUMADO STILL CLEAN SEDUCAO 1.75L,204.0,1715.62
SABAO EM PO CLARIN MULTIACAO 1KG,277.0,1715.44
ALVEJANTE SILVA SEM CLORO 2L,172.0,1715.36
LIMPADOR ESSENCIA TRES BARRAS CITRIODORA 140ML,175.0,1714.99
LIMPADOR MULTIUSO UM SMARTCLEAN 2L,39.0,1714.98
DESENGORDURANTE SAIF MULTIUSO 5LT,56.0,1712.73
ALVEJANTE POLYMIX SEM CLORO 2L,137.0,1712.34
AMACIANTE DILUIDO KIMAX TERNURA COCO 2L,228.0,1711.86
SABAO LIQUIDO PAMPA COCO 5L,67.0,1711.37
LIMPADOR MULTIUSO DULAR PERFUMADO FLOR DE RUBI 2L,163.0,1710.32
DESINFETANTE AZULIM ALECRIM 5L,71.0,1709.83
DETERGENTE TANLUX MACA 2L,264.0,1708.52
LIMPADOR PERFUMADO GOTA LIMPA LAVANDA 1L,219.0,1707.67
LIMPEZA PESADA ORDEMAX ALCAMAX DETALCALINO CLORADO PLUS 20L,7.0,1707.3
LIMPADOR MULTIUSO MINUANO FLORAL 500ML,326.0,1706.85
LIMPADOR ESSENCIA AZULIM FLORAL 140ML,145.0,1706.84
DETERGENTE LIQUIDO MIL FLORES 500ML,1360.0,1706.4
SABAO LIQUIDO GLICERINA 2L,165.0,1705.24
CLORO PURO STORK 1000ML,365.0,1705.15
AMACIANTE DILUIDO COMBATE SOFT 2L,194.0,1703.55
DESINFETANTE ASTOLLI PINHO 5L,146.0,1703.31
AMACIANTE CONCENTRADO UAU ROSAS E SEDUCAO 12X500ML,22.0,1702.32
LIMPADOR MULTIUSO CRISTAL SOL LAVANDA 500ML,435.0,1701.16
LIMPADOR DE VIDRO POLIAL SQUEZE 500ML,330.0,1700.61
DESINFETANTE LIMPS EUCALIPTO 2L,250.0,1700.4
SABAO LIQUIDO CAMPESTRE COCO 5L,77.0,1698.23
LIMPADOR PET PRIME FULL ELIMINADOR DE ODORES CITRONELA 2L,114.0,1697.47
AMACIANTE DILUIDO POLILUZ ROSA 2L,228.0,1696.69
SABAO LIQUIDO ESSENCIAL COCO 5L,82.0,1695.71
DESINFETANTE LIMPA BEM KAIAK 2L,317.0,1694.83
DETERGENTE LIQUIDO KLIP NEUTRO 500ML,840.0,1693.09
DESINFETANTE AZULIM NEON 500ML,387.0,1692.4
SABAO LIQUIDO LA VILLE BLEU DE DOM 2L,171.0,1692.38
SABAO EM PO BRILHA SUL ROSA 1.6KG,150.0,1692.26
AMACIANTE DILUIDO HIGILAR AZUL 1900ML,239.0,1690.11
SABAO EM PO ASSIM TRIPLA ACAO 20X800G,13.0,1688.8
LIMPADOR ESSENCIA COALA CONCETRADO ALECRIM 120ML,172.0,1687.84
LIMPADOR ESSENCIA COALA CONCENTRADO GLOBULOS 120ML,174.0,1687.54
"DETERGENTE LIQUIDO ARCOVERDE MACA 1,8L",208.0,1687.35
DETERGENTE LIQUIDO BRILLANO LIMAO 500ML,923.0,1685.59
LIMPEZA PESADA DENGO DETERGENTE CLORADO 5L,57.0,1685.56
DESENGORDURANTE ORIENTAL 500ML,364.0,1685.38
LIMPADOR ESSENCIA CONCENTRADO COALA CRAVO E CANELA 120ML,184.0,1684.86
DETERGENTE LIQUIDO MASSIMO MACA VERDE 1L,283.0,1684.08
AGUA SANITARIA AYLAG 1L,508.0,1683.29
LIMPADOR PERFUMADO SENALAR ORQUIDEA NEGRA 120ML,166.0,1683.02
AGUA SANITARIA DA CASA 5L,213.0,1682.87
DESINFETANTE GLOBO FLORAL 2L,241.0,1680.31
LIMPEZA PESADA FOSSA TRAT LIMPA FOSSA ENZIMATICO 400ML,48.0,1679.92
AMACIANTE CONCENTRADO BECKER  FLORES JARDIM 500ML,236.0,1679.36
AMACIANTE DILUIDO BEBE E CARINHO CAMOMILA 500ML,298.0,1679.28
LIMPADOR PERFUMADO YSO LAVANDA 2L,253.0,1678.91
LIMPADOR PET BAW WAW ELIMINADOR DE ODORES TRADICIONAL 2L,97.0,1678.2
CLORO LISTAL 2LTO,184.0,1678.11
DESINFETANTE DULAGO CITRUS 2L,294.0,1675.73
LIMPADOR PET POWERDOG ELIMINADOR DE ODORES CITRONELA 2L,90.0,1674.12
LIMPADOR MULTIUSO LUMINEX LIMPA PISOS E VASOS 1L,108.0,1672.12
CLORO PURO STORK 5L,90.0,1670.68
ALVEJANTE QBOA C/CLORO E DETERGENTE PLUS 6X2L,48.0,1670.32
DESINFETANTE MARAJO LAVANDA 1L,713.0,1670.17
LIMPADOR PERFUMADO ZAVASKI LAVANDA 1L,178.0,1670.09
LIMPADOR ESSENCIA PURA MAGIA CHA BRANCO 140ML,140.0,1669.91
DESINFETANTE PINHO TROP CITRUS LV1L PG900ML 1L,189.0,1669.9
DESINFETANTE RAJJA FLORAL 5L,117.0,1669.19
DESINFETANTE RONDOJET DAMA DA NOITE 5L,97.0,1668.57
DESENGORDURANTE ETANIZ LIMPA GRELHA 1L,71.0,1667.96
LIMPADOR MULTIUSO VATZ LIQUIDO ORIG 500ML,320.0,1667.35
DESINFETANTE STILL FLORAL 5L,148.0,1666.33
LIMPADOR PERFUMADO GOTA LIMPA FLORAL 1L,209.0,1665.29
DESINFETANTE SARITA FLOR PRIMAVERA 2L,181.0,1664.45
DESINFETANTE AGIFACIL 5L,121.0,1662.89
AGUA SANITARIA FACILITA 1L,438.0,1662.07
SABAO EM PO ASTER MULTIACAO 400G,381.0,1660.44
DESINFETANTE PRATICLAR EUCALIPTO 2L,210.0,1659.97
AGUA SANITARIA LOOK LIMP 5L,134.0,1658.66
LIMPADOR PERFUMADO STILL FLORES DE LAVANDA 1.75L,196.0,1657.96
DESINFETANTE NOVO BRILHO TALCO 2L,252.0,1657.8
SABAO LIQUIDO MAX CLEAR AZUL MULIACAO L,242.0,1656.1
TIRA MANCHA ZOMAX SEM CLORO MULTIUSO 2L,106.0,1654.06
LIMPADOR PERFUMADO BRILHA SUL INTENSE 1L,233.0,1654.02
DETERGENTE LIQUIDO KINTANA NEUTRO 500ML,738.0,1653.97
AGUA SANITARIA GLORIA 1L,419.0,1653.06
CLORO QCLOR ULTRA CLEAN BALDE 10KG,8.0,1652.93
DESINFETANTE MARAJO CITRUS 1L,704.0,1652.38
DESENGORDURANTE BRILHA SUL 500ML,216.0,1652.33
SABAO EM PO ASSIM TRIPLACAO EMB ECONOMICA 24X400G,25.0,1650.54
TIRA MANCHA VANISH PO S/CLORO OXI ADVANCE ANTIBAC 390G,45.0,1649.05
AMACIANTE CONCENTRADO BRILHOLAC HARMONIA 1L,115.0,1648.77
AGUA SANITARIA GUNE 2LT,289.0,1647.99
SABAO EM PO URCA MAXX ROUPAS BRANCAS E COLORIDAS PCT 1KG,267.0,1647.78
DETERGENTE LIQUIDO ASSIM LIMAO 500ML,1875.0,1647.46
REMOVEDOR REMOBRIL MULTIUSO TRADICIONAL 1L,183.0,1647.19
LIMPADOR ESSENCIA TUPI CONCENTRADO FLORAL 120ML,198.0,1645.04
LIMPEZA PESADA CRIS AGUA LIMPA PEDRA 2L,33.0,1643.21
DESINFETANTE FACILITA LAVANDA 5L,126.0,1642.34
LIMPADOR MULTIUSO TRID FLOR DE LARANJEIRA 500ML,383.0,1641.52
LIMPADOR PERFUMADO ESFRELUX MISTERIOS 1L,225.0,1640.39
SABAO EM PO ACE ERVA DOCE SC 500G,579.0,1640.23
AGUA SANITARIA NAZARE 2L,300.0,1638.94
LIMPADOR ESSENCIA AROMATEC ALFAZEMA 140ML,168.0,1637.8
REMOVEDOR TUPI PETRO PINHO 500ML,128.0,1637.12
LIMPADOR ESSENCIA COALA CONCENTRADO CHA BRANCO 24X120ML,119.0,1636.96
DESENGORDURANTE KIMAX COZINHA 500 ML,112.0,1635.46
LIMPADOR MULTIUSO VINAGREEN LAVANDA 2L,110.0,1635.16
DESINFETANTE NOVO LAR LAVANDA 5L,130.0,1635.05
LIMPADOR PERFUMADO LIMPA MIL AMOR 2L,202.0,1634.72
LIMPADOR PERFUMADO CASA PERFUMADA BUQUE DE CAMELIA 1L,206.0,1634.61
AGUA SANITARIA HR 300 5L,128.0,1634.24
SABAO LIQUIDO VERDESAN RENOVE 1L,82.0,1631.8
"LIMPADOR PERFUMADO STILL TULIPA NEGRA 1,750ML",186.0,1631.52
DESINFETANTE BARBAREX PINHO 5L,121.0,1631.0
DETERGENTE LIQUIDO VERDESAN NEUTRO 5L,102.0,1630.98
DETERGENTE LIQUIDO CASA CLEAN MACA 1L,238.0,1628.95
LIMPADOR PERFUMADO DULAR BRISA BOTANICA 2L,158.0,1628.38
LIMPADOR ESSENCIA PROEZA TALCO 120ML,196.0,1627.59
LIMPADOR PERFUMADO LEVO AGRADAVEL 500ML,416.0,1627.53
AGUA SANITARIA AYLAG 2L,264.0,1627.39
LIMPEZA PESADA FORTA TIRA FERRUGEM 140ML,97.0,1627.33
AMACIANTE DILUIDO COMFORT BRISA TROPICAL FRASCO 3L,52.0,1626.71
DETERGENTE LIQUIDO RENDE MAIS NEUTRO 500ML,903.0,1626.35
DESINFETANTE ALVEX PINHO 5L,132.0,1626.34
LIMPADOR DE VIDRO ZAP CLEAN PODER E BRILHO REFIL 500ML,175.0,1625.74
DESINFETANTE LIMPA BEM DIA A DIA 2L,306.0,1625.62
ALVEJANTE GOTA FORTE SEM CLORO 5L,76.0,1625.51
SABAO EM PO TIXAN YPE PRIMAVERA 9X2.2KG,9.0,1622.46
DETERGENTE LIQUIDO BIOZ GREEN CAPIM LIMAO 470ML,136.0,1622.11
SABAO LIQUIDO JOB EM GEL EUCALIPTO 2L,96.0,1621.29
REMOVEDOR SAFRA TRADICIONAL 1L,84.0,1620.44
LIMPADOR ESSENCIA MIL AROMAS CEREJA C/AVELA 140ML,124.0,1620.24
AMACIANTE DILUIDO LEVO TOP BABY 2L,211.0,1619.19
SBPO BRILHANTE PCT 500G,163.0,1616.84
DESINFETANTE ECONOMICO CITRUS 24X500ML,29.0,1615.85
LIMPADOR PET SANOL CAT ELIMINADOR ODORES TRADICIONAL 500ML,110.0,1615.8
DESINFETANTE COMBATE FLOR DO CAMPO 2L,189.0,1615.38
AMACIANTE DILUIDO SONHO MAGIC GARRAFA 6X2L,25.0,1614.96
SABAO LIQUIDO RICLEY COCO 5L,80.0,1614.91
DETERGENTE LIQUIDO INVICTO NEUTRO 24X500ML,37.0,1614.05
DETERGENTE LIQUIDO ECONOMICO NEUTRO 24X500ML,28.0,1613.89
DETERGENTE LIQUIDO LIMPOL MACA 500ML,780.0,1613.42
SABAO EM PO ASSIM BRANCAS E COLORIDAS 900G,200.0,1612.95
AGUA SANITARIA SUPER BOA 1L,556.0,1612.84
DETERGENTE LIQUIDO YSO LIMAO 500ML,812.0,1612.15
DESINFETANTE BRILHO MIL TALCO 2L,276.0,1611.69
LIMPADOR PERFUMADO AQUA PLUS BABY 2L,149.0,1610.96
LIMPADOR MULTIUSO TOP CASA LAVANDA 500ML,458.0,1608.39
AGUA SANITATIA SUPER UTIL TRAD 2L,329.0,1608.11
DESINFETANTE RETIRO FLORAL 1L,501.0,1606.97
CLORO LIMP LAR 2LITROS,132.0,1606.93
LIMPEZA PESADA BARRIGA VERDE DESENGRAXANTE 5L,42.0,1606.72
LIMPADOR PERFUMADO BUFALO LAVANDA 750ML,388.0,1605.77
LIMPEZA PESADA STARTGRILL DESINCRUSTANTE 5L,13.0,1605.09
DESINFETANTE AZULIM ABSOLUTTE 500ML,355.0,1604.08
LIMPADOR ESSENCIA CAMPO BELO CITRONELA 100ML,325.0,1602.22
LIMPADOR PET ROSAMAX CITRONELA C/CAPIM LIMAO 2L,148.0,1601.84
DETERGENTE LIQUIDO SAO PAULO CLORADO 5L,61.0,1601.19
ALVEJANTE BUFALO SEM CLORO 400ML,282.0,1599.32
DETERGENTE LIQUIDO YSO MACA 500ML,801.0,1597.9
REMOVEDOR KING PLUS EUCALIPTO 1L,43.0,1597.69
LIMPEZA PESADA SUPER CANDIDA 500ML,222.0,1597.62
REMOVEDOR BARRA FAISCA TRADICIONAL 12X500ML,102.0,1597.56
SABAO EM PO MARILUX 1KG,365.0,1596.65
AGUA SANITARIA DVISAO 5L,87.0,1595.9
LIMPADOR PERFUMADO QUASAR LEVO 5L,127.0,1594.46
DETERGENTE LIQUIDO INDOV MACA 500ML,1140.0,1593.95
"DESINFETANTE UZZILIM LAVANDA 1,75L",219.0,1590.89
SABAO LIQUIDO POLLUX LIQ CARIBE POP 2L,136.0,1588.9
DETERGENTE LIQUIDO HIGILAR NEUTRO 2L,149.0,1588.16
LIMPADOR PERFUMADO LEVO EUCALIPTO 5L,126.0,1588.0
LIMPEZA PESADA VALOR LIMPA PEDRAS 2L,83.0,1587.66
AMACIANTE DILUIDO PUFF RAIO DE SOL 2L,171.0,1585.81
PISCINA CLORADOR FLUTUADOR HIDRASUL,51.0,1585.53
DESINFETANTE TEIU DIRECT COM GATILHO 500ML,166.0,1585.07
DESINFETANTE TRIEL MARINE 5L,159.0,1584.57
SABAO EM PO TIXAN YPE SENSACOES CX 1KG,131.0,1583.81
DESINFETANTE POLITRIZ ALFAZEMA 12X500ML,63.0,1583.45
LIMPADOR PET COLLIE ELIMINADOR DE ODORES OCEAN 2L,93.0,1582.83
LIMPADOR PERFUMADO ARCOVERDE LAVANDA 1800ML,192.0,1581.49
SBPO BRILHANTE ANTIBACTERIANO 1000G,134.0,1581.46
DETERGENTE LIQUIDO TODO BOM MACA 500ML,859.0,1581.27
DETERGENTE LIQUIDO INDOV LIMAO 500ML,1153.0,1579.55
DESINFETANTE LIMPS TALCO 2L,242.0,1579.46
DESINFETANTE BATUTA EUCALIPTO 2L,182.0,1579.46
LIMPADOR ESSENCIA SENALANDIA LAVANDA 140ML,170.0,1579.21
LIMPADOR ESSENCIA AROMATEC JASMIM 100ML,211.0,1578.47
AGUA SANITARIA LISTAL 2L,235.0,1578.35
DETERGENTE LIQUIDO GUAMA NEUTRO 500ML,782.0,1576.36
AMACIANTE DILUIDO BRILHA SUL BLUE SOFT 3L,126.0,1575.88
DESINFETANTE BAK YPE LAVANDA 12X500ML,42.0,1574.87
AMACIANTE DILUIDO BABY SOFT INFINITY 6X2L,49.0,1573.64
AMACIANTE DILUIDO MIL ROSA TERNURA 2L,181.0,1571.86
SABAO EM PO LAVA BEM LAVANDA 800G,178.0,1571.85
DESINFETANTE PEPY LAVANDA 2L,179.0,1571.53
LIMPADOR PISCINA DICLORO MONTREAL 4EM1 M ACAO 1KG,62.0,1571.14
SABAO LIQUIDO BIG SOFT OLEOS ESSENCIAIS 3L,93.0,1571.08
AGUA SANITARIA QBOA LV2L PG1.8L 2L,181.0,1569.87
DETERGENTE LIQUIDO MAXLIMP NEUTRO 5L,108.0,1568.85
SABAO EM PO BARBAREX 1KG,256.0,1567.22
DESINFETANTE CHEIRO BOM LAVANDA 2L,231.0,1567.1
AMACIANTE DILUIDO Q LAR LAVANDA 2L,212.0,1566.22
AMACIANTE CONCENTRADO ASSIM AZUL 1L,102.0,1565.94
DESINFETANTE LA VILLE LAVANDA FRANCESA 2L,280.0,1565.88
LIMPA OBRA 1L,85.0,1565.31
DESINFETANTE LIN PIN LAVANDA 2L,427.0,1562.83
DESINFETANTE BRILHO MIL EUCALIPTO 2L,287.0,1561.33
AGUA SANITARIA LIDER 5L,104.0,1560.44
DESINFETANTE URCA LAVANDA 6X2L,62.0,1559.68
DESINFETANTE ECONOMICO FLORAL 24X500ML,29.0,1558.85
SABAO LIQUIDO PURE FRESH COCO 5L,64.0,1558.4
DETERGENTE LIQUIDO DAS NEVES MACA 2L,210.0,1558.06
AMACIANTE CONCENTRADO COMFORT ENERGIA FLORAL EMB ECON 3L,23.0,1557.23
DESINFETANTE JUMPOL KAIAK 1L,452.0,1557.21
DESINFETANTE EPORT FLORES DO CAMPO 5L,125.0,1555.73
AGUA SANITARIA CANDURA 12X1L,49.0,1555.06
AMACIANTE DILUIDO LIDER AZUL 2L,203.0,1554.98
DETERGENTE LIQUIDO ESTRELA CLEAR 500ML,635.0,1553.96
DESINFETANTE PINHO BRIL FLORES DE LIMAO LV500 PG450 12X500ML,34.0,1551.37
AGUA SANITARIA VERAO 1L,522.0,1550.88
LIMPADOR PERFUMADO SAIF LAVANDA 3L,74.0,1550.13
LIMPADOR PERFUMADO PET PROCAO PANDA EUCALIPTO 120ML,155.0,1549.91
LIMPADOR PERFUMADO SETE MAMAE E BEBE COM ALCOOL 500ML,276.0,1549.77
SABAO LIQUIDO TIXAN YPE MACIEZ RF 1L,120.0,1548.01
LIMPADOR MULTIUSO CENTRALSUL TRUCK 500ML,62.0,1547.63
SBPO BRILHANTE 2000G,73.0,1546.53
DETERGENTE LIQUIDO RISO NEUTRO 500ML,757.0,1546.35
DESINFETANTE COALA ZULU PERFUMADO TRANSLUCIDO PINHO 2L,208.0,1545.34
SABAO EM PO ALA LIMAO E BICARBONATO 16X1.6KG,21.0,1545.18
AMACIANTE DILUIDO CLARUS ROSA GFA PLAST 2000 ML,232.0,1544.46
DESINFETANTE RONDOJET DAMA DA NOITE 2L,205.0,1544.2
AMACIANTE CONCENTRADO BIOZ GREEN 900ML,51.0,1543.88
DETERGENTE LIQUIDO BRILHOLAC CLORADO LAVANDA 3L,69.0,1543.77
LIMPADOR ESSENCIA DAYLA LAVANDA 140ML,149.0,1540.92
LIMPADOR PERFUMADO ARCOVERDE TALCO 1.8L,182.0,1539.03
SABAO EM PO NOVA AURORA BRISA TROPICAL 400G,834.0,1538.91
DESINFETANTE PERFECT LAVANDA 5L,111.0,1537.6
DETERGENTE LIQUIDO MAXLIMP LIMAO 2L,267.0,1537.04
DETERGENTE LIQUIDO LIMPE BEM NEUTRO 5L,91.0,1536.63
DESINFETANTE ECONOMICO EUCALIPTO 1L,363.0,1535.01
DETERGENTE LIQUIDO BRISA COCO 24X500ML,46.0,1534.32
LIMPADOR DE VIDRO MARILUX 500ML,405.0,1533.61
SABAO EM PO CLASSIC PLUS SCH 2KG,148.0,1532.46
DETERGENTE LIQUIDO POLYLAR NEUTRO 24X500ML,723.0,1532.33
SABAO LIQUIDO LIMPEBEM OUTONO 5L,57.0,1531.39
LIMPADOR MULTIUSO TOP CASA ORIGINAL 500ML,438.0,1530.92
LIMPADOR MULTIUSO TUPI FLORAL SQZ 500ML,452.0,1528.49
AMACIANTE CONCENTRADO AMACITEL BRISE 500ML,136.0,1528.43
LIMPADOR ESSENCIA AROMATEC VIOLETA 120ML,244.0,1528.23
SABAO EM PO BLUE UP FORCA AZUL 1KG,217.0,1526.23
DESINFETANTE GIOCA LAVANDA 500ML,414.0,1524.71
DESINFETANTE ODD SPRAY 500ML,100.0,1524.16
DESINFETANTE SUPREMA PINHO 6X2L,62.0,1524.13
DETERGENTE LIQUIDO TANLUX NEUTRO 5L,105.0,1523.91
"LAVA ROUPA PO BRILHANTE 1,6KG, HIG TOTAL",25.0,1523.8
DESINFETANTE PRATICLAR PINHO 2L,197.0,1523.6
LIMPADOR PERFUMADO START MAXIMOOM LAVANDA 2L,41.0,1523.41
AMACIANTE DILUIDO PONTAL ROSA 1L,368.0,1521.96
LIMPEZA PESADA CENAP LIMPA PEDRAS 1L,54.0,1521.82
AMACIANTE DILUIDO CHEIRO BOM 5L,100.0,1521.31
SABAO EM PO NOVA AURORA FLORES DE AZALEIA 400G,828.0,1521.28
DESINFETANTE CAMPESTRE EUCALIPTO 5L,136.0,1520.49
DESINFETANTE SOLIMP FLORES DO CAMPO 2L,257.0,1519.55
LIMPADOR DE VIDRO TRI-D 500ML,403.0,1518.7
DESINFETANTE PET VANSIL IODOFARM 1L,20.0,1518.0
DESINFETANTE MAGICO GEL PINHO 5L,40.0,1517.57
"SABAO EM PO ADO BRANCAS E COLORIDAS 1,6KG",81.0,1516.41
LENCO ESFREBOM ANTI MANCHA 20UN,64.0,1516.41
LIMPADOR ESSENCIA SENALANDIA TALCO 140ML,164.0,1516.19
AGUA SANITARIA BIO NATURE 2L,329.0,1516.0
DESINFETANTE COMBATE LAVANDA 1L,290.0,1515.42
DESINFETANTE JOB FLORES CAMPO 2L,293.0,1515.16
SABAO EM PO LIMPA MAIS SC 500G,649.0,1514.84
AMACIANTE DILUIDO TOP CLEAR AGUA DO MAR 2L,244.0,1514.77
DESINFETANTE BARBAREX EUCALIPTO 5L,108.0,1514.65
AMACIANTE DILUIDO BEBE E CARINHO AMENDOAS 500ML,276.0,1513.97
AMACIANTE DILUIDO MON BIJOU NENEM ALGODAO 1L,127.0,1512.99
DESENGORDURANTE VINAGREEN LIMPA GORDURA 500ML,101.0,1512.54
DESINFETANTE ALVEJAX GIOVANA BABY 5L,94.0,1512.25
LIMPADOR PERFUMADO BUFALO MARINE 500ML,365.0,1511.72
LIMPEZA PESADA UAU CLORO ATIVO 1L,91.0,1510.35
ALVEJANTE ATRIUS SEM CLORO 1L,227.0,1509.91
DETERGENTE LIQUIDO CAMPESTRE LIMAO 5L,105.0,1509.55
AMACIANTE CONCENTRADO DOWNY FRESCOR DA PRIMAVERA 12X1L,6.0,1509.24
SABAO EM PO GUARANI 500G,703.0,1509.15
ALVEJANTE VIP CLEAN SEM CLORO 2L,137.0,1509.07
DESINFETANTE HIGILAR EUCALIPTO 2L,188.0,1508.88
REMOVEDOR TUPI PETRO CITRONELA 1L,80.0,1508.73
DESINFETANTE ALVEX YASMIM 500ML,230.0,1508.34
DESENGORDURANTE REAX LIMAO REFIL 500ML,102.0,1508.2
LIMPADOR ESSENCIA CASA DE MAE LAVANDA 120ML,133.0,1507.95
DESENGORDURANTE DEOLINE LIMPA GRELHA 500ML,98.0,1507.6
LIMPADOR PERFUMADO ESFRELUX HAMORNIA 1L,217.0,1506.85
AMACIANTE DILUIDO MAIS Q BOM SONHO 2L,241.0,1506.81
LAVA ROUPAS PO BRILHANTE 400G LIMP TOTAL,256.0,1506.62
AMACIANTE DILUIDO COIMBRA 2L,192.9999,1505.67
"LIMPADOR PERFUMADO MAIS CASA MARINE 1,75L",108.0,1505.37
"DESINFETANTE INVICTO ORIGINAL 1,8L",142.0,1504.29
LIMPEZA PESADA LOURO DETERGENTE MECANICO 5L,47.0,1504.18
LIMPADOR ESSENCIA EPORT AROMA E SENSACOES BAMBU 140ML,135.0,1503.83
LIMPADOR PERFUMADO YSO CRISTAL FLORAL 2L,222.0,1503.55
DETERGENTE LIQUIDO LIMPOL LARANJA 500ML,770.0,1500.72
LIMPADOR ESSENCIA CONCENTRADO COALA ROMA 120ML,169.0,1499.97
LIMPADOR MULTIUSO LIMPS TRADICIONAL 500ML,403.0,1499.74
DESINFETANTE GLOBO CAMPESTRE 2L,219.0,1499.59
DESINFETANTE START PARA FRUTAS E LEGUMES 1KG,45.0,1499.12
SABAO EM PO GUANABARA 500G,299.0,1499.02
SABAO EM PO URCA MAXX SACHE 5KG,51.0,1495.09
ALVEJANTE HIGILAR TRADICIONAL 2L,225.0,1494.56
AMACIANTE CONCENTRADO BIG SOFT OLEOS ESSENCIAIS 2L,243.0,1494.03
DESINFETANTE LIMPS MARINE USO GERAL 2L,219.0,1493.96
ESSENCIA GOTA MAGICA 100ML,379.0,1493.85
DESINFETANTE LIMPS PINHO 2L,224.0,1493.25
DETERGENTE LIQUIDO DESOMAX NEUTRO 500ML,775.0,1492.15
LIMPEZA PESADA START DESINCRUSTANTE ACIDO FX 1100 ATIVADO 5L,38.0,1491.81
AMACIANTE DILUIDO PUFF TERNURA 500ML,432.0,1490.45
ALGICIDA ALGICIN PISCINA MANUTENCAO 1LT,65.0,1490.05
LIMPADOR MULTIUSO VEJA GOLD FLORAL 10%DESC SQZ 24X500ML,16.0,1489.44
REMOVEDOR KIMAX COM QUEROSENE TRADICIONAL 900ML,102.0,1488.93
DESINFETANTE PET PROCAO CLASSIC PLUS  CITRONELA 2L,51.0,1488.76
AMACIANTE DILUIDO QBOA MACIEZ COM TERNURA FRASCO 5L,78.0,1487.68
DESINFETANTE ALVEJAX PRIMAVERAL 5L,92.0,1487.53
LIMPADOR DE VIDRO SUN CAR 500ML,139.0,1487.24
DESENGORDURANTE RELAMPAGO GELEIA MULTIUSO TALCO 1L,189.0,1486.01
LIMPADOR ESSENCIA BARBAREX CITRONELA 120ML,158.0,1485.94
AMACIANTE DILUIDO COMFORT CLASSIC 2L,60.762,1485.73
LIMPEZA PESADA BRINORT 500ML,263.0,1484.5
DETERGENTE LIQUIDO LIMPEBEM LIMAO 1L,394.0,1483.59
DESINFETANTE TRID ALFAZEMA 90ML,379.0,1483.43
SABAO EM PO SACHE PONTAL LIMPEZA PROFUNDA 500G,463.0,1483.24
CLORO BOM BRILHO 1LT,385.0,1482.82
DESINFETANTE CHEIRO BOM PLUS TALCO 2L,283.0,1480.71
DESINFETANTE JIMO ANTIBAC ROSA E JASMIM 1L,78.0,1480.59
AMACIANTE DILUIDO KIMAX SEDUCAO 5L,80.0,1480.16
CLORO MAGIC 1LTS,271.0,1479.27
LIMPADOR PERFUMADO LEVO QUASAR 500ML,519.0,1479.2
DETERGENTE LIQUIDO ECONOMICO MACA 24X500ML,26.0,1478.88
LIMPADOR MULTIUSO SMART LIMAO SQZ 500ML,385.0,1478.62
DESINFETANTE INDOV LAVANDA 2L,256.0,1478.4
DESINFETANTE GLOBO SAN LAVANDA 2L,380.0,1478.15
ALVEJANTE LIMBEL SEM CLORO 2L,146.0,1477.98
DESINFETANTE CENAP EUCALIPTO 2L,197.0,1477.3
DESINFETANTE ALVEJAX CAMPESTRE 5L,94.0,1476.95
LIMPADOR ESSENCIA PURA MAGIA CITRONELA 140ML,150.0,1476.56
AMACIANTE DILUIDO MON BIJOU NENEM AZUL 1L,128.0,1476.01
DETERGENTE LIQUIDO VAP NEUTRO 500ML,709.0,1473.83
AMACIANTE DILUIDO PONTAL ROSA 2L,201.0,1473.71
DESINFETANTE MINUANO LIMA LIMAO 24X500ML,20.0,1473.6
DESINFETANTE COMPRE CERTO IGUATEMI 2L,365.0,1473.55
DESINFETANTE ATUAL LAVANDA 2L,277.0,1473.47
LIMPADOR MULTIUSO KIMAX SUPER MAGICO 1L,59.0,1473.23
DESINFETANTE GLORIA EUCALIPTO 2L,202.0,1471.4
AMACIANTE DILUIDO DULAR CARINHO 2L,220.0,1470.81
AGUA SANITARIA ABA PLUS 2L,347.0,1470.5
DESINFETANTE NOVO LAR TALCO 5L,114.0,1470.5
LIMPADOR PERFUMADO RADIANTE PAIXAO INTENSA 1L,202.0,1470.02
LIMPADOR PET BAW WAW ELIMINADOR DE ODORES EUCALIPTO 2L,83.0,1469.94
AMACIANTE DILUIDO MIL FLORES AZUL 2L,243.0,1469.9
AMACIANTE CONCENTRADO UAU CARINHO E CONFORTO 12X500ML,19.0,1469.4
AMACIANTE CONCENTRADO SONHO AMACIANTE SACHE 400ML,238.0,1468.19
DESINFETANTE BOLTZ EUCALIPTO 5L,94.0,1467.93
SABAO LIQUIDO VEZON LAUNDRY GREEN 3L,76.0,1467.76
DETERGENTE LIQUIDO TODO BOM COCO 500ML,761.0,1466.97
AMACIANTE DILUIDO BRILHA SUL ALL GREEN 2L,251.0,1465.5
DETERGENTE LIQUIDO LINTAX MACA 2L,254.0,1463.73
LIMPADOR ESSENCIA CITRONELA REPELENTE 1L,133.0,1462.4
AMACIANTE DILUIDO NOVO BRILHO TRADICIONAL 2L,192.0,1462.36
SABAO LIQUIDO MAXLIM BELLE TRADICIONAL 3L,111.0,1461.89
LIMPADOR PERFUMADO CASA E CARINHO FRESCOR 500ML,368.0,1461.16
SABAO EM PO VIDA MACIA SACHE COCO 400G,65.0,1461.02
AGUA SANITARIA CLORAL 2X5L,67.0,1460.6
DESENGORDURANTE ASA LESTE LIMPA COZINHA 750ML,109.0,1460.35
DESINFETANTE BRANMIX HERBAL 2L,212.0,1460.31
LIMPEZA PESADA DORIGON ALCALINO CLORADO  1000ML,164.0,1460.03
LIMPADOR MULTIUSO NIDA LAVANDA 500ML,362.0,1459.75
DESINFETANTE SOLUTEB FLORAL 2L,143.0,1459.66
LIMPADOR MULTIUSO KIMAX LAVANDA 500ML,358.0,1457.49
DESINFETANTE VOREL PERFORM LAVANDA 1L,153.0,1455.8
DESINFETANTE ALVEJAX EUCALIPTO 2L,201.0,1453.61
DESINFETANTE VOREL LIMAO 500ML,405.0,1453.24
DESINFETANTE PRINCESA LIMAO 1L,401.0,1452.92
REMOVEDOR INGLEZA TIRA CERAS 1L,65.0,1452.46
LIMPADOR MULTIUSO BRILHOLAC DESENGORDURANTE COZINHA 500ML,125.0,1451.66
DETERGENTE LIQUIDO MAIS FAMILIA LIMAO 24X500ML,33.0,1451.4
SABAO LIQUIDO MAXIMOLIQ 2L,136.0,1448.82
CLORO MAGICO 5LT,51.0,1448.8
DESINFETANTE NOVO LAR TALCO 2L,208.0,1447.99
DESINFETANTE NUTRILAR LIMAO 1L,400.0,1444.91
LIMPADOR ESSENCIA AROMATEC ERVA DOCE 140ML,148.0,1444.84
LIMPADOR MULTIUSO DONA CLARA SEGREDO DAS ROSAS 500ML,415.0,1444.68
SABAO LIQUIDO GELEIA PINHO GOTA MAGICA 1L,192.0,1443.68
DESINFETANTE MARINA FLORAL 1L,307.0,1443.15
AMACIANTE CONCENTRADO DOWNY FRESCOR PRIM 500ML,26.0,1442.81
LIMPADOR PET PET CLEAN  ELIMINADOR DE ODORES TRADICIONAL 2L,89.0,1442.16
LIMPADOR ESSENCIA LIMPADUA LAVANDA 500ML,48.0,1441.53
DESINFETANTE AQUA PLUS LAVANDA 5L,95.0,1441.19
DETERGENTE LIQUIDO CAMPESTRE MACA 5L,101.0,1441.19
LIMPADOR PERFUMADO KIMAX EUCALIPTO 1L,202.0,1440.88
SABAO LIQUIDO DORIGON COCO 2L,95.0,1440.51
CLORO DUBOM 1L,321.0,1438.49
AGUA SANITARIA BOLTZ 2L,273.0,1438.36
TIRA MANCHA OMO LIQUIDO ROUPA BRANCA 450ML,97.0,1437.05
DESINFETANTE UTIL LAVANDA 2L,233.0,1436.43
DESINFETANTE COMPRE CERTO NATUREZA 2L,270.0,1436.1
AGUA SANITARIA BRANKINHA 1L,610.0,1435.83
CLORO FORT MAX 1L,51.0,1435.79
DETERGENTE LIQUIDO PRINCESA COCO 500ML,760.0,1435.26
DESINFETANTE AZULIM PERFUMADO WAVE 500ML,313.0,1434.45
DESINFETANTE SOLIMP DALIA 2L,246.0,1431.94
LIMPEZA PESADA FIM DE OBRA LIMPA PEDRA 1L,50.0,1431.91
DETERGENTE LIQUIDO ATRON NEUTRO 2L,207.0,1430.62
LIMPADOR PET NEW DOTS ELIMINADOR ODOR LAVANDA 2L,90.0,1430.28
"AGUA SANITARIA YPE PRO FRASCO PET PG1,8L LV2L 2L",226.0,1429.98
LIMPEZA PESADA UAU ALTA PERFORMANCE 1L,107.0,1429.16
DETERGENTE LIQUIDO MIL FLORES BRILHO NEUTRO 2L,252.0,1429.15
SABAO EM PO ASSIM TRIPLACAO 500G,284.0,1427.22
DETERGENTE LIQUIDO GAROTO LIMAO 500ML,804.0,1427.04
LIMPADOR ESSENCIA BUFALO PINHO 110ML,169.0,1426.94
SABAO LIQUIDO BECKER LAVA ROUPAS VERSATIL 1L,143.0,1424.8
DESINFETANTE REMMUS FLORAL 5L,98.0,1424.56
DESINFETANTE ATTO FLORAL 2L,225.0,1424.1
SABAO LIQUIDO JOB PINHO GEL 2L,87.0,1423.79
CLORO GRANUL CINCLOR P PISCINAS 1KG POTE,28.0,1422.21
AMACIANTE DILUIDO NUTRILAR CARICIA 1L,333.0,1421.65
AMACIANTE DILUIDO ACUCENA SONHO AZUL 2L,174.0,1421.29
DESINFETANTE BECKER EUCALIPTO 3L,119.0,1418.89
DESINFETANTE PARCERIA FLORAL 2L,267.0,1418.39
SABAO LIQUIDO LOURO LIMP PESADA 5L,42.0,1418.38
SABAO LIQUIDO BIOWASH CITRUS 1L,37.0,1417.39
DESINFETANTE UTIL TRADICIONAL 2L,258.0,1417.38
AGUA SANITARIA DURATTO DUPLO GEL POWER 750ML,127.0,1417.37
LIMPADOR DE VIDRO RADIANTE 4 EM 1 REFIL 500ML,160.0,1415.87
AMACIANTE DILUIDO ADELA CLASSIC 2L,255.0,1415.45
AMACIANTE CONCENTRADO DORIGON  VERAO 5L,70.0,1414.39
AMACIANTE DILUIDO MIL FLORES AZUL 5L,90.0,1413.38
AMACIANTE DILUIDO LOURO CARINHO ROSA 5L,75.0,1413.36
DESINFETANTE FLOPS LAVANDA 2L,213.0,1413.3
DETERGENTE LIQUIDO PRINCESA MACA 500ML,752.0,1412.95
SABAO EM PO ALA ERVA DOCE E BICARBONATO 16X800G,15.0,1411.66
DESINFETANTE MAXXY LIMP PRIMAVERA 5L,135.0,1411.28
DETERGENTE LIQUIDO LIDER CLEAN NEUTRO 5L,55.0,1411.09
DETERGENTE LIQUIDO POLY BRIL MACA 5L,89.0,1410.86
LIMPADOR PERFUMADO ZUPP CONFORTO REFRESCANTE 500ML,277.0,1409.97
DESINFETANTE DETERGEL ERVA DOCE 5L,25.0,1409.11
LIMPADOR DE VIDRO MIL MILHAS GATILHO 500ML,122.0,1407.99
DETERGENTE LIQUIDO QUALYBRILL NEUTRO 500ML,722.0,1407.76
AMACIANTE DILUIDO MON BIJOU NENEM ROSA 1L,135.0,1407.53
AMACIANTE DILUIDO STILL CARINHO 5L,116.0,1406.81
SABAO EM PO LUME MAXX LAVANDA 500G,800.0,1406.79
DETERGENTE LIQUIDO TUPA MACA 2L,167.0,1406.6
AMACIANTE DILUIDO AZUL CLASSIC 5L,94.0,1406.06
DESINFETANTE ALVEJAX PINHO LAR 5L,90.0,1405.53
LIMPADOR PERFUMADO LEVO LAVANDA 500ML,508.0,1405.29
ALVEJANTE ZOMAX SEM CLORO C/ANIL 3 EM 1 5L,52.0,1405.23
LIMPADOR PERFUMADO SMART FLORAL SQZ 500ML,389.0,1402.92
AMACIANTE DILUIDO DKASA ALEGRIA 2L,834.0,1402.52
DETERGENTE LIQUIDO RETIRO MACA 500ML,788.0,1402.29
AGUA SANITARIA CLEAN FORTE 2L,208.0,1401.62
SABAO PO BRILHANTE TRADICIONAL SACHE OFERTA 1KG,100.0,1401.5
SABAO LIQUIDO VEZON LAUNDRY BLUE 3L,72.0,1401.25
LIMPADOR PERFUMADO LIMPA MIL ENERGIA 2L,166.0,1401.1
DESINFETANTE ALVEX EUCALIPTO 500ML,209.0,1399.73
DESINFETANTE MONTE LAGOS LAVANDA 2L,186.0,1399.4
AMACIANTE CONCENTRADO ODD DELICADEZA 1L,80.0,1398.16
REMOVEDOR REMOBRIL MULTIUSO LAVANDA 500ML,172.0,1396.92
AMACIANTE CONCENTRADO BRILHOLAC ENCANTO 1L,103.0,1396.6
SABAO LIQUIDO TALIMPO CLEAR 2L,282.0,1396.12
LIMPADOR PERFUMADO ESTRELA FLOR DE LOTUS 1L,217.0,1395.34
DETERGENTE LIQUIDO MAXPOL MACA 500ML,861.0,1394.35
CLORO DCASA 2L,65.0,1393.95
SABAO LIQUIDO TELEFRANGO LIQ 3L,82.0,1393.18
SABAO EM PO ALA ROSAS E FLOR DE LIS 16X800G,12.0,1392.64
AMACIANTE CONCENTRADO UAU LAVANDA E FRESCOR 12X500ML,18.0,1392.48
AMACIANTE DILUIDO MIL AZUL SUAVE 1L,281.0,1391.35
AMACIANTE DILUIDO FOFURA 5L,64.0,1389.65
SABAO LIQUIDO BRANMIX COCO 3L,56.0,1389.26
LIMPADOR PERFUMADO KIMAX FLORAIS 1L,188.0,1388.79
REMOVEDOR PERFECTO REMOVEX 4X5L,38.0,1388.21
DESINFETANTE LIPON EUCALIPTO 2L,223.0,1388.17
CLORO ANTARES 2L,197.0,1386.91
DESINFETANTE LYSOL AERO PUREZA ALGODAO 360ML,54.0,1386.83
DETERGENTE LIQUIDO BIOWASH SENSITIVE 650ML,73.0,1386.7
ALVEJANTE SILVA ATACAREJO SEM CLORO 1L,278.0,1385.87
DESINFETANTE AYLAG 2LT,249.0,1383.15
"SABAO EM PO TIXAN YPE PRIMAVERA CX 9X2,2KG",8.0,1380.42
SABAO EM PO CLARO UP 800G,144.0,1380.03
ALVEJANTE GEO CITRUS 1L,217.0,1378.87
CLORO CLEAN-UP 2 L,99.0,1378.67
LIMPADOR ESSENCIA GLADE SPRAY TOQUE DE MACIEZ 120ML,81.0,1378.21
SABAO EM PO LUME MAXX COCO 500G,816.0,1377.89
DETERGENTE LIQUIDO REINO MACA 5L,65.0,1377.73
DESINFETANTE ATUAL FLORAL 5L,111.0,1375.18
LIMPEZA PESADA CASA LIMPA LIMPA PEDRA 2L,69.0,1375.0
LIMPEZA PESADA ROBER LUX LIMPA PEDRAS 2L,54.0,1374.93
DETERGENTE LIQUIDO ATRON MACA 2L,192.0,1374.69
SABAO EM PO ORIENTAL FLORES 4KG,59.0,1373.23
SABAO EM PO TERNURA 5KG,46.0,1372.06
LIMPADOR PERFUMADO LEVO PASSION 500ML,349.0,1370.82
LIMPEZA PESADA RODABRILL TIRA PICHE E COLA 500ML,35.0,1369.86
DESINFETANTE QUALYBRILL TALCO 500ML,657.0,1369.71
LIMPADOR PERFUMADO NIDA BAMBU E MENTA 500ML,254.0,1368.98
SABAO EM PO OMO MULTIACAO 9X2KG,6.0,1367.73
AMACIANTE DILUIDO MIL FLORES ROSA 5L,89.0,1367.43
ALVEJANTE CATARINA SEM CLORO FLORAL 2L,100.0,1366.68
LIMPADOR ESSENCIA MASCARENHAS FRANGRANCIAS 200ML,347.0,1366.35
AGUA SANITARIA LIMPE BEM 1L,350.0,1365.85
CLORO CRISTAL C/2 LITROS,123.0,1362.93
DETERGENTE LIQUIDO POLLUX NEUTRO 5L,69.0,1362.45
LIMPADOR ESSENCIA QUIM AROMA MAMAE BABY 140ML,144.0,1362.41
LIMPADOR ESSENCIA LIMPADUA EUCALIPTO 500ML,45.0,1362.36
LIMPADOR PERFUMADO RADIANTE FLORES TROPICAIS 1L,185.0,1362.13
SABAO LIQUIDO PONTAL OCEANICO 5L,41.0,1360.86
SABAO LIQUIDO SETE AZUL 2L,63.0,1360.71
AGUA SANITARIA MAXXY LIMP BOA 5L,129.0,1360.09
AMACIANTE DILUIDO MAXIMO TOQUE DE AMOR 2L,223.0,1359.36
LIMPADOR PERFUMADO BARBAREX SEFE INSPIRATION 1L,188.0,1357.98
DESINFETANTE LIMPA BEM FLORAL 2L,253.0,1357.88
DESINFETANTE G LIMP CARAVELA 2L,291.0,1357.47
DESINFETANTE POLYBRIL EUCALIPTO 2L,246.0,1357.45
DESINFETANTE MAZAL LAVANDA 2L,170.0,1357.12
SABAO EM PO TIXAN YPE PRIMAVERA 8X2.4KG,7.0,1356.48
DETERGENTE LIQUIDO TODO BOM CLEAR 500ML,734.0,1354.75
"LIMPADOR PERFUMADO AJAX DILUIVEL FLORES PRIMAVERA 1,75L",165.0,1354.65
DESINFETANTE ESTRELA PINHO 2L,183.0,1353.7
REMOVEDOR REMOBRIL MULTIUSO TRADICIONAL 500ML,163.0,1353.43
DESINFETANTE BRANMIX FLORAL 500ML,426.0,1353.4
"LIMPADOR PET CASAFLOR ELIMINADOR DE ODORES CITRONELA 1,75L",69.0,1352.57
CLORO LUAN 1L,223.0,1352.34
CLORO PERFUMARE GEL 2L,100.0,1351.44
DESINFETANTE NOVO LAR FLORAL 2L,206.0,1351.11
LIMPADOR PERFUMADO RIALER TALCO 5L,77.0,1350.96
DESINFETANTE EPORT MARESIA 1L,404.0,1350.86
LIMPADOR PERFUMADO NIDA  LEMBRANCAS 500ML,249.0,1350.61
DETERGENTE LIQUIDO BRANMIX COCO 24X500ML,35.0,1349.76
SABAO LIQUIDO ARES BLUE 3L,58.0,1349.06
LIMPADOR PISCINA START CLORO ATIVO 2L,78.0,1348.96
SABAO LIQUIDO ECOKIM 500ML,127.0,1347.75
DESINFETANTE EPORT PINHO 1L,393.0,1347.74
SABAO EM PO BIO SH 4KG,53.0,1347.72
BICARBONATO DE SODIO BICARBON 500G,111.0,1346.03
LIMPADOR ESSENCIA BELAROMA CITRONELA NATURALLIS 140ML,92.0,1344.47
TIRA MANCHAS S/CLORO VANISH WHITE REFIL 12X500ML,18.0,1344.12
SABAO LIQUIDO BRILHANTE RF 500ML+ GRF 3L LIMP TOTAL 500ML,56.0,1343.65
LIMPADOR PERFUMADO LEVE BRISA FRUTAS VERMELHAS 500ML,219.0,1342.63
AGUA SANITARIA LIMPLEX 1L,407.0,1342.3
ALGICIDA MANUTENCAO MONTREAL 1L,75.0,1341.97
DETERGENTE LIQUIDO LIMPADUA MARINE 500ML,620.0,1341.6
DESINFETANTE LUMINOSA FLORAL 2L,331.0,1341.02
DESENGORDURANTE DURATTO FLOTADOR FLASH MAGICO 500ML,93.0,1340.82
ALVEJANTE GOTA FORTE SEM CLORO 2L,118.0,1340.59
AGUA SANITARIA SUPER MAX 1L,427.0,1340.57
LIMPADOR DE VIDRO BARBAREX 500ML,240.0,1340.24
AMACIANTE DILUIDO CLASSY AZUL 5L,85.0,1339.85
SABAO PO BRILHANTE LIMPEZA TOTAL SC 1600G,29.0,1338.66
SABAO LIQUIDO INTIMISS PERFUMADO INTIMAS E DELICADAS 500ML,87.0,1337.12
LIMPADOR MULTIUSO KIMAX C QUEROS CITRUS 900ML,102.0,1336.92
AMACIANTE CONCENTRADO SONHO MAGIC GARRAFA 500ML,197.0,1336.9
DETERGENTE LIQUIDO TUPA NEUTRO 2L,161.0,1336.59
LIMPEZA PESADA VEJA CITRUS 500ML,102.0,1336.0
LIMPADOR PERFUMADO ZUPP FLORES ENCANTO 500ML,249.0,1333.97
SABAO EM PO IAPO TRADICIONAL 400G,680.0,1333.77
DETERGENTE LIQUIDO AGE LAVA ROUPA COCO 5L,46.0,1333.7
LIMPADOR MULTIUSO NIDA MACA VERDE 500ML,331.0,1332.65
REMOVEDOR GITANES 500ML FLORAL,92.0,1332.65
ALVEJANTE NUTRILAR SEM CLORO 1L,258.0,1329.54
LIMPADOR ESSENCIA TUPI CONCENTRADO BAMBOO 120ML,150.0,1329.43
DETERGENTE LIQUIDO LIMPAMIL COCO 5L,84.0,1328.5
DETERGENTE LIQUIDO PONTAL NEUTRO 2L,146.0,1328.36
AMACIANTE DILUIDO MACIO FLORAL 5L,54.0,1327.92
AMACIANTE DILUIDO LIMPE BEM CARINHOSO 5L,85.0,1327.4
DETERGENTE LIQUIDO LIMPA BEM LIMAO 2L,209.0,1327.17
DESINFETANTE RAJJA EUCALIPTO 5L,94.0,1326.01
DESINFETANTE PROLAR VIOLETA 2L,240.0,1325.5
DESINFETANTE GLOBO STILETO 2L,183.0,1323.18
OMO SPORTS LAVA ROUPAS LIQ GL 3L,44.0,1323.04
ALA SABAO EM PO RALADINHO COCO 500G,295.0,1322.51
AMACIANTE DILUIDO MAIS Q BOM NATURAL 2L,218.0,1321.88
"SABAO EM PO MINUANO MAXIMA LIMPEZA CX 2,2KG",69.0,1321.71
AGUA SANITARIA IDEAL 2L,203.0,1321.21
AMACIANTE DILUIDO PRATIC LAR AZUL 2L,152.0,1320.74
LIMPADOR PERFUMADO GOTA LIMPA FLORAL 2L,86.0,1320.73
DESINFETANTE RONDOJET TALCO 2L,169.0,1320.11
LIMPADOR ESSENCIA QUIM AROMA LAVANDA 140ML,142.0,1319.77
DESINFETANTE HIGILAR SENSACAO 2L,164.0,1319.36
SABAO LIQUIDO LEVO DELICATE 3L,64.0,1318.76
SABAO LIQUIDO BARRIGA VERDE AZUL 5L,42.0,1318.5
AMACIANTE DILUIDO BLUE BOM ACONCHEGO 2L,193.0,1317.8
SABAO LIQUIDO SONHO FRESH REFIL 12X700ML,14.0,1316.64
REMOVEDOR TUPI PETRO PINHO 1L,61.0,1316.3
DESINFETANTE JOB STILETO 2L,259.0,1315.99
LIMPADOR ESSENCIA MIL AROMAS EUCALIPTO 140ML,100.0,1314.95
"LIMPADOR PET CASAFLOR ELIMINADOR DE ODORES LAVANDA 1,75L",69.0,1314.19
DESINFETANTE NIDA CLEAN LAVANDA 500ML,311.0,1314.1
DESINFETANTE PARANAIBA LAVANDA 2L,263.0,1313.18
LIMPADOR MULTIUSO MIMO FLORAL GEL 1KG,207.0,1313.06
DESINFETANTE ATUAL PINHO 2L,284.0,1312.08
DESINFETANTE DORIGON FLORAL 2L,155.0,1311.29
SABAO LIQUIDO COMBATE LAVANDA 1L,214.0,1311.24
LIMPADOR ESSENCIA CAMPO BELO TALCO 100ML,296.0,1310.8
DETERGENTE LIQUIDO DU REI MACA 2L,193.0,1309.11
DETERGENTE LIQUIDO RICLEY NEUTRO 5L,67.0,1309.02
LIMPADOR ESSENCIA TRES BARRAS CAPIM LIMAO 140ML,134.0,1307.76
AMACIANTE DILUIDO ORIENTAL 1L,320.0,1307.6
LIMPADOR PET PRO CANINE ELIMINADOR DE ODORES ORIGINAL 2L,77.0,1307.13
AMACIANTE CONCENTRADO AMACITEL HIPOALERGENICO 500ML,120.0,1306.37
AMACIANTE CONCENTRADO NIDA ROSA 1L,81.0,1305.86
LIMPADOR ESSENCIA QUIM AROMA TALCO 140ML,140.0,1305.1
SABAO LIQUIDO LIDER COCO 2L,103.0,1303.11
CLORO KLIM EXTRA FORTE 1L,167.0,1303.05
CLORO MULTIACAO TURBO CATARINA 5L,45.0,1302.71
LIMPEZA PESADA FIM DE OBRA LIMPA REJUNTE 1L,42.0,1302.46
DETERGENTE LIQUIDO PRINCESA NEUTRO 500ML,691.0,1302.28
DET PO OMO L1KG PG900G MULTIACAO,97.0,1301.64
DETERGENTE LIQUIDO DORIGON NEUTRO 2L,127.0,1301.33
DETERGENTE LIQUIDO ALVEX NEUTRO 5L,68.0,1301.32
LIMPADOR PERFUMADO BLEACH FLORATA 500ML,272.0,1300.33
LIMPADOR MULTIUSO MAGIC CLEAN 3 PODERES REFIL 1L,84.0,1299.95
AMACIANTE CONCENTRADO COMFORT ORIGINAL FRASCO 12X500ML,12.0,1298.52
DESINFETANTE COMBATE CAMPESTRE 1L,252.0,1298.51
LIMPADOR DE VIDRO SOL GATILHO 500ML,364.0,1298.37
LIMPADOR PERFUMADO CASAFLOR DREAMS 6X1.75L,27.0,1297.68
AMACIANTE CONCENTRADO VINAGREEN CAMPOS DE LAVANDA 500ML,105.0,1297.61
LIMPADOR ESSENCIA BARBAREX SEFE TALCO 120ML,124.0,1296.41
DESENGORDURANTE CASA E LIMPEZA COZINHA REFIL 500ML,98.0,1295.4
LIMPADOR PERFUMADO ALPES BAMBU E MENTA 500ML,261.0,1295.04
DESINFETANTE RONDOJET TALCO 5L,73.0,1293.67
DETERGENTE LIQUIDO PONTAL COCO 500ML,603.0,1293.2
LIMPADOR ESSENCIA PURA MAGIA CONCENTRADO FLORAL 140ML,123.0,1292.6
DETERGENTE LIQUIDO BRILHO MIL COCO 2L,225.0,1292.49
AMACIANTE DILUIDO TANLUX COMFORT 2L,196.0,1292.13
LIMPADOR PERFUMADO MAIS CASA ORQUIDEA NEGRA 1.75L,88.0,1291.85
ALVEJANTE BIG SOFT SEM CLORO PARA ROUPAS COLORIDAS 2L,127.0,1291.78
DETERGENTE LIQUIDO CANDURA EMBALAGEM ECONOMICA 5L,63.0,1291.14
SABAO LIQUIDO LIRIOS DO CAMPO ATTO ECO 3L,76.0,1290.59
DESINFETANTE PRATIC LAR FLORAL 2L,166.0,1290.36
ALVEJANTE BAH SEM CLORO ORIGINAL 2L,123.0,1289.86
SABAO LIQUIDO ZOMAX C/ ALCOOL 2L,73.0,1289.56
SABAO LIQUIDO MON BIJOU MULTIACAO ACTION 12X900ML,11.0,1289.28
CLORO NOVO LAR HIPOCLORITO DE SODIO 1L,231.0,1288.1
LIMPADOR ESSENCIA AMAZONIA AROMAS CONCETRADO LAVANDA 120ML,112.0,1286.85
LIMP PISC ALGICIDA MANUT HCL HIDROAL 5L,14.0,1286.1
DESINFETANTE PINHO BRIL SILVESTRE PLUS 12X1L,13.0,1285.51
LIMPADOR DE VIDRO LIMPA MAIS  500ML,273.0,1284.98
LIMPADOR PERFUMADO POLLUX DAMA DA NOITE 1L,323.0,1284.03
AMACIANTE DILUIDO BEBE E CARINHO CAMOMILA 1L,168.0,1283.3
ALVEJANTE EM GEL VANISH MULTIUSO REFIL 12X500ML,14.0,1282.85
SABAO EM PO GOTA LIMPA EQUILIBRIO 5KG,42.0,1282.62
SABAO EM PO TIXAN YPE ANTIBAC CX 2KG,72.0,1282.6
LIMPADOR PET KDOG ELIMINADOR DE ODORES MARINE 2L,79.0,1282.48
LIMPADOR PET PRO CANINE ELIMINADOR DE ODORES HERBAL 2L,74.0,1281.06
LIMPEZA PESADA LIMPADUA PINHO GEL 2L,81.0,1280.59
DESINFETANTE NOVO LAR FLORAL 5L,97.0,1280.56
CLORO ECONOMICO 1L,460.0,1278.14
LIMPADOR ESSENCIA UBON EUCALIPTO 500ML,16.0,1277.63
DESINFETANTE KINTANA TALCO 2L,186.0,1277.04
DESINFETANTE PROLAR CITRONELA 2L,227.0,1277.01
DESINFETANTE UNIC FLORAL 2L,353.0,1276.96
DESINFETANTE CENAP FLORAL 2L,173.0,1276.79
DETERGENTE LIQUIDO ATUAL NEUTRO 1L,333.0,1274.63
CLORO VMAX 2% 1L,71.0,1273.79
LIMPADOR PERFUMADO RAJJALIM FLORES E DESEJOS 500ML,276.0,1273.46
LIMPADOR PERFUMADO LIMPA MIL PAIXAO 2L,149.0,1272.76
SABAO EM PO POLYLAR 1KG,145.0,1271.12
LIMPADOR DE VIDRO KIN LIMP REFIL 500ML,138.0,1270.8
SABAO EM PO KLIP COCO 500G,212.0,1270.72
LIMPADOR MULTIUSO LEVO TRADICIONAL 500ML,271.0,1270.63
DETERGENTE LIQUIDO SOL COCO 500ML,783.0,1269.51
LIMPADOR PERFUMADO RADIANTE FLORES DA PRIMAVERA 500ML,284.0,1269.49
TIRA MANCHA TAY SEM CLORO P/ROUPAS COLORIDAS 450G,64.0,1267.83
AMACIANTE DILUIDO SOFT AMARELO 2L,193.0,1267.77
AMACIANTE DILUIDO ECONOMICO SOFT BLUE 24X500ML,567.0,1267.73
DESINFETANTE PEPY CITRUS 2L,144.0,1267.64
DESINFETANTE MINUANO HERBAL 24X500ML,27.0,1267.49
DESINFETANTE PINHO SOL LAVANDA LV1L PG900ML 1L,79.0,1267.47
AGUA SANITARIA SUPER FORTE 5L,130.0,1265.64
DETERGENTE LIQUIDO AZULIM AMONIACA 2L,40.0,1265.49
DESINFETANTE ALVEJAX EUCALIPTO 5L,72.0,1265.43
DETERGENTE LIQUIDO NUTRILAR CONTIGO NEUTRO 500ML,785.0,1265.36
LIMPADOR ESSENCIA RAMAR MACA VERDE 140ML,116.0,1263.68
LIMPADOR PERFUMADO LEVE BRISA OCEAN 500ML,208.0,1263.02
SABAO LIQUIDO ISIS AZUL 2L,152.0,1262.78
ALVEJANTE TA BOA COM CLORO C/DETERGENTE 2L,112.0,1262.03
LAVA ROUPAS PO OMO 800G CX SPORTS,75.0,1261.74
AMACIANTE DILUIDO TANLUX FLORAL 2L,202.0,1260.78
SABAO EM PO MINUANO AZUL EMB ECONOMICA 24X400G,14.0,1260.69
DETERGENTE LIQUIDO NIDA COCO 500ML,513.0,1260.62
DESINFETANTE PONTAL LAVANDA 2L,161.0,1260.49
DESINFETANTE MONTE LAGOS EUCALIPTO BRANCO 2L,169.0,1260.39
LIMPADOR PERFUMADO CASAFLOR DESIRE 12X500ML,36.0,1259.91
LIMPEZA PESADA ZUPP LIMPA PORCELANATO 5L,36.0,1259.84
DESINFETANTE TOP MIL LAVANDA 2L,205.0,1259.54
CLORO LIQUIDO BRC 1 LT,262.0,1259.53
AGUA SANITARIA CONDE 5L,114.0,1259.45
LIMPADOR MULTIUSO NIDA ORIGINAL 500ML,312.0,1258.46
SABAO EM PO ACE ERVA DOCE PG500G LV550G 550G,37.006,1257.85
LIMPEZA PESADA UNIMIX LIMPA PEDRAS 2L,86.0,1257.47
DESINFETANTE JUMPOL MARINE 1L,393.0,1257.0
SABAO EM PO LIMPISSIMA COCO 500G,84.0,1255.64
SABAO EM PO BEM TE VI COCO 1KG,193.0,1255.47
AMACIANTE DILUIDO ESTRELA ERVA DOCE 2L,158.0,1255.31
DETERGENTE LIQUIDO LAVANDEIRA NEUTRO 2L,211.0,1255.01
DESINFETANTE EPORT FLORES DO CAMPO 1L,373.0,1254.85
ALVEJANTE REALY COM CLORO ATIVO 2L,128.0,1253.2
LIMPADOR ESSENCIA ANTARES EUCALIPTO 100ML,120.0,1251.61
"AMACIANTE DILUIDO ALPES EMOOES ROSA 3,6L",87.0,1251.06
DESENGORDURANTE DORIGON MULTIUSO 1L,82.0,1251.06
AMACIANTE DILUIDO GOTA FORTE AZUL 5L,95.0,1250.24
DESINFETANTE RADIANTE SENSACAO 2L,148.0,1249.01
DESINFETANTE ESTRELA EUCALIPITO 5L,75.0,1248.97
SABAO LIQUIDO DEION COCO 5L,38.0,1248.94
AMACIANTE CONCENTRADO SONHO MAGIC SACHE 400ML,202.0,1248.92
SABAO EM PO BRILHANTE LIMPEZA TOTAL 7X1.6KG,10.0,1248.8
ALVEJANTE ZAVASKI COM CLORO AROMA SUAVE 1L,296.0,1248.54
"SABAO EM PO ALA LAVANDA 7X1,6KG",16.0,1247.73
DETERGENTE LIQUIDO SOLIMP CRISTAL 2L,202.0,1246.6
SABAO LIQUIDO LIMPEZA FELIZ AZUL 2L,102.0,1246.38
DESINFETANTE CLARUS LIMAO 500ML,380.0,1245.91
SABAO LIQUIDO LIMP LAR COCO 2L,90.0,1245.44
AGUA SANITARIA BOM FORT 5L,108.0,1244.82
DETERGENTE LIQUIDO RETIRO LIMAO 500ML,689.0,1244.78
DESINFETANTE LIMPS LAVANDA 500ML,466.0,1244.53
SABAO LIQUIDO ZAVASKI LAVANDA 1L,121.0,1244.47
LIMPADOR DEOLINE GOTAS PERFUMADAS TALCO 140ML,123.0,1243.99
AMACIANTE DILUIDO GUNE ROSA TERNURA 2L,178.0,1243.38
AMACIANTE DILUIDO COMFORT  BRISA FLORAL 3L,45.0,1242.78
DETERGENTE LIQUIDO DAS NEVES NEUTRO 2L,171.0,1242.08
LIMPADOR PERFUMADO SAIF FLORAL 3L,59.0,1240.97
LIMPADOR PERFUMADO GUIMARAES BAMBOO 5L,39.0,1240.35
LIMPADOR MULTIUSO ESFRELUX FLOTADOR CONCENTRADO 2L,46.0,1240.21
"SABAO EM PO BEM TE VI PERFUME DAS FLORES 7X1,6KG",18.0,1240.2
DETERGENTE LIQUIDO MAXLIMP NEUTRO 2L,207.0,1239.55
LIMPADOR PERFUMADO LEVO AMORE 500ML,306.0,1238.83
REMOVEDOR SAFRA LAVANDA 1L,51.0,1238.66
LIMPEZA PESADA LIMBEL DESENGRAXANTE 5L,25.0,1237.84
SABAO LIQUIDO NOVO LAR COCO 2L,76.0,1237.57
AMACIANTE CONCENTRADO UAU FLORES E SONHOS 12X500ML,16.0,1237.56
LIMPADOR PERFUMADO GUIMARAES LAVADA C/CITRONELA 5L,32.0,1236.98
CLORO GRANULADO Q CLOR 1KG,46.0,1236.43
DESINFETANTE PEPY LAVANDA 1L,249.0,1236.05
LIMPADOR PET KDOG ELIMINADOR DE ODORES LAVANDA 2L,73.0,1235.79
SABAO LIQUIDO KLIP 3L,84.0,1235.44
ALVEJANTE DEION SEM CLORO AZUL 5L,45.0,1235.32
ALVEJANTE ZOMAX SEM CLORO 2L,82.0,1234.72
DETERGENTE LIQUIDO UNIC NEUTRO 500ML,989.0,1234.66
LIMPEZA PESADA H7 DESENGRAXANTE REFIL 500ML,38.0,1232.62
DETERGENTE LIQUIDO COMBATE LIMAO 2L,146.0,1232.61
"LAVA ROUPAS PO OMO 1,6KG PROT MICEL SEM PERFUME",45.0,1231.75
DESINFETANTE G LIMP LAVANDA 2L,266.0,1230.72
LIMPADOR MULTIUSO GEO COCO 500ML,168.0,1230.1
AMACIANTE DILUIDO ZAVASKI BRISA DO CAMPO 5L,63.0,1229.96
DESINFETANTE OSSOCAO ELIMINADOR ODORES 2L,71.0,1229.47
LIMPADOR MULTIUSO FACILLE FLORES SPRAY 500ML,317.0,1228.75
AGUA SANITARIA BRANMIX BRANCA 12X1L,51.0,1228.2
LIMPADOR ESSENCIA AMAZONIA CONC AROMAS EUCALIPTO 120ML,110.0,1227.99
DESINFETANTE BOLTZ LAVANDA 5L,77.0,1227.64
AMACIANTE DILUIDO STILL CARINHO 2L,182.0,1227.56
LIMPADOR PERFUMADO DU REI AMORE 2L,252.0,1227.52
AMACIANTE CONCENTRADO GIORNO 1L,51.0,1227.47
DEFINTETANTE PET CREOLINA PEARSON 12X50ML,69.0,1227.24
AGUA SANITARIA AYLAG 5L,88.0,1225.14
DESINFETANTE BRILHO PRATICO TRADICIONAL 500ML,292.0,1224.28
ODORIZADOR DE ROUPA DOMLINE LAVANDA E CEDRO 300ML,101.0,1223.5
DESINFETANTE BIO-KRISS LAVANDA 2L,235.0,1220.95
SABAO EM PO MINUANO ACAO PROFUNDA 1KG,101.0,1218.93
DETERGENTE LIQUIDO URCA CLEAR 500ML,657.0,1218.31
DETERGENTE LIQUIDO LIMPOL LIMAO 500ML,605.0,1215.87
DETERGENTE LIQUIDO FLOPS NEUTRO 500ML,638.0,1215.22
LIMPADOR PISCINA ATCLLOR ELEVADOR DE PH 1L,50.0,1214.12
DETERGENTE LIQUIDO MAXPOL NEUTRO 500ML,742.0,1213.88
AMACIANTE DILUIDO QBOA CARINHO ROSA 2L,201.0,1212.31
LIMPADOR PET PRO CANINE ELIMINADOR DE ODORES CITRONELA 2L,73.0,1212.26
DETERGENTE LIQUIDO LEVO LIMAO 5L,75.0,1212.23
LIMPADOR ESSENCIA CASA DE MAE JASMIN 120ML,106.0,1211.88
AMACIANTE DILUIDO PONTAL AMARELO 1L,297.0,1211.83
DESINFETANTE QUALYBRILL FLORAL 500ML,608.0,1211.76
SABAO LIQUIDO QUALYBRILL CONCETRADO SOFT E BLUE 2L,144.0,1208.34
DESINFETANTE TALIMPO VINOLIA 1L,311.0,1208.2
DESINFETANTE URCA PINHO 2L,175.0,1208.1
AMACIANTE DILUIDO IMPERIAL BABY 2L,204.0,1207.98
AMACIANTE DILUIDO ZAVASKI TALCO 5L,68.0,1207.88
LIMPADOR PET PRO CANINE ELIMINADOR DE ODORES FLORAL 2L,70.0,1206.34
AMACIANTE DILUIDO MINUANO CARINHO AZUL 12X500ML,41.0,1206.04
LIMPADOR MULTIUSO VEJA LAVANDA PG450ML LV 24X500ML,13.0,1203.6
DESINFETANTE TOP MIL FLORAL 2L,181.0,1203.35
DETERGENTE LIQUIDO DORIGON LIMAO 2L,118.0,1202.76
LIMPADOR PERFUMADO LEVO EUCALIPTO 500ML,437.0,1202.27
CLORO CRIS AGUA PCT 1 KG,30.0,1201.53
LIMPADOR ESSENCIA RAFI EUCALIPTO 200ML,85.0,1201.45
ALVEJANTE BRASQUIL SEM CLORO 2L,71.0,1201.09
DESINFETANTE MAZAL MARINE 2L,153.0,1200.85
REMOVEDOR GITANES 500ML,75.0,1200.6
LIMPADOR ESSENCIA GIORNO CONC DE SUPERFICIE VERBENA 120ML,75.0,1200.42
DESINFETANTE ASA DO BRASIL LAVANDA 5L,68.0,1199.16
LIMPADOR PERFUMADO CASAFLOR GLAMOUR 6X1.75L,25.0,1197.9
DESINFETANTE BARBAREX JASMIN 5L,84.0,1197.63
SABAO LIQUIDO PELLY SABON LIQ DOCE 500ML,61.0,1197.49
SABAO LIQUIDO BABY SOFT MAX VERDE 5L,31.0,1197.11
DESINFETANTE KIMAFLOR EUCALIPTO 5L,65.0,1196.63
DETERGENTE LIQUIDO CHEIRO BOM NEUTRO 5L,88.0,1196.57
LIMPEZA PESADA VEJA ORIGINAL LV500ML PG400ML 500ML,153.0,1196.3
DESINFETANTE CASA LIMPA FLORAL 2L,142.0,1193.98
SABAO LIQUIDO SAMY BEBE 500ML,76.0,1193.58
DETERGENTE LIQUIDO LEVO CLEAR 500ML,863.0,1193.37
LIMPEZA PESADA RADNAQ LIMPA ESTOFADO AERO 300ML,49.0,1192.07
AGUA SANITARIA MAYOR 5L,57.0,1191.65
DESINFETANTE CASA E CARINHO LAVANDA 1L,181.0,1191.22
DETERGENTE LIQUIDO BRANMIX LIMAO 24X500ML,31.0,1191.12
LIMPADOR ESSENCIA SO AROMAS CEREJA AVELA 140ML,175.0,1190.83
DESINFETANTE LUMI LAVANDA 5L,116.0,1190.0
SBPO BRILHANTE MULTI TECIDOS FRESH CM N/IDENT SC PL 1000G,85.0,1189.96
SABAO LIQUIDO LIQMIL 500ML,269.0,1189.27
SABAO EM PO BREEZE MULTIACAO 400G,369.0,1188.04
ALVEJANTE KLARIANA SEM CLORO 1L,165.0,1188.01
DESINFETANTE ATTO CAMPESTRE 2L,194.0,1187.89
SABAO LIQUIDO TELEFRANGO LIQ GREEN 3L,66.0,1187.34
AGUA SANITARIA UTIL 1L,394.0,1187.22
ALVEJANTE BIANCOLL SEM CLORO 1L,134.0,1187.1
LIMPADOR PERFUMADO LEVO SENSACAO 500ML,290.0,1186.76
DESINFETANTE LYSOL PINHO 500ML,47.492000000000004,1186.66
LIMPADOR PERFUMADO LEVO FLORAL 5L,97.0,1186.51
DETERGENTE LIQUIDO ESTRELA MACA 500ML,498.0,1184.56
TIRA MANCHA BIOWASH 350G,39.0,1184.12
DESINFETANTE SUPREMA EUCALIPTO 6X2L,48.0,1184.05
LIMPADOR MULTIUSO LUAR TRADICIONAL SQUEEZE 500ML,342.0,1183.38
DESINFETANTE PINHO SOL ORIGINAL 12X500ML,14.0,1182.82
DETERGENTE LIQUIDO PRAPISO MAX WHITE 1L,164.0,1182.14
LIMPADOR MULTIUSO QBOA TRADICIONAL 12X500ML,32.0,1181.71
DETERGENTE LIQUIDO YPE CLEAR 6X500ML + 3 ESPONJAS,497.0,1180.28
CLORO MAX LIMP 2LT,184.0,1180.26
DESINFETANTE RETIRO LAVANDA 2L,188.0,1179.97
"LIMPADOR PERFUMADO UAU BRISA E FRESCOR 1,8L",70.0,1178.74
DESENGORDURANTE ESSENCIAL 5LT,43.0,1177.96
LIMPADOR ESSENCIA CONCENTRADO COALA PINHO 120ML,115.0,1177.03
LIMPEZA PESADA SUPER CLEAN EVOLUTION 12X1L,16.0,1176.82
LIMPADOR MULTIUSO TUPI ZEROBAC D-LIMONENO 500ML,365.0,1176.65
LIMPADOR MULTIUSO ESFRELUX CLASSIC AZUL 500ML,244.0,1176.27
DESINFETANTE KIMAFLOR AMAZONIA GREEN 5L,60.0,1173.46
LIMPADOR PERFUMADO LEVO JASMIM 500ML,428.0,1173.39
CLORO GEL USE 2LT,64.0,1173.34
AMACIANTE CONCENTRADO DORIGON VERAO 1L,79.0,1172.99
DESINFETANTE STORK LAVANDA 2L,153.0,1172.26
AMACIANTE DILUIDO CENAP FLORAL 2L,128.0,1172.2
DESINFETANTE LIMPS FLORAL 500ML,414.0,1171.92
DESINFETANTE CLARUS TRADICIONAL 500ML,370.0,1171.74
DETERGENTE LIQUIDO GUAMA COCO 500ML,588.0,1171.73
DESINFETANTE BRINORT PINHO 6X2L,44.0,1171.68
DETERGENTE LIQUIDO YPE ALOE VERA 500ML,451.0,1171.35
DESINFETANTE BRIIZ PRIMAVERA 5L,101.0,1171.23
DETERGENTE LIQUIDO POLLUX ECONOMIC MACA 5L,58.0,1170.93
"AMACIANTE DILUIDO MON BIJOU 3 EM 1 6X1,7L",32.0,1170.22
DESENGORDURANTE ZAVASKI LARANJA REFIL 500ML,144.0,1170.13
AGUA SANITARIA DA CASA BRANCA 12X1L,49.0,1169.16
LIMPADORES PISCINA CLORO HIDROALL TABLETE 3 EM 1 200G,102.0,1169.08
ALVEJANTE LG QUIMICA SEM CLORO 5L,52.0,1168.48
ALVEJANTE ESSENCIAL SEM CLORO ROUPAS COLORIDAS 5L,60.0,1168.06
AGUA SANITARIA KADAN PET 5L,103.0,1166.9
AGUA SANITARIA LIDER 1L,348.0,1165.32
AMACIANTE DILUIDO AMACILUX ACONCHEGO E CONFORTO 2L,151.0,1164.67
DESINFETANTE ARCHOTE EUCALIPTO 5L,85.0,1164.52
AMACIANTE DILUIDO ROUPA E CARINHO TERNURA  2L,161.0,1164.11
CLORO LUMINOSA EXTRA FORTE 1000ML,322.0,1163.63
DESINFETANTE QUIMITOL CONCENTRADO REALEZA 100ML,91.0,1161.87
DETERGENTE LIQUIDO ATRIUS NEUTRO 1L,276.0,1161.14
DETERGENTE LIQUIDO ACQUA PLUS NEUTRO 5L,69.0,1160.67
LIMPADOR PERFUMADO CASAFLOR ORQUIDEA NEGRA 12X500ML,33.0,1160.56
REMOVEDOR SAFRA JASMIM 500ML,81.0,1160.53
DETERGENTE LIQUIDO ARGUS NEUTRO 2L,41.0,1159.58
DETERGENTE LIQUIDO LIMPOL NEUTRO 4X5L,13.0,1159.3
LIMPADOR MULTIUSO JAGUAR ACIDO MURIATICO 1L,242.0,1159.25
SABAO LIQUIDO LEVO DELICATE 1L,148.0,1158.91
SABAO LIQUIDO JOB COCO GEL 2L,70.0,1157.61
SABAO LIQUIDO IAPO AÇÃO PROFUNDA 3L,68.0,1156.3
DESINFETANTE QUIMITOL CONCENTRADO LAVANDA 100ML,91.0,1155.79
ESSENCIA LIMPADUA ORIENTAL 200ML,83.0,1155.57
DETERGENTE LIQUIDO LINTAX LIMAO 2L,200.0,1154.79
CLORO BRASQUIL 2LT,91.0,1153.56
AMACIANTE CONCENTRADO AMACITEL CERISE 500ML,98.0,1152.04
LIMPADOR PERFUMADO KIMAX AMAVILE 1L,155.0,1151.48
REAX LIMPA CHAPAS 2LT REMOVEDOR,18.0,1150.73
DESINFETANTE ATTO LAV 2L,184.0,1150.68
LIMPADOR MULTIUSO BRAVO PISO CERAMICA 400ML,98.0,1150.59
LIMPADOR PISCINA ATCLLOR REDUTOR DE PH E ALCALINIDADE 1L,40.0,1150.14
AMACIANTE DILUIDO CEVO 2L,120.0,1149.88
LIMPADOR PERFUMADO AQUAPLUS LAVANDA 2L,107.0,1149.79
AMACIANTE CONCENTRADO DOWNY NATURALS COCO E MENTA 450ML,79.0,1149.31
DESINFETANTE AYLAG PINHO GEL 2L,85.0,1149.28
AGUA SANITARIA VITORIA 5L,100.0,1148.93
LIMPADOR PERFUMADO FACILITA JARDIM DE TULIPAS 1L,173.0,1148.75
LIMPADOR MULTIUSO PERFECTO REFIL 500ML,81.0,1148.21
AGUA SANITARIA LIDER 2L,175.0,1148.15
LIMPADOR ESSENCIA KINTANA PINHO 100ML,136.0,1146.54
DETERGENTE LIQUIDO GAROTO COCO 500ML,646.0,1146.53
SABAO LIQUIDO SONHO ROSA 500ML,76.0,1146.07
SABAO LIQUIDO BRIFORT CONCENTRADO VERDE 6X2L,29.0,1146.06
CLORO BLUMENAU UTIL 1L,175.0,1146.02
DESINFETANTE LIPON LAVANDA 2L,182.0,1145.86
DETERGENTE LIQUIDO URCA CLEAR 5L,57.0,1145.72
DESINFETANTE VOREL PERFORM SPRAY 500ML,93.0,1144.32
SABAO LIQUIDO POP VERDE 5L,84.0,1143.75
DESINFETANTE TODO BOM JASMIM 500ML,409.0,1142.91
"AMACIANTE DILUIDO FLOM TRADICIONAL 1,8L",32.0,1142.71
DETERGENTE LIQUIDO TUPA VERDE 2L,137.0,1142.32
LIMPADOR PERFUMADO LOURO LAVANDA 5L,60.0,1141.6
AMACIANTE CONCENTRADO CANDURA PURO CARINHO GARRAFA 500ML,147.0,1141.58
AGUA SANITARIA ALIANCA 2L,187.0,1141.44
DESINFETANTE MIL JASMIM 1L,297.0,1141.44
AMACIANTE DILUIDO PONTAL AMARELO 2L,151.0,1141.07
DESINFETANTE NIDA CLEAN TRADICIONAL 500ML,266.0,1138.88
DETERGENTE LIQUIDO PRINCESA LIMAO 500ML,598.0,1138.38
DESINFETANTE PINHO BRIL FLORES DE LIMAO 12X1L,11.0,1138.27
AMACIANTE CONCENTRADO MARILUX CLASSIC E AMOR 5L,72.0,1136.93
DESINFETANTE CASA E CARINHO PINHO 2L,129.0,1136.71
LIMPADOR PERFUMADO LIMPA MIL GEL LIMAO 1L,110.0,1136.53
DESINFETANTE JOB FRESCOR DA MANHA 2L,222.0,1136.51
AGUA SANITARIA LIMPINHA 2L,138.0,1136.35
LIMPADOR ESSENCIA QUIM AROMA CAMPESTRE 140ML,119.0,1135.83
SABAO LIQUIDO SANOL 2X1L + AMACIANTE PLUSH 500ML,53.0,1135.19
SABAO EM PO ALA LIMAO E BICARBONATO 16X800G,12.0,1134.96
LIMPADOR MULTIUSO TOP CASA EFEITO MICELAR 500ML,338.0,1134.62
AMACIANTE CONCENTRADO NIDA ROXO 1L,71.0,1134.0
SABAO EM PO TULY COCO 500G,413.0,1132.47
DESINFETANTE SUPER CLEAN LAVANDA 2L,135.0,1132.3
AGUA SANITARIA MAX LIMP CLORO ATIVO 2L,200.0,1132.28
SABAO LIQUIDO BRILHA SUL GREEN 2L,76.0,1132.12
DESINFETANTE CASA LIMPA TALCO 2L,136.0,1130.78
LIMPEZA PESADA CATARINA CLORADO 5L,37.0,1129.55
LIMPADOR MULTIUSO LIMPOL LAVANDA 12X500ML,25.0,1129.2
AMACIANTE DILUIDO MAX CLEAR CONFORTO  1L,267.0,1128.85
ALVEJANTE BIO NATURE SEM CLORO 2L,99.0,1128.72
DESINFETANTE SOL PINHO LAVANDA 1L,379.0,1128.63
DETERGENTE LIQUIDO BRILUX MACA 24X500ML,25.0,1128.52
DETERGENTE LIQUIDO HIGILAR NEUTRO 5L,44.0,1127.43
AGUA SANITARIA LIMP LAR 2L,218.0,1126.65
AMACIANTE CONCENTRADO TUFF SUBLIME MAGIA 3L,54.0,1126.0
DETERGENTE LIQUIDO LINTAX COCO 2L,195.0,1125.72
DETERGENTE LIQUIDO FLORESTA DA SERRA MACA 2L,139.0,1125.57
LIMPADOR MULTIUSO LUAR CAMPESTRE SPRAY 500ML,324.0,1125.56
AMACIANTE DILUIDO FLOPS AZUL 2L,182.0,1124.78
LIMPADOR PERFUMADO MAXIMO BRILHO BRISA LAVANDA 200ML,283.0,1123.79
SABAO LIQUIDO ZOMAX DE ALCOOL 2L,66.0,1123.27
SABAO LIQUIDO ANIL 5L,21.0,1122.35
ALVEJANTE Q LAR SEM CLORO MULTIUSO 1L,161.0,1121.01
TIRA MANCHA PLUSH OXY2 PRE-LAVAGEM 900G,36.0,1120.21
AMACIANTE DILUIDO ROUPA E CARINHO DELICADO 2L,157.0,1120.09
DESINFETANTE GUARANI EUCALIPTO 500ML,500.0,1119.18
DETERGENTE LIQUIDO FC NEUTRO 500ML,599.0,1118.6
LIMPADOR DE PISCINA DICLORO GRANULADO REFIL HIDROAZUL 1KG,30.0,1118.06
LIMPADOR ESSENCIA QUIM AROMA ALFAZEMA 140ML,125.0,1118.04
DESINFETANTE ULTRALAR LAVANDA 500ML,352.0,1117.85
SABAO EM PO MAX FLORES 6EM1 400G,302.0,1117.82
LIMPADOR PERFUMADO CASA PERFUMADA COM ALCOOL JASMINE 500ML,89.0,1116.97
DESINFETANTE CHEIRO BOM ALGAS 2L,168.0,1116.68
SABAO LIQUIDO TIXAN YPE MACIEZ 12X900ML,10.0,1116.36
DETERGENTE LIQUIDO VIDA NOVA NEUTRO 2L,166.0,1116.24
DESINFETANTE CERGRAN FLORAL 2L,216.0,1116.12
DESINFETANTE ALVEJAXX JASMIM VERMELHO 5L,68.0,1116.04
AMACIANTE DILUIDO MONTE LAGOS 5L,60.0,1114.62
DESINFETANTE CERGRAN LAVANDA 2L,223.0,1114.32
LIMPEZA PESADA LIMPADUA PINHO GEL 5L,29.0,1114.05
DESINFETANTE NOVO LAR FRESH 2L,162.0,1113.03
LIMPADOR PERFUMADO BEM BOM NARDO 2L,207.0,1112.16
AGUA SANITARIA VERAO 2000ML,185.0,1111.29
CLORO SUPERCLOR CLOR UP 1KG PISCINA,60.0,1110.54
DESINFETANTE TANLUX PINHO 2L,212.0,1110.53
AGUA SANITARIA MIMO FRASCO 2L,247.0,1110.39
SABAO LIQUIDO CASA LIMPA 2L,49.0,1110.19
SBPO OMO COMF CLASSIC 1000G,75.0,1109.69
AMACIANTE DILUIDO TRES BARRAS AZUL 2L,140.0,1109.43
DESINFETANTE ASTOLLI LAVANDA 2L,179.0,1107.31
AGUA SANITARIA MIL FLORES 2L,174.0,1107.07
DESINFETANTE PINHO SOL MULTIUSO LIMAO 500ML,113.0,1107.04
AMACIANTE DILUIDO BRILHA SUL 3L,88.0,1106.34
DESINFETANTE GIOCA MARINE 500ML,307.0,1106.28
LIMPADOR MULTIUSO UAU FOLHAS VERDES SQZ 500ML,192.0,1106.06
DESINFETANTE GUIMARAES NEUTRALIZA ODORES 5L,32.0,1106.05
DESINFETANTE G LIMP DA NOITE 2L,235.0,1106.01
DESINFETANTE GLOBO ORVALHO 2L,158.0,1105.68
DESINFETANTE NIDA CLEAN FLORAL 500ML,265.0,1105.37
DESINFETANTE TOP MIL PINHO 2L,171.0,1103.75
DESINFETANTE HERBAL ALE 2L,80.0,1102.91
AMACIANTE DILUIDO BEBE E CARINHO AMENDOAS 1L,134.0,1101.79
LIMPADOR MULTIUSO BIOWASH CAPIM LIMAO 650ML,58.0,1101.43
DETERGENTE LIQUIDO VIDA CLEAR 24X500ML,31.0,1100.4
ALVEJANTE DEION SEM CLORO ROSA 5L,41.0,1099.31
DESINFETANTE DULAGO TALCO 1L,366.0,1099.19
DETERGENTE LIQUIDO LINTAX NEUTRO 2L,187.0,1099.03
AMACIANTE DILUIDO BABY BETTY AZUL 2L,166.0,1098.48
"LIMPADOR PERFUMADO STILL CLEAN  PAIXAO 1,75L",111.0,1098.15
LAVA ROUPA LIQUIDO ARIEL SCH 700ML  3EM1,98.0,1096.93
AGUA SANITARIA QBELLA 5L,70.0,1096.67
"AMACIANTE CONCENTRADO ZUPP VELVET SECRETS 1,5L",45.0,1096.23
LIMPADOR MULTIUSO LIMPOL LIMAO 12X500ML,24.0,1095.9
DESINFETANTE TRID NEUTRO 2L,112.0,1095.82
SABAO LIQUIDO MAIS LIMPEZA AZUL 2L,138.0,1095.45
ALVEJANTE FUZETTO SEM CLORO 1L,164.0,1095.08
LIMPADOR PERFUMADO LEVO JASMIM 5L,88.0,1094.63
LIMPADOR PERFUMADO RADIANTE LIRIOS DO CAMPO 500ML,250.0,1093.04
DET PO OMO L2KG P1.8KG MULTIACAO,51.0,1092.56
AMACIANTE DILUIDO SUPER LAR AZUL 5L,71.0,1092.1
AGUA SANITARIA MAGIC ACQUA 5L,87.0,1091.55
DETERGENTE LIQUIDO TRIEL NEUTRO 500ML,612.0,1091.53
LIMPADOR ESSENCIA QUIM AROMA TALCO 100ML,137.0,1091.25
LIMPADOR PERFUMADO LA VILLE BIARRITZ 2L,194.0,1091.12
SABAO LIQUIDO ABA PLUS DE COCO 2L,134.0,1091.03
LIMPADOR ESSENCIA NOVO FRESCOR PREM FLORAL 140ML,94.0,1090.13
AMACIANTE DILUIDO NUTRILAR COLO DE MAE 2L,126.0,1090.03
LIMPADOR PISCINA BEL CLORO GRANULADO BALDE 10KG,5.0,1089.5
DESINFETANTE NUTRILAR CEREJEIRA 1L,316.0,1089.47
SABAO EM PO POLYLAR 2KG,72.0,1089.07
DESINFETANTE TRIEL LAVANDA 2L,243.0,1088.38
ALVEJANTE SOLARQUIM 5L,71.0,1087.96
AMACIANTE DILUIDO CAMPESTRE AZUL 2L,153.0,1087.11
DESENGORDURANTE DONA CLARA MULTIUSO 500ML,175.0,1086.85
DETERGENTE LIQUIDO ATTO MACA 2L,134.0,1086.76
DETERGENTE LIQUIDO GAROTO MACA 500ML,607.0,1082.65
DESINFETANTE ESTRELA CITRUS 2L,145.0,1082.5
CLORO LG 5L,59.0,1082.01
DESINFETANTE MAX 1000 CHEIRO FRAG DIVE 120ML,284.0,1080.97
"AMACIANTE DILUIDO SONHO MAGIC GARRAFA L2P1,6 6X2L",24.0,1080.36
DETERGENTE LIQUIDO MAZA LIMAO 500ML,592.0,1080.1
TIRA MANCHA VANISH PO OXI ACT MULT PWR 50% DESC CR WT 2X450G,30.0,1079.35
DETERGENTE LIQUIDO ESTRELA LIMAO 500ML,457.0,1078.84
DETERGENTE LIQUIDO BRANMIX MACA 24X500ML,28.0,1077.84
LIMPADOR ESSENCIA PURA MAGIA CAMPESTRE 140ML,106.0,1077.76
DETERGENTE LIQUIDO KINTANA CLEAR 500ML,504.0,1077.73
DESINFETANTE MAIS Q BOM PINHO 2L,199.0,1077.63
LIMPADOR MULTIUSO TUPI ZEROBAC CAMPESTRE 500ML,312.0,1076.85
DESINFETANTE TUPA ALGAS 2L,153.0,1076.7
AMACIANTE DILUIDO COMBATE PETALA 2L,124.0,1076.19
DESINFETANTE MIMO LAVANDA 1L,295.0,1075.35
LIMPADOR MULTIUSO PARANAIBA TRADICIONAL 500ML,367.0,1075.29
DESINFETANTE CAMPESTRE FLORES DO CAMPO 2L,178.0,1075.29
SABAO EM PO TIXAN YPE ANTIBAC CX 20X800G,6.0,1075.2
DESINFETANTE LIMPA BEM MARINE 2L,199.0,1073.61
SABAO EM PO BIO NATURE SACHE 800G,168.0,1073.42
AGUA SANITARIA DLM 5L,115.0,1071.69
PROD PISC QUIBENNE 1L REDUTOR DE PH,41.0,1071.66
DESINFETANTE UTIL EUCALIPTO 2L,180.0,1071.44
AGUA SANITARIA VIOL 2L,196.0,1070.49
DESENGORDURANTE DIABO VERDE LIMPA FORNO 12X250G,7.0,1070.28
DESINFETANTE KINTANA EUCALIPITO 5L,67.0,1069.85
SBPO TIXAN ACAO MAXIMA 500G,10.0,1069.0
LIMPEZA PESADA FURIA AMONIACO 500ML,209.0,1068.01
DESINFETANTE FLORANTE LAVANDA 2L,246.0,1067.85
TIRA MANCHAS VANISH PRE-LAVAGEM SPRAY 500ML,37.0,1066.93
TIRA MANCHA VANISH PO S/CLORO OXI ADVANCE ANTIBAC REFIL 870G,18.0,1065.81
AMACIANTE DILUIDO LIMPEMAX BLUE 2L,108.0,1065.01
SABAO LIQUIDO SEMORIN JEANS 500ML,71.0,1064.9
DETERGENTE LIQUIDO COMBATE MACA 2L,123.0,1063.93
AMACIANTE DILUIDO PRINCESA CONFORTO 1L,263.0,1062.26
AMACIANTE DILUIDO BRIIZ AZUL 5L,80.0,1061.2
DESINFETANTE CHEIRO BOM HERBAL 2L,204.0,1061.1
DETERGENTE LIQUIDO TRIEL CLEAR 500ML,618.0,1060.39
LIMPADOR PERFUMADO DU REI CAIAQUE 2L,222.0,1060.28
DESINFETANTE MAIS FAMILIA EUCALIPTO 5L,61.0,1060.1
LIMPADOR MULTIUSO VEJA GOLD ORIGINAL 500ML,220.0,1059.17
SABAO EM PO TIXAN YPE PRIMAVERA SC 3KG,36.0,1059.14
AMACIANTE CONCENTRADO BARBAREX BLUE 2L,49.0,1057.7
LIMPADOR ESSENCIA QUIM AROMA LAVANDA 100ML,132.0,1057.68
SABAO LIQUIDO 1L KILIMPEX,177.0,1057.42
AMACIANTE DILUIDO TRES BARRAS AZUL 5L,53.0,1057.35
DETERGENTE LIQUIDO HIGILAR MACA 2L,99.0,1056.24
DESINFETANTE GLOBO TALCO 2L,160.0,1055.91
LIMPADOR PERFUMADO SMART 500ML,194.0,1055.37
AMACIANTE DILUIDO MON BIJOU NATUREZA 5L,38.0,1054.52
DETERGENTE LIQUIDO BIOWASH HIPOALERGENICO MENTA 650ML,58.0,1053.69
LIMPADOR PERFUMADO CASA E CARINHO FRESCOR 1L,153.0,1053.54
CLORO G POL DECAPANTE 1L,111.0,1053.15
DETERGENTE LIQUIDO CHEIRO BOM MACA 5L,78.0,1053.05
LIMPADOR ESSENCIA QUIM AROMA MIL FLORES 140ML,109.0,1052.97
DETERGENTE LIQUIDO VIDA NEUTRO 24X500ML,25.0,1052.88
SABAO LIQUIDO TOPLIN DUPLA ACAO 5L,42.0,1051.66
DESINFETANTE TRIEL FLORAL 2L,234.0,1051.52
DETERGENTE LIQUIDO DU REI LIMAO 2L,155.0,1051.09
AGUA SANITARIA ESSENCIAL 5L,93.0,1051.07
DETERGENTE LIQUIDO LIMPADUA COCO 500ML,465.0,1050.97
DESINFETANTE MIMO FLORAL 1L,291.0,1049.32
LIMPADOR ESSENCIA JANAINA EUCALIPTO 140ML,137.0,1049.11
SABAO LIQUIDO SAIF COCO 1L,67.0,1048.85
AGUA SANITARIA Q-OTIMO 5L,84.0,1048.75
DESINFETANTE LIDER CAMPESTRE 2L,161.0,1048.56
AMACIANTE DILUIDO TOP CLEAR LAVANDA 2L,175.0,1048.53
LIMPEZA PESADA LIMP LAR LIMPA PEDRA 2L,74.0,1048.45
SABAO LIQUIDO SAMY ESCURAS 500ML,69.0,1048.43
REMOV REAX 500ML LAV,115.0,1047.97
CLORO RICLEY 2L,83.0,1047.29
SABAO LIQUIDO IMPERIAL COCO 1L,134.0,1046.82
LIMPADOR PERFUMADO FLORESTA DA SERRA CASCAS E FOLHAS 2L,138.0,1046.12
DETERGENTE LIQUIDO FC CLEAR 500ML,537.0,1046.08
"SABAO LIQUIDO GLOBO SAN VERDE 1,8L",132.0,1045.85
AGUA SANITARIA LIMPINHA  2L,179.0,1045.44
LIMPADOR PERFUMADO RIALER FLORAL 5L,59.0,1045.32
REMOVEDOR LIMPADUA MULTIUSO LIMPEZA GERAL 500ML,71.0,1045.25
DESINFETANTE PARANAIBA EUCALIPTO 2L,209.0,1044.92
DESINFETANTE AZULIM ALECRIM 500ML,233.0,1044.32
DESENGORDURANTE BARRIGA VERDE BICARBONATO 500ML,69.0,1043.94
LIMPADOR PERFUMADO MAIS CASA SEDUCAO 1L,125.0,1043.79
DESINFETANTE QUIMITOL CONCENTRADO FLORAL 100ML,87.0,1043.63
DESINFETANTE MIL EUCALIPTO 1L,269.0,1043.42
LIMPADOR ESSENCIA PURA MAGIA HARMONIA 140ML,103.0,1043.0
AMACIANTE DILUIDO LIMPE BEM CONFORT 1L,205.0,1042.69
DETERGENTE LIQUIDO LOURO THIN GEL 5L,40.0,1042.6
REMOVEDOR SAFRA CITRONELA 500ML,79.0,1042.45
DETERGENTE LIQUIDO CLARUS NERUTRO 5L,55.0,1040.19
DETERGENTE LIQUIDO ALPES CHA VERDE HORTELA 500ML,464.0,1039.6
"CLORO PISCINA SMART MULT ACAO 7,5KG BLUEPOOL",8.0,1038.66
DET PO OMO 500G MULTIACAO SACHE,113.0,1038.63
DETERGENTE LIQUIDO HIGILAR LIMAO 2L,97.0,1037.91
LIMPEZA PESADA ALLCHEM LIMPA PISOS E PEDRAS 950ML,32.0,1036.08
AMACIANTE DILUIDO BLUE BOM 2L,150.0,1035.88
DESINFETANTE RETIRO MARINE 2L,166.0,1035.26
AMACIANTE DILUIDO NUTRILAR CARICIA 2L,119.0,1035.18
AMACIANTE DILUIDO MASCIMO CONFORTO  1L,157.0,1035.09
SABAO LIQUIDO SURF PRO LAVANDA 7L,20.0,1033.27
ALVEJANTE USE SEM CLORO 2L,101.0,1033.15
AGUA SANITARIA QBELLA 1L,291.0,1032.14
AMACIANTE DILUIDO ZAVASKI COCO 5L,57.0,1032.03
TIRA MANCHA POLLUX 500ML,51.0,1031.03
"AMACIANTE DILUIDO PUFF RAIO DE SOL 1,5L",123.0,1030.61
AMACIANTE DILUIDO JOB 2L,174.0,1030.51
DESINFETANTE FLOPS PINHO 2L,161.0,1029.65
LIMPADOR ESSENCIA QUIM AROMA VIOLETA 100ML,131.0,1029.02
LIMPADOR PERFUMADO GOTA LIMPA FLORAL 500ML,206.0,1028.88
AMACIANTE CONCENTRADO LOURO FLORES SILVESTRES 1L,94.0,1027.04
AMACIANTE DILUIDO AMACIO AZUL 2L,162.0,1026.68
SABAO EM PO PONTAL AÇÃO TOTAL 500G,318.0,1026.45
SBPO SURF TQ FOFO OLEOS ESSEN CAM SOB PETALA FLORCER/LAV SCP,108.0,1026.34
DETERGENTE LIQUIDO PRA VALER MACA 500ML,544.0,1025.82
REMOVEDOR GITAN,65.0,1025.8
DESINFETANTE PONTAL PINHO 2L,131.0,1024.85
DETERGENTE LIQUIDO POLY BRIL COCO 2L,155.0,1024.43
DETERGENTE LIQUIDO POLY BRIL ERVA DOCE 2L,155.0,1024.08
LIMPADOR MULTIUSO PARANAIBA FRESH 500ML,355.0,1023.81
AGUA SANITARIA CRISTAL BRANCA 2L,156.0,1023.24
"AGUA SANITARIA POLILUZ 2 L ,",152.0,1023.09
LIMPADOR MULTIUSO AMALIA JASMIM SQUEEZE 500ML,315.0,1023.05
DESINFETANTE NOVO BRILHO FLORES DE NARA 2L,155.0,1022.9
AMACIANTE DILUIDO LIMPEX 2L,332.0,1021.31
DETERGENTE LIQUIDO MAXPOL LIMAO 500ML,632.0,1020.62
LIMPADOR PERFUMADO BIOLIMP CONCENTRADO LAVANDA 5L,30.0,1017.2
AGUA SANITARIA BLIMP 1L,315.0,1016.99
DETERGENTE LIQUIDO PONTAL CLEAN 500ML,476.0,1016.38
DESINFETANTE ATUAL FLORAL 2L,187.0,1012.39
LIMP KANGOO EUCALIPTO 100ML,109.0,1011.61
DESINFETANTE DIA A DIA DILUIVEL ERVA DOCE 140ML,72.0,1011.1
KIT POOLTEST 4EM1 C/25 FITAS HIDROALL,28.0,1010.3
AGUA SANITARIA GBOA 5L,100.0,1010.05
SABAO LIQUIDO SAMY COCO 500ML,67.0,1009.75
DESINFETANTE DULAGO EUCALIPTO 1L,316.0,1008.17
CLORO PISCINA HIDROALL FLUTU TABLETE PENTA C 7 200G,11.0,1007.13
LIMPADOR MULTIUSO LIMPS LAVANDA 500ML,281.0,1007.08
DESINFETANTE ECONOMICO LAVANDA 6X2L,23.0,1007.04
DESINFETANTE NOVO REINO LAVANDA 5L,62.0,1005.51
LIMPADOR MULTIUSO AMALIA LAVANDA SQUEEZE 500ML,306.0,1004.49
DESINFETANTE PLUS 2L,210.0,1001.46
AMACIANTE DILUIDO GLOBO AZUL PRIMAVERA 2L,144.0,1000.89
CLORO LIQUIDO CLOROLAR 2L,122.0,1000.39
LIMPEZA PESADA BIO-KRISS CLORO LIQUIDO 1L,142.0,1000.36
DESINFETANTE MIL TALCO 2L,149.0,999.15
AMACIANTE CONCENTRADO DOWNY VERAO TROPICAL 12X1L,4.0,999.12
DESINFETANTE JIMO ANTIBAC AEROSOL SEM FRANGRANCIA 300ML,44.0,998.53
DETERGENTE LIQUIDO FC CLEAR 24X500ML,26.0,998.4
AMACIANTE DILUIDO TOKE 5L,82.0,996.11
AMACIANTE DILUIDO SUPER MAX 2L,164.0,996.05
LIMPADOR PERFUMADO LEVO FLORAL 500ML,373.0,995.92
DETERGENTE LIQUIDO BEM BOM NEUTRO 2L,137.0,995.43
DETERGENTE LIQUIDO AROMA DO MEARIM NEUTRO 500ML,528.0,994.15
"DESINFETANTE SUPER CLEAN FLOWER 1,8L",122.0,993.78
DETERGENTE LIQUIDO BIO-KRISS CLEAR 5L,61.0,992.97
DESINFETANTE KINTANA LAVANDA 5L,62.0,992.45
DETERGENTE LIQUIDO MASCIMO CRISTAL 1L,174.0,992.4
DESINFETANTE SOLIMP CARAVELA 2L,168.0,991.77
SABAO LIQUIDO ROUPA E CARINHO COCO 500ML,109.0,991.53
SABAO EM PO SONHO MULTIACAO 10 EM 1 26X400G,15.0,991.4
SABAO EM PO BOLT 1.6KG,57.0,991.22
DETERGENTE LIQUIDO FC MACA 500ML,521.0,990.77
DESINFETANTE ATRON LAVANDA 2L,192.0,990.71
SABAO EM PO CARREFOUR ESSENTIAL 2KG,66.0,989.34
DESINFETANTE CASA PERFUMADA JASMINE 5L,56.0,989.17
SABAO LIQUIDO MAX CONFORT LIQUIDO 2L,86.0,988.91
DESINFETANTE TOP MIL FLORAL 5L,70.0,988.44
AMACIANTE DILUIDO LIMPA MIL FLORES DE ROSA 5L,64.0,987.43
AMACIANTE DILUIDO PRINCESA CONFORTO 2L,121.0,987.31
DESINFETANTE KOKINOS CLORO MAX 2L,115.0,987.05
DETERGENTE LIQUIDO LINTAX CRISTAL 2L,169.0,986.45
DETERGENTE LIQUIDO NIDA CLEAR 500ML,401.0,986.09
DETERGENTE LIQUIDO LEVO COCO 5L,61.0,985.19
LIMPADOR PET COLLIE ELIMINADOR DE ODORES HERBAL 2L,62.0,984.3
DESINFETANTE ZAVASKI EUCALIPTO 5L,48.0,984.13
DETERGENTE LIQUIDO GOTA FORTE NEUTRO 5L,50.0,983.34
DESINFETANTE MAIS Q BOM EUCALIPTO 2L,183.0,982.53
SABAO PO OMO LAVAGEM PERF CX 400G,132.0,982.08
DESINFETANTE G LIMP TALCO 2L,213.0,981.75
DETERGENTE LIQUIDO POLLUX LIMAO 5L,50.0,980.21
DETERGENTE LIQUIDO GAROTO NEUTRO 500ML,563.0,979.94
AMACIANTE DILUIDO MON BIJOU MAIS CUIDADO 6X1.7L,27.0,979.81
DESINFETANTE TUPA VIOLETA 2L,135.0,979.67
AMACIANTE DILUIDO DULAGO AZUL 2L,160.0,979.55
AMACIANTE DILUIDO ASTOLLI LAVANDA 2L,151.0,978.8
SABAO LIQUIDO LIMPA JA VERDE 5L,47.0,978.73
ALGICIDA CHOQUE MONTREAL 1L,39.0,978.45
DESINFETANTE URCA LAVANDA 5L,78.0,978.39
AMACIANTE DILUIDO RETIRO CARINHOSO 1L,238.0,977.99
SABAO LIQUIDO BIOWASH LAVANDA 1L,28.0,977.01
DETERGENTE LIQUIDO INVICTO COCO 24X500ML,23.0,975.96
SABAO LIQUIDO VITORIA AZUL 5L,31.0,975.89
ALVEJANTE ALVEX SEM CLORO 5L,36.0,975.84
DESINFETANTE BUFALO JASMIM 5L,61.0,975.58
AGUA SANITARIA LIMP LAR 1L,317.0,974.72
DESINFETANTE PEPY FLORAL 2L,108.0,974.39
SABAO EM PO TIXAN YPE MACIEZ SC 4X4KG,7.0,974.23
AGUA SANITARIA DRAGAO 2X5L,59.0,973.85
SABAO LIQUIDO TRIEL SAB LIQ 2L,78.0,973.67
SABAO EM PO LUME MAXX FLORAL 500G,565.0,973.42
DESINFETANTE SOL FLORAL 1L,310.0,973.18
DESINFETANTE CHEIRO BOM MARINE 2L,143.0,973.03
AMACIANTE DILUIDO DAS NEVES AZUL 2L,133.0,972.68
DETERGENTE LIQUIDO ECONOMICO LIMAO 24X500ML,17.0,972.0
LIMPADOR ESSENCIA REMMUS BABY 140ML,125.0,971.68
SABAO LIQUIDO CHEIRO BOM POWER FRESH 5L,57.0,971.63
AMACIANTE DILUIDO SONHO MAGIC GARRAFA L500P450 12X500ML,24.0,971.28
DESINFETANTE PROLAR ALGAS MARINHAS 2L,175.0,971.25
AMACIANTE CONCENTRADO ALPES AMOR ETERNO 500ML,125.0,970.81
DESINFETANTE TUPA TALCO 2L,134.0,970.58
LIMPADOR PISCINA AQUAPOOL REDUTOR PH ALCALINIDADE 1KG,33.0,969.76
LIMPADOR MULTIUSO LIMPADUA 500ML,220.0,969.47
AMACIANTE CONCENTRADO COMFORT PROTECAO ANTIODOR 1L,39.0,969.25
SABAO LIQUIDO LINTAX 2L,97.0,969.23
AGUA SANITARIA MULTICLEAN 5L,126.0,968.74
SABAO LIQUIDO DEOLINE 1L,93.0,968.48
ALVEJANTE ANTARES SEM CLORO 2L,77.0,968.32
AMACIANTE DILUIDO JUMPOL CONFORT 2L,129.0,966.69
DESINFETANTE PERFECT FLORAL 2L,164.0,966.67
AMACIANTE DILUIDO MEGA AZUL 5L,71.0,965.2
DESINFETANTE LIMP LAR C/ SABAO CITRONELA 2L,63.0,964.88
SABAO LIQUIDO DULAR COCO 1L,67.0,964.42
SABAO LIQUIDO BRILUX TRIPLA ACAO 12X1L,7.0,964.32
SABAO LIQUIDO ATOL ENCANTOS LAVANDA 5L,22.0,964.21
TIRA MANCHA SEMORIN PRE-LAVAGEM AROMAS NATUREZA 500ML,63.0,963.14
AMACIANTE DILUIDO OTYMA ROSA 2L,279.0,963.13
CLORO GLOBO 1LT,199.0,962.43
DESINFETANTE GIOCA MARINE 750ML,178.0,962.39
DESINFETANTE BIO-KRISS ALGAS 2L,178.0,961.97
ALVEJANTE LUZ LIMPEZA PESADA 1L,299.0,961.44
LIMPADOR ESSENCIA ALVEX CONCENTRADO CITRONELA 140ML,86.0,960.94
CLORO VIP CLEAN  2L,88.0,960.74
SABAO EM PO MINUANO ROXO EMB ECONOMICA 24X400G,11.0,960.42
DESINFETANTE PEPY FLORAL 1L,197.0,960.18
LIMPADOR PERFUMADO PARANAIBA ROMANCE E SEDUCAO 500ML,284.0,956.96
AMACIANTE DILUIDO GLORIA ROSA MIL FLORES 2L,127.0,956.73
AMACIANTE DILUIDO BARRIGA VERDE AZUL 2L,47.0,956.66
CLORO BLIMP 2L USO GERAL,106.0,955.96
LIMPADOR MULTIUSO AMALIA FLORAL SQUEEZE 500ML,291.0,954.95
SABAO EM PO APYCE MULTIACAO PCT 2KG,99.0,954.84
DESINFETANTE ESTRELA HERBAL 2L,131.0,954.2
DESINFETANTE CHEIRO BOM PEROLA 2L,141.0,954.0
SABAO LIQUIDO URCA MAXX AZUL 6X3L,11.0,953.7
DETERGENTE LIQUIDO ATUAL LIMAO 1L,243.0,953.33
CLORO SCABORA 5L,29.0,953.08
DETERGENTE LIQUIDO TANLUX LIMAO 5L,65.0,953.08
AMACIANTE DILUIDO DULAGO 1L,306.0,951.39
DESINFETANTE LIMPE BEM EUCALIPTO 5L,78.0,951.31
AMACIANTE DILUIDO TOQUE DE CARINHO BOUQUET 5L,51.0,950.99
DESENGORDURANTE AMIGO DO CHURRAS GATILHO 500ML,70.0,950.71
DESINFETANTE LYSOCLIN BRUTO GATILHO SPRAY 500ML,42.0,949.87
SABAO EM PO KLIP PERFUMES 500G,188.0,949.87
SABAO LIQUIDO TANLUX COMFORT 5L,50.0,949.86
DESINFETANTE NIDA OCEAN 500ML,235.0,949.52
DESINFETANTE PRINCESA FLORAL 2L,138.0,949.48
LIMPADOR PET SANOL DOG ELIMINADOR ODORES LAVANDA 2L,63.0,949.08
DETERGENTE LIQUIDO ATRON COCO 2L,136.0,948.83
LIMPADOR MULTIUSO FACILLE SPRAY 500ML,243.0,947.95
SABAO LIQUIDO SURF ROSAS E FLOR LIS CONCENTRADO 315ML,45.0,947.18
DESINFETANTE PLUS LAVANDA 2L,188.0,947.1
DESINFETANTE UNIMIX LAVANDA 2L,192.0,946.67
SABAO EM PO OMO PROTECAO MICELAR SEM PERFUME 800G,67.0,946.55
AMACIANTE DILUIDO DORIGON  FLORES CAMPO 2L,118.0,946.55
REMOVEDOR SAFRA JASMIM 1L,43.0,946.26
DESINFETANTE LIMPE BEM LAVANDA 2L,145.0,945.37
SABAO EM PO IRIS MULTIACAO PACOTE 1.6KG,89.0,945.12
DETERGENTE LIQUIDO DESOMAX LIMAO 500ML,497.0,945.03
AGUA SANITARIA CRUZADO 5L,51.0,944.79
LIMPADOR ESSENCIA ALVEX CONCENTRADO TALCO 140ML,82.0,944.47
SABAO LIQUIDO AGE ALGODAO 5L,33.0,944.08
LIMPADOR MULTIUSO PRATICLAR PISOS E PORCELANATO 1000ML,75.0,943.89
DESINFETANTE CASA LIMPA ALGAS MARINHAS 2L,110.0,942.99
DESINFETANTE AMONIA QUATERNARIA TA CB-30 1L,10.0,942.73
LIMPADOR MULTIUSO VATZ LIQUIDO CAMPESTRE 500ML,187.0,941.31
DESINFETANTE ATTO EUCA 2L,151.0,940.63
SABAO LIQUIDO LOURO 3L,48.0,939.75
ALVEJANTE ATUAL SEM CLORO 1L,152.0,939.35
TIRA MANCHA VANISH PO OXI ACTION MULTI POWER SACHE 30G,323.0,938.93
DESINFETANTE MARINA PINHO 1L,197.0,938.7
DETERGENTE LIQUIDO MARAJO NEUTRO 500ML,655.0,938.45
SABAO LIQUIDO TIXAN YPE PRIMAVERA FRASCO 12X1L,5.0,938.04
DESINFETANTE GIOCA HERBAL 750ML,171.0,937.42
DESINFETANTE GEO EUCALIPTO 1L,209.0,936.99
LIMPADOR ESSENCIA MIL AROMAS CITRONELA 140ML,73.0,936.71
ALVEJANTE EXIGENTE SEM CLORO 1L,72.0,936.15
LIMPEZA PESADA BIO-KRISS CLORO LIQUIDO 5L,41.0,935.92
AMACIANTE DILUIDO LAVANDEX ACONCHEGO 2L,123.0,935.92
DESINFETANTE GIOCA PINHO 500ML,259.0,935.88
DESINFETANTE CHEIRO BOM JASMIM 2L,139.0,935.48
CLORO USE 2L,98.0,935.47
LIMPADOR DE VIDRO DURATTO + VINAGRE PRONTO USO 500ML,66.0,935.29
LIMPADOR MULTIUSO VATZ LÍQUIDO LAVANDA 500ML,186.0,935.07
CLORO ATIVO SOLARQUIM 900ML,138.0,933.58
DESINFETANTE NOVO REINO TALCO 5L,56.0,933.35
LIMPADOR PERFUMADO GOTA LIMPA 500ML,182.0,933.34
SABAO LIQUIDO POLIAL COCO TROPICAL 4X3L,18.0,933.3
AMACIANTE DILUIDO MAXXY LIMP TRADICIONAL 2L,158.0,933.17
ALVEJANTE MIL FLORES SEM CLORO 2L,68.0,932.33
DESINFETANTE ATTO JASMIM 2L,149.0,931.98
CLORADOR MEDIO FLUTUANTE,41.0,930.86
DESINFETANTE ZUPP MULTIUSO 500ML,83.0,930.45
LIMPADOR ESSENCIA SENALANDIA CAPIM LIMAO 140ML,101.0,930.29
DESINFETANTE SOLIMP FLORAL 2L,160.0,929.86
"SABAO EM PO URCA CASA ROUPA ACAO MULTIUSO 1,6KG",89.0,929.01
LIMPADOR MULTIUSO QUIMIFLEX PASTA LIMPEZA 500G,52.0,927.64
LIMPADOR PERFUMADO BEM BOM MANANCIAL 2L,175.0,926.73
DESINFETANTE DORIGON EUCALIPTO 2L,110.0,926.72
DESINFETANTE SUPER CLEAN PINHO 2L,116.0,925.64
CLORO FORT CLEAN 5L,66.0,925.57
DETERGENTE LIQUIDO FLORANTE MACA 2L,220.0,925.27
DETERGENTE LIQUIDO DORIGON LIMAO 5L,41.0,925.11
DESINFETANTE UNIC LIMP CITRUS 2L,257.0,924.47
SABAO LIQUIDO BRILHOLAC EXIGENTE CHA BRANCO 5L,35.0,924.32
DESINFETANTE INDOV CITRUS 2L,153.0,924.15
LIMPADOR PERFUMADO ESTRELA FLOR DE LOTUS 500ML,228.0,923.9
DESINFETANTE PERFECT CAMPESTRE 2L,161.0,923.54
LIMPADOR ESSENCIA AROMATEC MIL FLORES 100ML,81.0,922.73
"AMACIANTE CONCENTRADO ZUPP VELVET ROMANCE 1,5L",38.0,922.56
SABAO EM PO LUME MAXX LAVANDA 5KG,61.0,922.29
REMOVEDOR DE CERA SANTO BRILHO CAMPESTRE 1L,60.0,921.92
DETERGENTE LIQUIDO MIL SELECT NEUTRO 2L,142.0,921.69
DETERGENTE LIQUIDO FENIX LIMAO 500ML,635.0,920.75
SABAO EM PO URCA CASA E ROUPA ACAO MULTIUSO 4KG,39.0,919.61
LIMPADOR PERFUMADO GIOCA BRISA RELAXANTE 500ML,160.0,919.51
AMACIANTE DILUIDO UNISOFT ACONCHEGO 2L,173.0,919.05
DESINFETANTE PINHO TROP LAVANDA 1L,108.0,918.81
DETERGENTE LIQUIDO BRANMIX NEUTRO 24X500ML,24.0,918.72
LIMPADOR MULTIUSO DESOMAX LAVANDA SQUEEZE 500ML,288.0,918.34
DESINFETANTE PEPY CITRUS 1L,189.0,918.31
SABAO LIQUIDO TULY MULTI ACAO 3L,37.0,917.03
AGUA SANITARIA TRIUM 5L,103.0,916.7
LIMPADOR ESSENCIA LIMPA MAIS LAVANDA 120ML,112.0,916.34
ALVEJANTE BARRIGA VERDE SEM CLORO 2L,50.0,916.09
SABAO EM PO BONNY CLEAN FLORAL SACHE 1.6KG,159.0,915.98
LIMPADOR DE VIDRO LUAR 500ML,236.0,915.21
AGUA SANITARIA TUBARAO 6X2L,30.0,915.12
LIMPADOR PET PETISSE LIMPA XIXI FRESH 500ML,45.0,914.67
LIMPADOR DE VIDRO BECKER 4 EM 1 GATILHO 500ML,89.0,914.25
DETERGDE LIQUIDO SOMAX MACA 500ML,474.0,914.18
AMACIANTE DILUIDO AYLAG AZUL 5L,49.0,914.06
DESINFETANTE PONTAL EUCALIPTO 1L,239.0,913.8
LIMPADOR ESSENCIA ALVEX CONCENTRADO FLORAL 140ML,81.0,913.02
DESINFETANTE GEO PINHO 1L,200.0,913.01
AGUA SANITARIA TOP ACAO 2L,117.0,911.91
DETERGENTE LIQUIDO BIOZ GREEN NEUTRO 470ML,77.0,911.08
DETERGENTE LIQUIDO TANLUX MACA 5L,64.0,911.01
LIMPADOR MULTIUSO EDILIMP 500ML,201.0,910.63
SABAO LIQUIDO MEMBERS MARK LAVANDA 5L,18.0,910.59
LIMPADOR MULTIUSO VEJA EXPLOSAO PERF CEREJA TROPICAL 500ML,135.0,910.33
LIMPADOR PERFUMADO COIMBRA LAVANDA 2L,100.0,909.88
DESINFETANTE CAMPESTRE PINHO 2L,155.0,908.97
AMACIANTE DILUIDO ASSIM CARINHO 6X2L,28.0,908.81
SABAO LIQUIDO ULTRA CLASS 5EM1 2L,77.0,908.72
DESINFETANTE MODALVA LAVANDA 500ML,346.0,908.7
DESINFETANTE TRID MACA 2L,92.0,908.32
REMOVEDOR LUAR ECOLOGICO PERFUMADO 1L,85.0,907.44
LIMPADOR PET NEW DOTS ELIMINADOR ODOR EUCALIPTO 2L,59.0,906.92
"SABAO LIQUIDO PREMISSE FLOR DE ALGODAO 2,5L",31.0,906.21
SABAO EM PO URCA CASA E ROUPA ACAO MULTIUSO 400G,422.0,906.11
AGUA SANITARIA KIMAX CLORO EM GEL POWER CLEAN 2L,35.0,905.95
SABAO LIQUIDO SAMY ORIGINAL 500ML,60.0,905.82
AMACIANTE DILUIDO MASCIMO PRIMAVERA 1L,145.0,905.66
"SABAO EM PO URCA CONCENTRADO LV4 P3,6 4KG",33.0,905.55
DESINFETANTE MONTE LAGOS EXTRA 2L,124.0,905.54
LIMPADOR PERFUMADO NIDA 500ML,167.0,905.54
AMACIANTE DILUIDO BRILHA SUL LUXURY 3L,73.0,904.42
SBL ARES PREMIUM N/IDENT GR PL 1000ML,125.0,904.19
LIMPADOR PERFUMADO SMART FLORAL 500ML,167.0,902.53
DESINFETANTE OTYMA FLORAL 2L,234.0,901.92
SABAO LIQUIDO COQUEL COCO 5L,10.0,901.03
DETERGENTE LIQUIDO TOP CLEAR MAX 500ML,628.0,900.17
LIMPEZA PESADA VIOL LIMPA PEDRA 2L,58.0,900.01
DESINFETANTE CHEIRO BOM FLORAL 2L,135.0,899.94
DESINFETANTE TUPA PALMOLIVE 2L,124.0,899.56
DETERGENTE LIQUIDO DORIGON MACA 2L,89.0,899.38
DESINFETANTE UTIL PINHO LIMAO 2L,144.0,898.88
DESINFETANTE PET LYSOFORM ORIGINAL 500ML,45.0,898.02
DESINFETANTE LIDER ALGAS 2L,137.0,897.92
DETERGENTE LIQUIDO KLIN LIMAO 500ML,425.0,897.75
SABAO LIQUIDO LUME MAXX COCO 700ML,208.0,897.57
SABAO EM PO LEBRANC ALCOOL 300G,207.0,897.17
DETERGENTE LIQUIDO DORIGON ALCALINO CLORADO 5L,23.5,896.81
DETERGENTE LIQUIDO BEM BOM LIMAO 2L,127.0,896.07
DESINFETANTE BRANMIX PINHO 500ML,300.0,895.91
SABAO EM PO TIXAN YPE MACIEZ 8X2.4KG,5.0,895.84
DESINFETANTE NOVO BRILHO JASMIM 2L,135.0,893.53
SABAO LIQUIDO TRIEX 1L,80.0,893.3
DESENGORDURANTE KIN LIMP COZINHA LIMA/LIMAO REFIL 500ML,83.0,893.26
LIMPADOR MULTIUSO UBERABA 500ML,309.0,893.06
DESINFETANTE LIMPS PINHO 500ML,341.0,892.6
LIMPADOR MULTIUSO LIMPS CITRUS 500ML,245.0,891.92
DESINFETANTE EFICAZ LAVANDA 2L,96.0,891.82
DESINFETANTE FLORANTE NATURA TALCO 2L,207.0,891.72
LIMPADOR PERFUMADO ESFRELUX PETCARE 140ML,99.0,891.59
SBL OMO MULTIACAO PODER ACELERADOR PLAST  1000ML,58.0,891.28
AMACIANTE DILUIDO ROUPA  BOUQUET FLOR DORIGON 5L,49.0,891.2
ALVEJANTE BRILHANTE S/CLORO UTILE FRESH 2L,43.0,890.82
SABAO LIQUIDO UNOLAR COCO 5L,33.0,890.2
ALVEJANTE ACTUALY SEM CLORO 5L,44.0,889.94
DESINFETANTE LINTAX TOP FLOR 2L,153.0,889.63
DESINFETANTE PINHO SOL L500P450 500ML,114.0,889.2
DESINFETANTE PINHO BRIL BRISA DO MAR 12X1L,8.0,889.08
SABAO LIQUIDO HR LIFE 2L,73.0,888.03
DESINFETANTE JOB EUCALIPTO 2L,171.0,887.89
AMACIANTE DILUIDO GUARANI AMOR ETERNO 500ML,294.0,887.73
DETERGENTE LIQUIDO BARRIGA VERDE DESENGRAXANTE 5L,33.0,887.53
LIMPADOR PERFUMADO ESTRELA FLOR DE IRIS 1L,135.0,887.46
SABAO LIQUIDO MAXIMUS 1L,36.0,887.24
DESINFETANTE GEO LAVANDA 500ML,227.0,886.57
LIMPADOR MULTIUSO LEVO LAVANDA 500ML,189.0,886.02
DESINFETANTE MAGICO MAYOR EUCALIPTO GEL 1L,107.0,885.81
AGUA SANITARIA MAXIMO 5L,63.0,885.57
ALVEJANTE ILLO QUIMICA SEM CLORO CORES 5L,37.0,885.21
CLORO CLORAX 5L,36.0,884.94
DETERGENTE LIQUIDO LAVANDEIRA MACA 2L,150.0,884.91
DETERGENTE LIQUIDO BEM BOM MACA 2L,124.0,884.87
DESINFETANTE INDOV LAVANDA 1L,271.0,884.85
SABAO LIQUIDO CATARINA ALTA PERF 2L,49.0,884.73
SABAO EM PO TIXAN YPE PRIMAVERA SC 4X4KG,6.0,884.21
SABAO EM PO BEM TE VI ERVA DOCE 27X400G,12.0,884.2
LIMPADOR ESSENCIA UBON CONCENTRADO EUCALIPTO 140ML,34.0,883.72
CLORO LIMPINHO HIPOCLORITO 1L,206.0,883.54
LIMPADOR PERFUMADO PARANAIBA FRESCOR REVIGORANTE 500ML,263.0,883.47
AGUA SANITARIA MARILUX VERDE 1L,431.0,882.82
SABAO LIQUIDO SONHO 12X1L,7.0,882.72
SABAO LIQUIDO SAO MARCOS FRESH 5L,48.0,882.62
SABAO EM PO KLIP ORIGINAL 5KG,28.0,882.21
DESINFETANTE CENAP CITRONELA 2L,125.0,881.57
CLORO BOM FORT 2L,117.0,880.73
DESINFETANTE DULAR LAVANDA 2l,98.0,880.49
DETERGENTE LIQUIDO BARRIGA VERDE MULTIUSO 5L,21.0,879.77
DESINFETANTE AYLAG JASMIM 2L,151.0,879.23
REMOVEDOR REMOBRIL MULTIUSO LIMAO 500ML,115.0,878.23
SABAO LIQUIDO ATTIVO ALCOOL 5L,31.0,878.02
DESINFETANTE CAMARO FRAGANCIAS 2L,180.0,877.08
DESINFETANTE BRILHO MIL PINHO 2L,153.0,876.93
"AMACIANTE DILUIDO FOFO AZUL TRADICIONAL 1,8L",57.0,876.72
DESINFETANTE PRINCESA JASMIM 2L,133.0,875.88
AMACIANTE DILUIDO BAH CARINHO 5L,48.0,875.73
"DESINFETANTE SUPER CLEAN PLUS EUCALIPTO 1,8L",115.0,875.67
ALVEJANTE RICLEY SEM CLORO 2L,87.0,875.52
DETERGENTE LIQUIDO GOTA LIMPA CRISTAL 24X500ML,25.0,874.8
DESINFETANTE AZULIM PERFUMADO LAVICS 500ML,174.0,874.23
CLORO LIMPE BEM SUPER LT 5L LT 5L,37.0,873.6
AMACIANTE DILUIDO PEPY TRADICIONAL 2L,88.0,873.47
DESINFETANTE DESOMAX LAVANDA 5L,60.0,873.09
AMACIANTE DILUIDO UAU PERFUMES GLAMOUR 2L,65.0,873.08
DESINFETANTE BUFALO PINHO 5L,54.0,871.17
DESINFETANTE NUTRILAR CEREJEIRA 2L,109.0,870.3
AMACIANTE DILUIDO AMACITEL ROUPAS DE BEBE 2L,81.0,870.06
DESINFETANTE COMBATE FLOR DO CAMPO 1L,171.0,869.8
AGUA SANITARIA VMAX 5L,60.0,869.52
DETERGENTE LIQUIDO CONDE CELAR 500ML,465.0,869.14
LIMPEZA PESADA CLEAN VALE DETERGENTE ALCALINO 5L,22.0,868.82
CLORO ANTARES 5 2LT,94.0,868.78
DESINFETANTE COMPRE CERTO PRIMAVERA 2L,161.0,867.79
DETERGENTE LIQUIDO NOVO REINO LIMAO 5L,40.0,867.52
AMACIANTE DILUIDO AQUAFAST MACIEZ 5L,56.0,867.3
DESENGORDURANTE KI CHEF 500ML,49.0,866.91
DESINFETANTE RONDOJET FLORAL 2L,108.0,866.77
LIMPADOR MULTIUSO LIMPOL ELETRODOMESTICOS 200ML,68.0,866.71
LIMPADOR MULTIUSO BRILHA SUL BICARBONATO 500ML,179.0,866.66
LIMPEZA PESADA LUBSIL LIMPA ESTOFADO SPRAY 500ML,40.0,866.08
LIMPADOR ESSENCIA AMAZONIA AROMAS CONCENTRADO FLORAL 120ML,80.0,865.74
AMACIANTE DILUIDO AYLAG ROSA 2L,136.0,865.69
LIMPADOR MULTIUSO BARBAREX EM GEL PINHO 5L,33.0,865.55
AMACIANTE DILUIDO NOVO LAR CARINHO 2L,118.0,865.52
CLORO ORG SOFLINE KEEPCLOR BLD 10kg,4.0,864.56
"LIMPADOR PET CASAFLOR ELIMINADOR DE ODORES HERBAL 1,75L",42.0,863.15
DETERGENTE LIQUIDO INVICTO LIMAO 24X500ML,21.0,862.8
LIMPADOR MULTIUSO FACILLE LAVANDA SPRAY 500ML,217.0,861.63
LIMPADOR PERFUMADO DESODOR INOCENCIA 500ML,201.0,861.18
DETERGENTE LIQUIDO ATRON LIMAO 2L,120.0,860.26
LIMPADOR PERFUMADO STILL BRISA MARINHA 1.75L,102.0,858.3
AMACIANTE CONCENTRADO COMFORT TANQUINHO 500ML,59.0,858.22
SABAO LIQUIDO BIANCOLL C/GLICERINA 2L,49.0,858.06
AMACIANTE DILUIDO LAR 5L,56.0,857.74
LIMPADOR MULTIUSO VATZ LIQUIDO FLORAL 500ML,170.0,856.52
DESINFETANTE VIOL LAVANDA 2L,110.0,856.46
DESINFETANTE MAXIMO BRILHO BABY 2L,138.0,856.45
DESINFETANTE LIMPEBEM LAVANDA 5L,65.0,856.39
SABAO EM PO ALA LIMAO E BICARBONATO 27X400G,12.0,856.2
AMACIANTE DILUIDO MON BIJOU MAIS PROTECAO 24X500ML,11.0,853.82
DESINFETANTE DAS NEVES LAVANDA 2L,128.0,853.21
DESINFETANTE AUDAX FACILITA FLORAL 2L,133.0,852.82
LIMPEZA PESADA DABOA PASTA PINHO 1L,130.0,852.76
AMACIANTE DILUIDO BETEL CHAMEGO 2L,118.0,852.46
DESENGORDURANTE REI DA BRASA LIMPA GRELHAS 500ML,47.0,852.38
DETERGENTE LIQUIDO ALUMIL ORIGINAL 350ML,80.0,852.19
DESINFETANTE ACTUALY EUCALIPTO 2L,152.0,852.08
SABAO LIQUIDO JUMPOL LAVA ROUPAS BLUE 1LT,129.0,851.94
LIMP KANGOO FLORES 100ML,104.0,851.89
SABAO LIQUIDO GUAIUBA FLORAL 4X5L,35.0,851.3
AMACIANTE DILUIDO TANLUX SUAVE 2L,128.0,850.94
DETERGENTE LIQUIDO ATUAL MACA 1L,225.0,849.61
TIRA MANCHA ARES PO SEM CLORO OXI PREMIUM 450G,77.0,848.63
DETERGENTE LIQUIDO URCA NEUTRO 500ML,496.0,848.59
SABAO LIQUIDO AQUA PLUS LIQ AMO 2L,70.0,848.43
DESINFETANTE SMART PLUS MARINE 1L,152.0,848.25
AMACIANTE DILUIDO AYLAG 2L,140.0,847.97
CLORO ANTARES 5L 3 HIP SODIO,47.0,847.85
DETERGENTE LIQUIDO ATTO LIMAO 2L,105.0,847.55
ALVEJANTE NUTRILAR SEM CLORO FRESH 2L,77.0,847.19
SABAO LIQUIDO BIOWASH SENSITIVE 1L,24.0,847.17
AMACIANTE DILUIDO MIL AMARELO 2L,95.0,846.52
AGUA SANITARIA CANDURA 6X2L,28.0,845.9
LIMPADOR DE VIDRO PRATIK COM PANO 120ML,40.0,845.82
SABAO EM PO ASTER MULTIACAO 1KG,173.0,845.27
AGUA SANITARIA KOKINOS 2L,167.0,844.03
LIMPADOR ESSENCIA COALA EUCALIPITO 120ML,68.0,843.11
LIMPADOR MULTIUSO ESFRELUX CAMPESTRE VERDE 500ML,220.0,843.03
AMACIANTE CONCENTRADO DOWNY SUAVE E GENTIL FRASCO 1L,57.0,842.95
DESINFETANTE CERGRAN EUCALIPTO 2L,162.0,842.76
SABAO EM PO TIXAN YPE PRIMAVERA LV1.6KG PG1.52KG 9X1.6KG,6.0,842.4
SABAO LIQUIDO POLLUX ECON TRAD 5L,35.0,841.03
LIMPADOR PERFUMADO DU REI CAMPESTRE 2L,172.0,840.54
AMACIANTE DILUIDO GIRANDO SOL LAVANDA 2L,94.0,840.52
AMACIANTE CONCENTRADO BARRIGA VERDE CLASSICO 1L,61.0,840.32
LIMPADOR PERFUMADO CASAFLOR LAVANDA PROVENCE 12X1L,14.0,840.27
DESINFETANTE GIOCA EUCALIPTO 500ML,230.0,840.26
SABAO LIQUIDO ESSENCIAL 5L,39.0,839.48
ALVEJANTE VANIXX SEM CLORO 5L,42.0,839.16
LIMPADOR PERFUMADO SETE C/ALCOOL CHEIRINHO DE BEBE 500ML,158.0,839.14
DETERGENTE LIQUIDO TRIEL MACA 500ML,499.0,838.72
AMACIANTE DILUIDO BRIIZ 3L,91.0,838.59
DESINFETANTE SMART PLUS FLORAL 1L,149.0,838.4
DESENGORDURANTE DIABO VERDE 2L,26.0,838.24
LIMPADOR PERFUMADO CASA E PERFUME SENSAZIONE 12X1L,8.0,837.6
DESINFETANTE JUMPOL CONFORT 1L,270.0,837.5
SABAO LIQUIDO ESFRELUX 1L,66.0,836.97
SBPO OMO TOQUE DE COMFORT ORIGINAL CM N/IDENT CX PP 900G,99.0,836.6
DESINFETANTE ALVEX PINHO VERDE 500ML,130.0,836.45
DESINFETANTE BARRIGA VERDE HERBAL 2L,24.0,835.72
DESINFETANTE LAVANDEX LAVANDA 2L,99.0,835.7
DETERGENTE LIQUIDO LAVANDEIRA LIMAO 2L,140.0,835.4
AMACIANTE DILUIDO LIMPA BEM CARINHO 2L,121.0,834.27
SABAO LIQUIDO PRINCESA DO MEARIM COCO 1L,104.0,833.83
AMACIANTE CONCENTRADO ARES RED ESSENCE 1L,59.0,833.8
LIMPADOR ESSENCIA  REMMUS QUIMICA FLORAL 140ML,105.0,833.8
DETERGENTE LIQUIDO NOVO BRILHO NEUTRO 500ML,419.0,833.4
DESINFETANTE YPE ANTIBAC 500ML,181.0,833.18
DESINFETANTE ATRON DAMA DA NOITE 2L,162.0,833.08
DESINFETANTE MAZAL CAMPESTRE 2L,99.0,832.67
DESINFETANTE RAJJA CITRUS 5L,57.0,832.04
LIMPEZA PESADA QRENDE LIMPA PEDRAS 2L,40.0,831.43
DESINFETANTE LIDER CLEAN CAMPESTRE 5L,54.0,831.29
AMACIANTE DILUIDO LIMPEBEM 2L,106.0,830.94
SABAO LIQUIDO DEOLINE COCO 1L,69.0,830.66
DESINFETANTE LINTAX DALIA 2L,143.0,829.71
LIMPADOR ESSENCIA DAYLA FLORAL 140ML,80.0,829.64
AMACIANTE CONCENTRADO FLOM ANTIFRIZZ 500ML,81.0,829.2
LIMPADOR MULTIUSO LUAR LARANJA SQUEEZE 500ML,239.0,828.51
"DET. PO ASSIM TRIPLACAO FLORAL EMB. ECONOMICA 1,9KG",49.0,828.01
DETERGENTE LIQUIDO VIDA MACA 24X500ML,22.0,827.52
DETERGENTE LIQUIDO BRILUX LIMAO 24X500ML,18.0,827.28
AGUA SANITARIA GLOBOLAR 1L,264.0,827.15
LIMPADOR MULTIUSO SOL TRADICIONAL 500ML,287.0,827.04
DETERGENTE LIQUIDO YPE CLEAR 4X5L,10.0,826.49
DESINFETANTE PRINCESA PINHO 1L,234.0,826.37
DESINFETANTE ECONOMICO CITRUS 6X2L,19.0,825.96
SBPO OMO MULTIACAO PODER ACELERADOR CM N/IDENT CX PP   500 G,87.0,825.92
LIMPADOR DE VIDRO VATZ TRANSPARENCY 500ML,122.0,825.53
DETERGENTE LIQUIDO MARAJO MACA 500ML,575.0,825.51
AGUA SANITARIA RCD 5L,49.0,825.44
DESINFETANTE LIMP LAR GIOVANA 2L,151.0,825.27
LIMPADOR PERFUMADO NUTRILAR PERF FLOR TULIPA 1L,160.0,823.97
SABAO LIQUIDO CANDEIAS CONCENTRADO 6X2L,42.0,823.89
DET PO OMO M ACAO BAG 800G,48.0,823.7
DESINFETANTE LIMP LAR C/ SABAO MANDARIM 2L,53.0,822.59
LIMPADOR PERFUMADO RAJJALIM CARINHO E LEMBRANCAS 500ML,185.0,822.07
LIMPADOR ESSENCIA REMMUS CITRONELA 140ML,109.0,821.27
AMACIANTE DILUIDO POTI CONFORTO AZUL 2L,141.0,821.09
ALVEJANTE ATTIVO SEM CLORO PARA ROUPAS COLORIDAS 5L,43.0,821.08
"AMACIANTE DILUIDO ALPES HIPOALERGINICO 1,8L",110.0,820.75
AGUA SANITARIA PROEZA CLORO ATIVO 12X1L,34.0,820.2
LIMPADOR ESSENCIA DEOLINE GOTAS PERFUMADAS FRESCOR 140ML,80.0,820.15
CLORO TRIPLA ACAO CLOR UP 1KG,25.0,819.55
LIMPEZA PESADA INCOLIMP PAREDES EMBALAGEM 1L,82.0,819.42
AGUA SANITARIA EFICAZ BACTERICIDA 2000ML,90.0,819.17
DETERGENTE LIQUIDO LIMPABOM NEUTRO 500ML,454.0,819.16
CLORO LOURO 2L,74.0,819.12
DETERGENTE LIQUIDO GLIMPEX NEUTRO 500ML,513.0,818.55
LIMPADOR PERFUMADO ESFRELUX EMOCAO 1L,104.0,818.46
DESINFETANTE POLITRIZ ORQUIDEA 12X500ML,30.0,818.29
AGUA SANITARIA POLYMIX 1L,270.0,817.63
AGUA SANITARIA DORIGON 1L,215.0,817.51
SABAO LIQUIDO SETE ALCOOL 2L,41.0,817.48
DESINFETANTE FLOPS FLORAL 2L,126.0,817.21
ALVEJANTE BRAVUS SEM CLORO 2L,66.0,816.24
DETERGENTE LIQUIDO PONTAL LIMAO 2L,91.0,815.85
DETERGENTE LIQUIDO Q LIMPA NEUTRO 2L,133.0,814.97
AMACIANTE DILUIDO MYATA SENSACAO 2L,89.0,813.68
DESINFETANTE MAXLIMP KAIAK 2L,149.0,813.58
DESENGORDURANTE DURATTO LIMPA GRELHAS/CHAPAS 500ML,40.0,813.1
DETERGENTE LIQUIDO GIORNO CUCINA 500ML,55.0,813.1
LIMPADOR ESSENCIA ALVEX CONCENTRADO MARINER 140ML,71.0,812.88
LIMPADOR MULTIUSO UAU PERFUMES FLORAL INTENSE 24X500ML,10.0,812.43
LIMPADOR ESSENCIA BELAROMA CRAVO E CANELA 140ML,87.0,812.16
CLORO LIRIO 2L,71.0,811.99
DESINFETANTE BRILHA SUL TALCO 500ML,252.0,811.72
LIMPADOR MULTIUSO BRILHEX SABAO GEL MULTILIMP CITRONELA 1L,92.0,811.5
DETERGENTE LIQUIDO LIMPOL GEL CRISTAL 50% DESC 400G,78.0,811.22
LIMPADOR PERFUMADO ATRON HERBAL 2L,161.0,810.37
DESINFETANTE PINHO SOL LIQUIDO 1L,267.0,810.12
CLORO GOPABO GAL 5% 5L,58.0,809.03
CLORO ATIVO 2L K LAVA,71.0,808.76
AMACIANTE DILUIDO BOM USO HARMONIA  2L,126.0,808.73
DESINFETANTE LAVABEM LAVANDA 12X1L,23.0,808.45
SABAO LIQUIDO KIMAX PLUZ GREEN 1L,78.0,808.15
AMACIANTE DILUIDO FOFURA ROSA 2L,91.0,807.14
DESINFETANTE PRINCESA LAVANDA 2L,118.0,806.89
CLORO PROLAR 2LT,49.0,806.65
LIMPADOR PERFUMADO CASAFLOR INTUITIVE 12X500ML,23.0,806.31
AMACIANTE DILUIDO YSO CLASSIC 500ML,262.0,805.64
AMACIANTE DILUIDO URCA BRISA DA PRIMAVERA 6X2L,23.0,804.9
DETERGENTE LIQUIDO RETIRO COCO 500ML,456.0,804.49
DESINFETANTE ARCHOTE LAVANDA 500ML,256.0,803.98
REDUTOR DE PH REDUCIN RODO QUIMICA 1L,52.0,803.78
DESINFETANTE NEVERGREY TOQUE DE AMOR 5L,66.0,803.34
AGUA SANITARIA EFICAZ 5L,35.0,803.15
AMACIANTE DILUIDO BABY SENSACOES 5L,45.0,802.92
AMACIANTE CONCENTRADO START TUFF BABY DILUIVEL 910ML,25.0,802.81
LIMPADOR ESSENCIA DAYLA ALFAZEMA 140ML,78.0,802.7
DESINFETANTE MAXIMO BRILHO LAVANDA 2L,131.0,802.56
LIMPADOR ESSENCIA QUIM AROMA VIOLETA 140ML,89.0,802.15
AMACIANTE DILUIDO TRES BARRAS 2L,101.0,801.99
LIMPADOR MULTIUSO UAU FLORES E FOLHAS LV600ML PG500ML 600ML,141.0,801.08
DETERGENTE LIQUIDO AQUA PLUS NEUTRO PAC 2L,110.0,800.5
LIMPADOR ESSENCIA BELAROMA BABY 140ML,89.0,800.32
LIMPEZA PESADA PINHEIRO DESENGRAXANTE 1KG,76.0,799.9
SBL OMO T CONFORT ORIGINAL 3000ML,18.0,799.83
CLORO SUPER BRILHO 2LT,140.0,799.76
LIMPADOR ESSENCIA PURA MAGIA ERVA DOCE 140ML,78.0,799.24
REMOVEDOR DURATTO ECOLOGICO 750ML,90.0,799.18
"ALVEJANTE BRILUX MULTI LV5L PG4,5L 2X5L",23.0,796.14
SABAO EM PO SONHO FLORAL 26X400G,159.0,796.06
ALVEJANTE BETEL SEM CLORO PARA ROUPAS COLORIDAS 2L,58.0,793.75
LIMPADOR PERFUMADO RAJJALIM BRISA REFRESCANTE 500ML,185.0,793.58
LIMPADOR ESSENCIA GIORNO CASA LAVANDA 120ML,53.0,793.53
DETERGENTE LIQUIDO MASCIMO COCO 1L,142.0,793.37
CLORO JOB 2L,59.0,793.32
REMOVEDOR ALLCHEM DE CERAS 950ML,28.0,792.97
LIMPADOR PERFUMADO CASAFLOR AMORE 12X1L,25.0,792.71
LIMPEZA PESADA START SOLUCAO ACIDA 5L,8.0,792.58
AMACIANTE DILUIDO BIO-KRISS BLUE 5L,61.0,792.39
ALVEJANTE KIMAFLOR EM PO SEM CLORO ROUPAS BCO 450G,40.0,792.27
DESINFETANTE URCA FLOR DE LAVANDA 6X2L,32.0,791.12
DESINFETANTE CHEIRO BOM GABRIELA 2L,153.0,790.91
SABAO LIQUIDO CRISTAL 2L,118.0,790.33
AMACIANTE DILUIDO CATARINA 5L,33.0,790.23
DESINFETANTE MAXLIMP LAVANDA 2L,142.0,789.95
DESINFETANTE MULTI BRILHO 2L,159.0,789.09
DETERGENTE LIQUIDO ALICE NEUTRO 2L,105.0,788.57
LIMPADOR PERFUMADO LOURO BRISA DO MAR 5L,41.0,788.37
CLORO ATIVO KLIVA 5L,33.0,787.99
DESINFETANTE ALVEX EUCALIPTO 5L,68.0,787.88
DESINFETANTE LINTAX JASMIM 2L,136.0,787.87
DESINFETANTE AUDAX FACILITA LAVANDA 2L,128.0,787.72
AMACIANTE DILUIDO CLASSY PLUS AZUL TERNURA 2L,104.0,787.64
SABAO EM PO ABSOLUTO LAVANDA 25X400G,18.0,787.5
DETERGENTE LIQUIDO FLORESTA DA SERRA LIMAO 2L,98.0,786.95
LIMPADOR DE VIDRO TOP VEGAN CITRUS 500ML,80.0,786.9
DESINFETANTE RONDOJET FLORAL 5L,44.0,786.68
DESINFETANTE ONLY HERBAL 2L,126.0,784.97
AMACIANTE DILUIDO MON BIJOU MAGIA 2L,61.0,784.83
ESSENCIA MOGILANDI JASMIN 140ML,89.0,784.69
LIMPADOR PET KDOG ELIMINADOR DE ODORES HERBAL 2L,49.0,784.53
DESINFETANTE TOPLAR 2L,158.0,784.34
AGUA SANITARIA GEL BOM BRILHO 1L,129.0,784.18
AGUA SANITARIA VIX 5L,40.0,784.02
DESINFETANTE LOURO PINHO FRESH 2L,90.0,782.98
DETERGENTE LIQUIDO BARRIGA VERDE ALUMINIO 5L,25.0,782.41
AGUA SANITARIA QUALYBRILL GF 1L,398.0,781.9
DESINFETANTE LAVANDEX FLORAL 2L,96.0,781.44
DESINFETANTE ECOLIMP USO GERAL 2L,123.0,781.27
LIMPADOR MULTIUSO KI JOIA TRADICIONAL SQUEEZE 500ML,201.0,780.97
LIMPADOR PERFUMADO CASAFLOR ORQUIDEA NEGRA 12X1L,13.0,780.95
"AMACIANTE CONCENTRADO ZUPP VELVET BABY 1,5L",33.0,780.34
AMACIANTE CONCENTRADO YPE PINK POUCH 500ML,12.0,780.27
AGUA SANITARIA  ITAIPAVA 5L,52.0,779.48
"AMACIANTE DILUIDO SONHO MAGIC GARRAFA 6X1,5L",15.0,779.1
LIMPADOR MULTIUSO KIMAX LIMAO 500ML,193.0,778.76
DESINFETANTE LIMP LAR MANDARIM 2L,143.0,778.55
DESINFETANTE PET POLIAU LIMPADOR NEUTRALIZADOR LAVANDA 2L,65.0,778.2
AGUA SANITARIA Q OTIMO FRASCO 1L,232.0,777.65
DETERGENTE LIQUIDO ECONOMICO MARINE 500ML,330.0,777.62
DESINFETANTE FLORESTA DA SERRA LEOPARDO 2L,98.0,777.35
DETERGENTE LIQUIDO LIMP LAR NEUTRO 2L,88.0,777.31
AGUA SANITARIA CASA LIMPA 2L,119.0,776.77
AMACIANTE DILUIDO COMBATE 1L,149.0,776.53
DESINFETANTE ALVEX PINHO 2L,117.0,776.41
SABAO EM PO OMO LAVANDERIA PRO 8KG,8.0,776.26
LIMPADOR MULTIUSO AYLAG 500ML,198.0,775.79
DESINFETANTE LIDER TALCO 2L,122.0,775.62
SABAO LIQUIDO EXIGENTE COCO 1L,54.0,774.87
DETERGENTE LIQUIDO MAXLIMP COCO 2L,138.0,774.56
DETERGENTE LIQUIDO LIMPISSIMA NEUTRO 2L,115.0,774.35
DESINFETANTE ALVEX LAVANDA 2L,137.0,774.32
DESINFETANTE GLOBO JASMIM 2L,115.0,773.52
AGUA SANITARIA ULTRA MAIS 5L,79.0,773.47
AMACIANTE DILUIDO DULAR 5L,51.0,772.79
SABAO LIQUIDO BRANMIX 1L,158.0,772.44
DETERGENTE LIQUIDO FC PET LIMAO 12X500ML,34.0,772.32
AGUA SANITARIA CLEAN FORTE CLOROFORT 1L,205.0,772.02
DETERGENTE LIQUIDO LIMPABOM COCO 500ML,433.0,771.98
DESINFETANTE PERFUMARE PINHO GEL 2L,59.0,771.89
DESINFETANTE URCA FLORAL 6X2L,31.0,771.73
TIRA MANCHA ALLCHEM FERRUGEM 120ML,47.0,771.4
ALVEJANTE DONA CLARA SEM CLORO ROUPAS COLORIDAS 2L,51.0,771.2
LIMPEZA PESADA RAYLIN DESENGRAXANTE 500ML,39.0,771.05
DETERGENTE LIQUIDO STILL NEUTRO 5L,53.0,770.97
SABAO LIQUIDO RADIANTE ESPECIAL COCO 500ML,76.0,769.62
DETERGENTE LIQUIDO FLORANTE LIMAO 2L,183.0,769.49
LIMPADOR MULTIUSO UAU LV500ML PG450ML 500ML,147.0,769.22
DESINFETANTE UTIL PINHO TR CASTAN 5L,60.0,769.08
DETERGENTE LIQUIDO STARLUX 5L,57.0,768.93
LIMPADOR PERFUMADO ESTRELA LIRIO DO VALE 1L,122.0,768.8
CLORO SUPREMA ATIVO CONCENTRADO 5L,38.0,767.82
LIMPADOR PERFUMADO CASAFLOR ORQUIDEA 6X1.75L,16.0,767.66
DESINFETANTE BEM LIMPO 2L,186.0,767.31
CLORO LIMPE BEM ATIVO 2L,74.0,767.27
"SABAO EM PO NETZ 1,6KG",61.0,766.99
SABAO EM PO OESTE LIMP ALCOOL 1KG,51.0,766.55
DETERGENTE LIQUIDO ARAUJO LIMAO 2L,108.0,766.51
LIMPADOR MULTIUSO LEVO CAMPESTRE 500ML,175.0,766.37
DESINFETANTE GIOCA LIMAO 500ML,209.0,766.33
DESINFETANTE CASA LIMPA GEOVANA BABY 2L,91.0,765.59
LIMPADOR PERFUMADO UAU PERFUMES BRISA FRESCOR 1L,92.0,765.55
LIMPADOR MULTIUSO CRISTAL SOL HERBAL SPRAY 500ML,200.0,764.8
LIMPADOR ESSENCIA CONCENTRADO COALA TUTTI FRUTTI 120ML,81.0,764.71
DESINFETANTE MAYOR LAVANDA GEL 5KG,20.0,763.97
LIMPADOR MULTIUSO AMALIA LIMAO SQUEEZE 500ML,238.0,763.71
AMACIANTE DILUIDO NASCENTE  2L,105.0,762.79
AMACIANTE DILUIDO MYATA MACIEZ 2L,83.0,762.77
AMACIANTE CONCENTRADO UAU FLORES E SONHOS 12X1L,5.0,762.72
DETERGENTE LIQUIDO AGE COCO 500ML,379.0,762.37
LIMPEZA PESADA PURIATICO ACIDO MURIATICO EXTRA FORTE 1L,94.0,761.49
AGUA SANITARIA KOKINOS 5L,96.0,761.41
DESINFETANTE LAVANDEIRA MARINE 1L,290.0,760.71
LIMPADOR ESSENCIA AROMATEC ERVA DOCE 100ML,96.0,760.3
LIMPADOR PERFUMADO ESTRELA JARDIM DE TULIPAS 1L,129.0,759.99
LIMPADOR PERFUMADO BRILHOLAC POMAR DE CEREJAS 2L,64.0,759.35
CLORO LIMPA BEM 1L,245.0,759.22
LIMPADOR ESSENCIA COALA CONC 120ML,50.0,758.78
AMACIANTE DILUIDO SONHO MAGIC GARRAFA 12X500ML,17.0,758.7
LIMPADOR ESSENCIA TROPICAL AROMAS LAVANDA 150ML,85.0,758.52
AMACIANTE DILUIDO PEPY TRADICIONAL 1L,145.0,758.25
"DESINFETANTE UZZILIM MARINE 1,75L",111.0,758.16
CLORO KADAN 2LT,88.0,757.92
LIMPADOR DE VIDRO MAYOR SPRAY 1L,44.0,757.35
DESINFETANTE GIOCA EUCALIPTO 750ML,143.0,756.69
LIMPADOR PERFUMADO COIMBRA FLORAL 2L,86.9999,756.61
AMACIANTE DILUIDO SONHO AZUL PROFUNDO GARRAFA 12X500ML,17.0,756.12
DESINFETANTE PINHO TROP FLORES 500ML,128.0,755.77
DESINFETANTE FLOPS EUCALIPTO 2L,119.0,755.71
SABAO LIQUIDO IDEAL VERDE 5L,42.0,755.58
AMACIANTE DILUIDO ESTRELA TERNURA 2L,98.0,755.31
LIMPADOR PET REX ELIMINADOR DE ODORES CITRONELA 2L,44.0,755.22
DETERGENTE LIQUIDO KOKINOS NEUTRO 500ML,404.0,755.0
SABAO LIQUIDO VIP CLEAN LIQ 2L,46.0,754.99
AMACIANTE DILUIDO SONHO LAVANDA GARRAFA 12X500ML,17.0,754.8
DETERGENTE LIQUIDO CIF GEL CONCENTADO ERVA DOCE 420ML,77.0,754.28
DESINFETANTE ZAB LAVANDA 12X1L,18.0,754.01
AGUA SANITARIA SUPER CANDIDA 12X1L,17.0,752.99
SABAO LIQUIDO SONHO DP 1L,105.0,752.95
DETERGENTE LIQUIDO RICLEY CLORADO 2L,66.0,752.78
LIMPADOR PISCINA BEL BALDE 10KG,2.0,752.41
SABAO LIQUIDO BRILUX COCO REFIL 12X700ML,8.0,751.92
LIMPADOR MULTIUSO QBOA LAVANDA 12X500ML,21.0,751.79
SABAO LIQUIDO PONTAL COCO 5L,21.0,751.66
LIMPEZA PESADA DURATTO LIMPA REJUNTES 500ML,47.0,750.81
DESINFETANTE ALVEX JASMIM 5L,63.0,750.8
DESINFETANTE BATUTA CAMPOS DE LAVANDA 2L,75.0,750.25
DETERGENTE LIQUIDO LIMPABOM MACA 500ML,421.0,749.57
DETERGENTE LIQUIDO LAVA BEM MACA 24X500ML,20.0,749.52
LIMPEZA PESADA FLORESTA DA SERRA PINHO GEL 1L,65.0,749.32
SABAO LIQUIDO MAZZU DE ALCOOL LIMAO 2L,53.0,749.32
LIMPADOR MULTIUSO GIORNO CUCINA 500ML,39.0,749.02
DESINFETANTE G LIMP PINHO LIMAO 2L,160.0,748.96
DESENGORDURANTE PONTAL TRADICIONAL 500ML,129.0,748.64
AMACIANTE CONCENTRADO DOWNY PERF COLLEC ADORABLE FR 500ML,60.0,748.14
DETERGENTE LIQUIDO KINTANA MACA 500ML,359.0,748.12
DESENGORDURANTE REAX LARANJA GATILHO 500ML,39.0,747.99
DETERGENTE LIQUIDO LIMPA BEM COCO 2L,118.0,747.94
AGUA SANITARIA LIMPINHA GALAO 5L,63.0,747.05
LIMPADOR PERFUMADO PURA MAGIA LAVANDA 1L,96.0,746.83
LIMPADOR MULTIUSO DURATTO PISO E BANCADA CINTRONELA 750ML,70.0,746.55
DESINFETANTE MODALVA PINHO 500ML,273.0,746.32
SABAO LIQUIDO OLA DELICADAS NATURAL ESSENTIALS 1L,27.0,744.14
DESINFETANTE STORK FLORAL 2L,115.0,743.94
AMACIANTE DILUIDO BETEL CARINHO 2L,105.0,742.49
DESINFETANTE VERDESAN LAVANDA 5L,75.0,742.41
AMACIANTE DILUIDO LIMP LAR AZUL 2L,108.0,741.74
DESINFETANTE CAMPESTRE EUCALIPTO 2L,135.0,740.97
DESINFETANTE BRIIZ LAVANDA 5L,66.0,740.84
AMACIANTE DILUIDO ZELUS AZUL 2L,84.0,740.37
CLORO POLYBRIL 2L,189.0,739.91
DESINFETANTE DULAGO EUCALIPTO 2L,124.0,739.75
DESINFETANTE NUTRILAR ALECRIM 1L,190.0,739.71
SABAO EM PO IRIS MULTIACAO PACOTE 4KG,30.0,739.47
SABAO EM PO NETZ 800G,98.0,739.46
DESINFETANTE SOLIMP PINHO LIMAO 2L,127.0,739.38
LIMPADOR PERFUMADO CASAFLOR LAVANDA LUXO 12X500ML,21.0,739.24
AMACIANTE DILUIDO DULAR ENCANTO 2L,108.0,738.81
SBPO BRILHANTE MTEC ANTIBAC 500GR,144.0,738.42
DETERGENTE LIQUIDO KOKINOS MACA 500ML,377.0,738.05
AGUA SANITARIA LOOK LIMP 2L,113.0,737.97
"SABAO EM PO OMO LAV PERF BAG 3X5,6KG",3.0,737.94
DESINFETANTE LIMPE BEM LAVANDA 5L,54.0,737.51
CLORO DA CASA 5L,45.0,737.39
DETERGENTE LIQUIDO MIL FLORES 5L,44.0,737.34
SABAO EM PO ASSIM FLASH 1KG,70.0,737.24
DESENGORDURANTE ESFREBOM LIMPA FORNO SPRAY CITRUS 300ML,33.0,736.75
SABAO EM PO DO LAR CONFORMAX POTE 1.4KG,52.0,736.56
DESINFETANTE SAO PAULO LAVANDA 5L,39.0,736.29
ALVEJANTE SAIF SEM CLORO 5L,22.0,736.2
LIMPEZA PESADA AJAX ALTERNATIVA AO CLORO FLORAL 1L,105.0,735.78
AGUA SANITARIA REAL CASEIRUS 2L,162.0,735.06
LIMPEZA PESADA LAUNER DETERGENTE ALCALAN TOP 20L,3.0,734.98
LIMPADOR ESSENCIA CASA DE MAE 120ML,65.0,734.86
AMACIANTE DILUIDO ATRIUS TRADICIONAL 2L,119.0,734.69
AMACIANTE DILUIDO MAS BABY TOQUE DE CONFIANCA 5L,47.0,734.53
DETERGENTE LIQUIDO DONA CLARA LIMAO 500ML,368.0,734.32
DETERGENTE LIQUIDO COMPRE CERTO MACA 5L,45.0,733.95
DESINFETANTE CHEIRO BOM EUCALIP 2L,106.0,733.68
DESINFETANTE NEVERGREY EUCALIPTO 5L,60.0,733.32
DESINFETANTE MONTE LAGOS GEL 5L,13.0,733.03
LIMPADOR PERFUMADO LIMPA JA EUCALIPTO 500ML,393.0,732.67
DESINFETANTE MIL EUCALIPTO MIL 2L,109.0,731.84
ALVEJANTE VANISH S/CLORO MULTIUSO 30% DESC 500ML,76.0,731.78
DETERGENTE LIQUIDO LIMP LAR CRISTAL 2L,83.0,731.73
DESINFETANTE CASA LIMPA LAVANDA 2L,90.0,731.63
AMACIANTE DILUIDO AMACITEL ALEGRES ENCANTOS 2L,67.0,731.43
DETERGENTE LIQUIDO AQUA PLUS MACA 5L,43.0,731.15
TIRA MANCHA BRILHANTE S/CLORO FRESH 2L,21.0,731.08
ALVEJANTE UTILAR SEM CLORO 5L,21.0,730.95
DETERGENTE LIQUIDO DU REI NEUTRO 2L,108.0,730.6
"SABAO EM PO TIXAN YPE ANTIBAC SC 1,6KG",32.0,730.58
DETERGENTE LIQUIDO BARBAREX CLEAR 5L,32.0,729.27
DESINFETANTE SUPER BRILHO FLOR DO CAMPO 2L,137.0,728.73
BIG SOFT SABAO EM PO COCO SC 2KG,70.0,728.08
LIMPADOR MULTIUSO Q OTIMO LAV SPRAY 500ML,243.0,727.82
DETERGENTE LIQUIDO ECONOMICO UVA 500ML,294.28,727.39
SBPO OMO TOQUE DE COMFORT ALVERA CM N/IDENT CX PP 900G,57.0,726.94
DESINFETANTE FLORESTA DA SERRA TOP FLOR 2L,91.0,726.88
DESINFETANTE BIANCOLL FLORES DO CAMPO 2L,75.0,726.81
DESINFETANTE MODALVA TALCO 500ML,270.0,726.44
DESINFETANTE LINTAX FLORAL 2L,124.0,726.43
AMACIANTE DILUIDO MONTE LAGOS ROSAS 2L,130.0,726.14
DESENGORDURANTE SANOL PRO LIMPA REJUNTE 500ML,31.0,725.72
DESINFETANTE PERFECT MARINE 2L,141.0,725.69
DESINFETANTE BIANCOLL FLORAL 2L,73.0,725.52
DETERGENTE LIQUIDO ATALAIA 1L,226.0,725.08
SABAO LIQUIDO BRILHANTE LIMPEZA TOTAL 12X700ML,7.0,724.08
LIMPADOR PERFUMADO SOLIMP LAVANDA 1L,292.0,724.07
DESINFETANTE CASA PERFUMADA EUCALIPTO 5L,42.0,723.14
AMACIANTE DILUIDO JUMPOL CONFORT 1LT,194.0,722.77
DETERGENTE LIQUIDO DEION NEUTRO 5L,26.0,722.68
SABAO EM PO BEM TE VI JASMIM 500G,219.0,722.67
LIMPADOR PET BAW WAW EUCALIPTO 140ML,63.0,722.5
DESINFETANTE SANOL FLOR DE CEREJEIRA E VANILLA 2L,100.0,721.81
AGUA SANITARIA FC VERDE 6X2L,31.0,721.2
AMACIANTE DILUIDO LIMPEZA FELIZ AZUL PUREZA 500ML,237.0,721.14
AMACIANTE DILUIDO GEO FLORAL 4.75L,37.0,720.5
PISCINA NEOCLOR ALGICIDA CHOQUE 1L,22.0,720.5
DESINFETANTE BRILHA SUL EUCALIPTO 500ML,228.0,720.2
ALVEJANTE MUNDIAL QUIMICA SEM CLORO 2L,95.0,720.05
LIMPADOR ESSENCIA MAIS AROMAS LAVANDA 140ML,86.0,719.83
AMACIANTE DILUIDO JHOLIMP 5L,48.0,719.52
AGUA SANITARIA TRIUM 2L,185.0,719.15
DESINFETANTE SUPER BRILHO LAVANDA 2L,136.0,718.92
AGUA SANITARIA SUPER BOA GF 2L,139.0,718.78
AMACIANTE DILUIDO ROUPAS BOUQUET FLOR DORIGON 2L,88.0,718.37
AMACIANTE DILUIDO VITORIA ROSA 5L,35.0,718.3
AMACIANTE DILUIDO MAIS LIMPEZA 2L,142.0,718.01
"SABAO LIQUIDO FLOM TRADICIONAL 1,8L",31.0,717.54
SABAO EM PO ULTRA CLESS BABY 1KG,36.0,717.4
DETERGENTE LIQUIDO NUTRILAR CONTIGO LIMAO 500ML,390.0,717.22
DETERGENTE LIQUIDO TEIU CLEAR 24X500ML,15.0,716.4
DESINFETANTE TRID LIMAO 2L,73.0,714.91
DESINFETANTE JIMO AEROSOL ANTIBAC LAVANDA 300ML,25.0,714.9
SABAO LIQUIDO UZZILIM 3L,27.0,713.9
AMACIANTE CONCENTRADO DOWNY BRISA INTENSO 12X1L 12L,3.0,713.76
LIMPADOR DE VIDRO BIOWASH SEM FRAGANCIA GATILHO 650ML,29.0,713.65
AMACIANTE DILUIDO ITALAR AZUL 5L,53.0,713.47
AMACIANTE DILUIDO WARLIKE 2L,117.0,713.32
LIMPEZA PESADA AJAX FRESH CM P400ML L500ML,71.0,712.93
DESINFETANTE QUIMITOL CONCENTRADO VIOLETA 100ML,56.0,712.38
DESINFETANTE QUIMITOL CONCENTRADO EUCALIPTO 100ML,56.0,711.92
DESINFETANTE VIM CLORO EM GEL ORIGINAL 750ML,44.0,711.58
AMACIANTE DILUIDO DAS NEVES SENSACAO 5L,43.0,710.77
LIMPADOR PERFUMADO RAJJALIM ORVALHO DA MANHA 500ML,162.0,710.66
REMOVEDOR LUAR 500ML,96.0,710.04
DESENGORDURANTE KIN LIMP COZINHA LIMA/LIMAO GATILHO 500ML,52.0,709.08
DESENGORDURANTE VATZ REFIL 500ML,66.0,708.54
LIMPADOR PERFUMADO CENAP LAVANDA COM BRILHO 2L,56.0,708.51
DETERGENTE LIQUIDO DEO LICHIA 1L,79.0,707.82
AMACIANTE DILUIDO BRANMIX AZUL 2L,76.0,707.63
LIMPADOR ESSENCIA TUPI CONCENTRADO ALGAS MARINHAS 120ML,82.0,706.91
DESENGORDURANTE POLLUX COZINHA 500ML,169.0,706.6
LIMPADOR MULTIUSO LIMPOL CLASSICO 12X500ML,17.0,706.46
DESENGORDURANTE REAX LARANJA REFIL 500ML,51.0,706.26
DETERGENTE LIQUIDO MAXIMO BRILHO NEUTRO 2L,115.0,706.15
AGUA SANITARIA FC AMARELA 6X2L,182.0,706.1
DESINFETANTE JUMPOL LAVANDA 1L,190.0,706.03
LIMPEZA PESADA ACTIF DESENTUPIDOR DE RALOS 300G,46.0,705.51
AMACIANTE DILUIDO STORK LAVANDA 2L,117.0,705.1
DESINFETANTE GOTA FORTE MARINE 5L,46.0,704.32
LIMPADOR PERFUMADO LIMPA JA MARINE 2L,125.0,703.99
DESINFETANTE CHEIRO BOM ERVA DOCE 2L,105.0,703.32
"SABAO EM PO MINUANO FLORAL EMB ECONOMICA 1,8KG",39.0,703.07
LIMPADOR MULTIUSO BUFALO LAVANDA 2L,63.0,702.93
AMACIANTE DILUIDO LIMPA MAIS ACONCHEGO 1L,167.0,702.71
AGUA SANITARIA ATALAIA 1L,323.0,701.85
LIMPADOR ESSENCIA RAMAR CAMPESTRE 120ML,94.0,700.14
DESINFETANTE MIMO MARINE 1L,194.0,700.05
DETERGENTE LIQUIDO LIMBEL NEUTRO 5L,29.0,699.16
"AMACIANTE DILUIDO TOT ESPLENDIDO ROSA 1,8L",128.0,699.15
AMACIANTE CONCENTRADO DOWNY PERF COLLEC LIBERDADE 450ML,52.0,698.81
LIMPADOR PERFUMADO COIMBRA PINHO 2L,79.9999,698.63
AMACIANTE DILUIDO GLOBO SAN BABY 1L,214.0,698.56
LIMPA TELA ALLCHEM LCD 100ML,53.0,698.44
DESINFETANTE LIMPE BEM FLORES DO CAMPO 2L,109.0,697.88
AMACIANTE DILUIDO LINTAX 2L,107.0,697.84
DESINFETANTE RETIRO FLORAL 2L,105.0,697.3
DESINFETANTE NUTRILAR ERVA DOCE 2L,84.0,697.15
"SABAO EM PO BEM TE VI LAVANDA 7X1,6KG",10.0,696.96
DESINFETANTE YPE PINHO LAVANDA 12X500ML,13.0,696.84
LIMPEZA PESADA MULT FACIL ACIDO MURIATICO 1L,97.0,696.03
DESINFETANTE CAMPESTRE FLORES DO CAMPO 1L,161.0,695.89
DESINFETANTE ECONOMICO JASMIM 6X2L,16.0,695.52
"AMACIANTE DILUIDO URCA PAIXAO SEDUTORA LV5L PG4,5L",41.0,695.03
DETERGENTE LIQUIDO AQUA PLUS LIMAO 5L,41.0,695.02
DESINFETANTE LAVANDEIRA NATUREZA 1L,269.0,694.89
LIMPADOR PERFUMADO ALVEJAX PINHO 5L,48.0,694.48
SABAO LIQUIDO NOVO BRILHO 1L,120.0,693.43
LIMPADOR ESSENCIA QUIM AROMA CITRONELA 100ML,86.0,693.31
LIMPADOR DE VIDRO AGIFACIL 500ML,197.0,693.23
DESINFETANTE ASTOLLI FLORAL 2L,115.0,692.85
DESINFETANTE ALVEX EUCALIPTO 2L,104.0,692.59
DESINFETANTE LAVANDEIRA NATUREZA 2L,120.0,692.53
DESINFETANTE BOLTZ LAVANDA 500ML,230.0,692.2
DESINFETANTE NOVO BRILHO EUCALIPTO 2L,104.0,691.82
SABAO EM PO POLAR COCO 500G,49.0,691.8
DESINFETANTE EUCALIPTO PLUS 2L,137.0,691.61
LIMPADOR ESSENCIA AROMAX EUCALIPTO 120ML,91.0,691.42
LIMPADOR DE VIDRO SAIF LAREIRAS GATILHO 300ML,40.0,691.12
LIMPEZA PESADA RODO QUIMICA LIMPA OBRA 5L,14.0,690.67
AGUA SANITARIA VIX 2L,79.0,690.54
AMACIANTE DILUIDO PUFF RAIO DE SOL 500ML,196.0,690.33
DETERGENTE LIQUIDO LOURO THIN SUPER MARINE 5L,29.0,689.49
AMACIANTE CONCENTRADO DOWNY SPORTS FRASCO 450ML,50.0,689.26
DESINFETANTE BEM BOM ROSA SARON 2L,128.0,688.95
"DESINFETANTE UZZILIM EUCALITPO 1,75L",111.0,688.33
DETERGENTE LIQUIDO INVICTO MACA 24X500ML,16.0,688.32
DETERGENTE LIQUIDO FLOPS CLEAR 500ML,349.0,688.12
DESINFETANTE LIMPEMAX LAVANDA 5L,68.0,688.1
DESINFETANTE MYATA LAVANDA 2L,73.0,687.53
AGUA SANITARIA KEAN VERDE 1L,270.0,687.13
DESINFETANTE AQUA PLUS TALCO 5L,45.0,686.72
DESINFETANTE BRINORT PINHO 12X500ML,38.0,686.64
AMACIANTE CONCENTRADO TERNURA LEVO 5LT,39.0,686.22
LIMPADOR PERFUMADO ESFRELUX FRESCOR 500ML,162.0,685.84
DESINFETANTE BIANCOLL PINHO OURO 2L,70.0,685.8
SABAO EM PO MINUANO FLORAL 1KG,59.0,685.41
LIMPADOR PERFUMADO QUASAR SENSACOES 500ML,146.0,685.2
LIMPADOR PERFUMADO RADIANTE CITRIQUE PARFUM 500ML,162.0,685.2
ALVEJANTE BRASQUIL SEM CLORO 5L,19.0,684.45
SABAO EM PO GOTA LIMPA EQUILIBRIO 1KG,88.0,684.23
DESINFETANTE VIOL FLORAL 2L,101.0,683.42
DESINFETANTE VERDESAN TALCO 5L,69.0,683.1
SABAO EM PO GOTA LIMPA HARMONIA 1KG,92.0,682.59
DESINFETANTE LIMPEBEM IGUATEMI 5L,53.0,681.89
CLORO CAMPEAO 1L,106.0,681.09
DESINFETANTE MAXIMO FLORAL 2L,119.0,680.95
DESINFETANTE BETEL LAVANDA 2L,119.0,680.27
DESINFETANTE BOLTZ FLORAL 5L,44.0,679.98
LIMPADOR DE VIDRO Q LAR LAVANDA GATILHO 500ML,130.0,679.2
DESINFETANTE LINTAX FLOR DO CAMPO 2L,118.0,677.72
SABAO LIQUIDO MILAO COCO 1L,35.0,677.5
SABAO LIQUIDO CLARUS 1L,81.0,677.27
SABAO LIQUIDO AQUA PLUS FOFURA 2L,55.0,677.16
LIMPADOR ESSENCIA AROMATEC ALGAS MARINHAS 140ML,68.0,676.27
DETERGENTE LIQUIDO DORIGON NEUTRO 1L,124.0,676.14
DETERGENTE LIQUIDO MAX CLEAR MACA 5L,36.0,675.28
DESINFETANTE CASA PERFUMADA PINHO 5L,38.0,675.09
AMACIANTE DILUIDO ECONOMICO SOFT BLUE 12X1L,168.0,675.01
DESINFETANTE BARRIGA VERDE KAIAK 2L,26.0,674.95
DETERGENTE LIQUIDO IMPERIAL NEUTRO 500ML,325.0,674.02
CLORO ATIVO AUDAX HIPOCLORITO DE SODIO 2X5L,15.0,673.5
AGUA SANITARIA LIMPAO 2L,131.0,672.7
"SABAO EM PO MINUANO ACAO PROFUNDA EMB ECONOMICA 1,8KG",38.0,672.26
DESINFETANTE KIMAFLOR LAVANDA 5L,36.0,671.52
AGUA SANITARIA KADAN CLORO 5% 1L,133.0,670.97
LIMPADOR DE VIDRO REAX COM ALCOOL REFIL 500ML,52.0,670.9
SABAO LIQUIDO TUPA 2L,77.0,670.55
LIMPADOR MULTIUSO YPE CLASSICO 12X500ML,16.0,670.34
SABAO EM PO GIRANDO SOL ROSA 1KG,112.0,669.83
PISCINA HIDROAZUL LIMPA BORDA 1L,35.0,669.81
DETERGENTE LIQUIDO MONTE LAGOS NEUTRO 5L,26.0,669.09
LIMPADOR DE VIDRO MAX CLEAR 500ML,131.0,668.18
SABAO LIQUIDO GUARANI TRADICIONAL 4X3L,12.0,667.93
LIMPADOR PERFUMADO CASAFLOR INTUITIVE 12X1L,11.0,667.85
"LAVA ROUPA PO BRILHANTE CUID TOTAL 1,6KG",35.0,667.8
DESINFETANTE LIMPEMAX PALMOLYV 5L,67.0,666.87
SABAO EM PO EXIGENTE EXPERT BRILHO 3000ML,39.0,666.61
LIMPADOR MULTIUSO PONTAL TRADICIONAL 500ML,123.0,666.43
DESINFETANTE MASCIMO CAPIM LIMAO 1L,164.0,666.37
DESINFETANTE LYSOL BRISA DA MANHA 360ML,25.0,666.02
REMOVEDOR SANOL PRO LIMPA GRUDE 60ML,37.0,665.83
DESINFETANTE KEKEL FLOR DO CAMPO 2L,119.0,665.31
DESINFETANTE PERFECT ENCANTO 2L,114.0,665.22
AMACIANTE DILUIDO BARRIGA VERDE 5L,37.0,664.95
SABAO LIQUIDO VALOR BRANCAS E COLOR 1L,56.0,664.71
DESINFETANTE MODALVA FLORAL 500ML,244.0,664.67
LIMPADOR PERFUMADO BEM BOM GENESIS 2L,125.0,664.65
SABAO LIQUIDO LEVO BRISA 3L,33.0,664.57
AMACIANTE CONCENTRADO LUME DREAMS TERNURA REFIL 1L,165.0,664.26
AMACIANTE DILUIDO MON BIJOU MAIS FRESCOR 6X1.7L,18.0,663.89
CLORO LIMPEX 1L,153.0,663.56
DESINFETANTE CRISTAL 1L,282.0,663.38
LIMPADOR PERFUMADO LEVO KAYAK 500ML,241.0,663.26
DESINFETANTE BRILHO MIL JASMIM 2L,115.0,662.13
LIMPADOR ESSENCIA PURA MAGIA ROMANCE 140ML,62.0,662.09
DESINFETANTE POLYMIX FRUTAS FLORAL 5L,52.0,661.5
DESINFETANTE LINTAX LAVANDA 2L,113.0,660.96
DESINFETANTE MAXLIMP ORVALHO 2L,121.0,660.9
AMACIANTE DILUIDO COMFORT AZUL CLASSIC 2L,47.0,660.36
AMACIANTE DILUIDO JOB ROSA 5LT,49.0,659.93
DESINFETANTE LINTAX TALCO 2L,112.0,659.7
AGUA SANITARIA SUMMER 5L,60.0,658.8
LIMPADOR MULTIUSO VEJA GOLD FLORAL 750ML,97.0,658.59
ALVEJANTE LIMBEL SEM CLORO 5L,32.0,658.56
DESINFETANTE FLORESTA DA SERRA LAVANDA 2L,83.0,658.27
DESINFETANTE VIOL TALCO 2L,105.0,658.01
AGUA SANITARIA DABOA 1L,331.0,658.01
LIMPADOR MULTIUSO LAVANDEX LIMPA TENIS 500ML,31.0,657.84
DESINFETANTE PET POLIAU LIMPADOR NEUTRALIZADOR CITRONELA 2L,54.0,657.76
SABAO LIQUIDO COMBATE COCO 1L,112.0,657.47
LIMPADOR PERFUMADO MAXIMO BRILHO FLORAL 200ML,165.0,657.37
SABAO LIQUIDO ECOKIM ESPECIAL 2L,25.0,657.26
LIMPEZA PESADA KIMAX POS OBRA 1L,28.0,657.22
DETERGENTE LIQUIDO BARRIGA VERDE NEUTRO 2L,39.0,657.15
DETERGENTE LIQUIDO MONTE LAGOS NEUTRO 2L,56.0,656.83
AGUA SANITARIA ABC GF 2L,101.0,656.82
LIMPADOR ESSENCIA LIMPADUA BAMBOO 500ML,19.0,656.8
DETERGENTE LIQUIDO DENGO CLORADO 2L,39.0,656.67
DESINFETANTE TOP CLEAR LAVANDA 500ML,384.0,656.65
CLORO START HIPOCLORITO DE SODIO 2L,29.0,656.13
DETERGENTE LIQUIDO ALICE LIMAO 2L,87.0,655.53
AMACIANTE DILUIDO AMACITEL TOQUE DE CARINHO 2X5L,24.0,655.2
SABAO LIQUIDO MIL FLORES GLICERINADO 2L,62.0,654.0
SBPO OMO MULTIACAO PODER ACELERADOR CX PP LV2000G PG1900G,25.0,653.99
AGUA SANITARIA LIMPINHA 5L,41.0,653.94
AMACIANTE DILUIDO INFLUX LAVANDA 2L,113.0,653.75
DESINFETANTE MAXLIMP FLORAL 2L,118.0,653.71
AGUA SANITARIA ESTRELA 1L,313.0,653.66
SABAO LIQUIDO EKOBOM ROUPAS BRANCAS E COLORIDAS 1L,86.0,653.53
DESINFETANTE BRIIZ CAMPESTRE 5L,57.0,653.07
SABAO EM PO MARILUX 5KG,36.0,652.15
ALVEJANTE ZAVASKI SEM CLORO LAVANDA 1L,158.0,651.92
DETERGENTE LIQUIDO VIDA NOVA MACA 2L,98.0,651.86
SABAO EM PO ASSIM TRIPLACAO EMB ECONOMICA 450G,146.0,651.54
DESINFETANTE LIMPS PINHO 5L,51.0,651.35
SABAO LIQUIDO MASCIMO COCO 1L,42.0,651.08
LIMPADOR DE VIDRO DOM LINE GATILHO 500ML,39.0,650.54
DESINFETANTE PROLAR EUCALIPTO 2L,118.0,650.46
AGUA SANITARIA MARINA 3X5L,32.0,650.45
DESINFETANTE RONDOJET STYLETTO 2L,85.0,650.22
LIMPADOR PERFUMADO BEM BOM CAMPINAS DE JORDAO 2L,122.0,650.0
DESINFETANTE LIMPE BEM SOFT BLUE 5L,48.0,649.14
DESINFETANTE INDOV FLORAL 2L,113.0,648.86
SABAO LIQUIDO MERSEY WHITE 500ML,27.0,648.8
CLORO DONATTI ORGANICO GRANULADO 10KG,4.0,648.7
DESINFETANTE LIDER FRESH 2L,103.0,648.69
CLARIFICANTE PISCINA NEOFLOC 1L,27.0,648.6
LIMPADOR PERFUMADO DESODOR FLORES 500ML,161.0,648.35
AGUA SANITARIA BOM USO 1L,198.0,648.33
DETERGENTE LIQUIDO PURILIMP NEUTRO 2L,57.0,647.87
LIMPADOR PISCINA CRIS AGUA SUPER DECANTADOR 2L,22.0,647.52
DESINFETANTE PERFECT EUCALIPTO 2L,112.0,647.35
LIMPADOR MULTIUSO UAU KIT INOX/ LIMAO/LAV/ROSAS 4X500ML,29.0,647.22
LIMPADOR ESSENCIA SENALANDIA FLORAL 140ML,69.0,647.2
LIMPADOR MULTIUSO VEJA POWER NATURE SPRAY 500ML,34.0,646.71
REMOVEDOR PERF. GITANES 900ML,25.0,646.45
DETERGENTE LIQUIDO NOVO BRILHO MACA 500ML,334.0,646.39
AMACIANTE DILUIDO UAU PERFUMES SEDUCAO 2L,72.0,645.84
LIMPADOR MULTIUSO UAU HORTSPRAY P500ML L600ML,108.0,645.78
LIMPADOR PERFUMADO VEJA PERFUMES NATUREZA LAVANDA 500ML,90.0,645.42
SABAO LIQUIDO ANTAR PLUS 2 LT COCO,42.0,645.12
DESINFETANTE LIMP LAR LAVANDA 2L,118.0,645.07
DETERGENTE LIQUIDO KLIP MACA 500ML,308.0,644.92
DESINFETANTE DAS NEVES LAVANDA 5L,40.0,644.6
AMACIANTE DILUIDO YPE CELEBRACAO 2L,61.0,644.53
DESINFETANTE RADIANTE LIRIOS DO CAMPO 1L,89.0,644.26
LIMPADOR PET LUXPET ESPUMA LIMPA TUDO 400ML,22.0,643.8
LIMPADOR MULTIUSO BIG SOFT SQUEEZE 500ML,219.0,642.77
DESINFETANTE URCA TRADICIONAL 6X2L,26.0,642.14
DESINFETANTE BAK YPE TURQUESA 12X500ML,16.0,642.01
DESINFETANTE ACUCENA FLORAL 500ML,256.0,641.61
LIMPADOR PERFUMADO ESFRELUX HARMONIA 500ML,143.0,641.5
ALVEJANTE TOP LIMPO SEM CLORO BRANQUEADOR 2L,65.0,641.5
LIMPADOR PERFUMADO AQUA PLUS ORQUIDEA 2L,58.0,641.41
AGUA SANITARIA MAGIC 2L,103.0,640.91
DESINFETANTE LINTAX EUCALIPTO 2L,113.0,639.75
SABAO LIQUIDO TIXAN YPE PRIMAVERA RF 12X900ML,7.0,639.48
AGUA SANITARIA DEION 5L,32.0,639.0
AMACIANTE DILUIDO TRES BARRAS BRANCO 5L,32.0,638.4
DESINFETANTE LAVANDEIRA LAVANDA 1L,234.0,637.68
DESINFETANTE ALVEJAX GIO BABY 1L,165.0,637.51
SABAO LIQUIDO COMBATE CRISTAL 1L,101.0,637.49
LIMPADOR PERFUMADO BRILHO PRATICO JASMIM 1L,194.0,637.31
LIMPADOR MULTIUSO BIG SOFT SPRAY 500ML,210.0,637.21
DESINFETANTE LAVANDEIRA LAVANDA 2L,107.0,636.87
SABAO LIQUIDO BIG SOFT COCO 1L,123.0,636.1
AMACIANTE DILUIDO NUTRILAR TOQUE SUAVE 2L,74.0,635.96
AMACIANTE DILUIDO DEAZ 2L,24.0,635.76
AMACIANTE DILUIDO NOVO REINO CARINHO 5L,31.0,635.71
SABAO LIQUIDO BELA FAMILIA BRIZ MACA 5L,57.0,635.64
AGUA SANITARIA LAVA BEM 12X1L,21.0,635.04
AMACIANTE CONCENTRADO SONHO LAVANDA GARRAFA 500ML,86.0,634.67
AMACIANTE DILUIDO BIG SOFT BLACK 2L,104.0,634.29
SABAO EM PO BEM TE VI PERFUME DA NATUREZA 27X400G,9.0,634.04
LIMPADOR PERFUMADO RIALER LAVANDA 5L,36.0,633.29
SABAO EM PO CLARIN MULTIACAO 2KG,54.0,632.79
REMOVEDOR REAX DE CERAS 750ML,34.0,632.41
SABAO EM PO ESPUMIL PREMIUM 1.6KG,116.0,632.31
LIMPADOR DE VIDRO CENAP PERFUMADO 500ML,115.0,632.14
LIMPADOR PISCINA DOMCLOR ALLDAY 5EM1 10KG,4.0,631.72
DETERGENTE LIQUIDO AMALIA NEUTRO 5L,36.0,631.59
DESINFETANTE QUATRO ESTACOES VIOL 2L,93.0,631.46
DETERGENTE LIQUIDO COOPCLEAN NEUTRO 500ML,279.0,631.31
LIMPADOR PERFUMADO QUASAR DAMA DA NOITE 2L,98.0,631.09
AGUA SANITARIA QBOA LV1L PG900ML 1L,180.0,631.04
AMACIANTE DILUIDO KI JOIA TALCO SUAVE 5L,40.0,630.55
DESINFETANTE LAVANDEIRA VIOLETA 2L,91.0,630.05
AGUA SANITARIA SELECT 1L,160.0,629.94
LIMPADOR PISCINA CRISCLOR CRIS AGUA DICLORO BALDE 2.5KG,5.0,629.94
DETERGENTE LIQUIDO KILIMPEX NEUTRO 1L,109.0,629.93
DESINFETANTE MONTE LAGOS FLORAL 2L,82.0,629.54
DESINFETANTE PRATIC LAR LAVANDA 800ML,123.0,629.4
AMACIANTE CONCENTRADO MON BIJOU CLASSICO 12X500ML,7.0,629.16
DESINFETANTE VIDA NOVA PALMOLIVE 2L,100.0,628.94
AMACIANTE DILUIDO ASTOLLI FLORAL 2L,100.0,628.4
SABAO LIQUIDO UTILAR ACAO PROFUNDA 5L,17.0,628.38
LIMPADOR MULTIUSO LAR DOCE LAR ORIGINAL 500ML,148.0,628.09
ALVEJANTE TOQUE DE CARINHO SEM CLORO 5L,25.0,627.8
AMACIANTE DILUIDO KILEVE AZUL 2L,77.0,627.15
CLORO GEL JOB 750ML,31.0,626.94
DESINFETANTE MAXPOL LAVANDA 500ML,300.0,626.28
LIMPADOR PERFUMADO ESTRELA JARDIM DE TULIPAS 500ML,157.0,626.27
LIMPEZA PESADA SO BRILHO 1L,68.0,625.97
SABAO EM PO BRIL ODOR BRANCAS/COLORIDAS 1.6KG,57.0,625.57
DESINFETANTE MAXXY LIMP PRIMAVERA 2L,141.0,625.4
CLORO LIQUIDO CLOROLAR 1L,154.0,625.33
DESINFETANTE ATUAL PINHO 5L,55.0,625.3
LIMPEZA PESADA BRASQUIL CLORO LIMA 5000ML,27.0,625.09
AMACIANTE DILUIDO BECKER CLASSICO 5L,32.0,624.68
DESINFETANTE SUPER CLEAN LIMAO 2L,78.0,624.67
SABAO EM PO ASSIM TRIPLA ACAO FLORAL 20X800G,5.0,624.6
LIMPADOR MULTIUSO BIOWASH CAPIM LIMAO REFIL 650ML,37.0,624.31
AMACIANTE CONCENTRADO PUFF HIPOALERGENICO 500ML,187.0,624.3
"SABAO EM PO SUPER BRANCO FLORAL 1,6KG",86.0,623.94
DESINFETANTE PARANAIBA FLORAL 2L,125.0,623.76
SABAO EM PO GIRANDO SOL OPTICAL WASH ROSA FLORAL 25X800G,5.0,623.75
DESINFETANTE LIMP FORT LAVANDA 2L,128.0,623.59
AGUA SANITARIA ALPES 12X1L,26.0,623.28
DETERGENTE LIQUIDO NOVO BRILHO NEUTRO 5L,36.0,622.97
DESINFETANTE TAQLIMPO CITRONELA 2L,63.0,622.27
LIMPEZA PESADA RAYLIN DESENGRAXANTE 1L,19.0,621.9
DESINFETANTE INSPIRA ANTIMOFO 5 EM 1 REFIL 500ML,33.0,621.54
LIMPADOR PET REX ELIMINADOR DE ODORES EUCALIPTO 2L,43.0,621.1
AGUA SANITARIA COTTONY 1L,227.0,620.23
CLORO LIMPEX 2L,96.0,620.04
DESINFETANTE UNIC LIMP LAVANDA 1L,298.0,620.0
ODORIZADOR DE TECIDO FLOM BREEZE 200ML,52.0,619.89
DESINFETANTE GEO OCEAN 500ML,165.0,619.48
AMACIANTE CONCENTRADO AGE  FLORES ENCAPSULADAS 1L,58.0,619.27
SABAO LIQUIDO ORIENTAL ROSAS E PAIXAO 5L,23.0,618.97
LIMPADOR PERFUMADO MR BRILHO 2L,86.0,618.85
ALVEJANTE LAVANDEX SEM CLORO 2L,62.0,618.77
LIMPADOR ESSENCIA LIMPA MAIS FLORAL 120ML,75.0,618.71
SABAO LIQUIDO LAVANE 1L VERDE ATIVO,77.0,618.65
DESINFETANTE LIMPEMAX CAMPESTRE 5L,60.0,618.51
AMACIANTE CONCENTRADO COMFORT  CHARME 500ML,55.0,618.45
SABAO LIQUIDO TUPA DET. COCO 2L,74.0,618.43
DETERGENTE LIQUIDO COMPRE CERTO LIMAO 5L,38.0,618.42
DESINFETANTE NOVO BRILHO PINHO LIMAO 2L,94.0,618.18
DESINFETANTE CASA DA LIMPEZA EUCALIPTO 2L,77.0,617.88
DETERGENTE LIQUIDO RETIRO MARINE 500ML,358.0,617.77
AGUA SANITARIA HARMONIEX 5L,61.0,617.39
LIMPADOR PERFUMADO UNO FLOTADOR PROVITA 500ML,59.0,617.12
DESINFETANTE TUPA EUCALIPTO 2L,86.0,616.6
DETERGENTE LIQUIDO ODD CLEAR 5L,22.0,616.59
LIMPADOR DE VIDRO CIF 2L,14.0,616.5
DESINFETANTE QUASAR DAMA DA NOITE 2L,97.0,616.21
AGUA SANITARIA SEQUINEL 5L,51.0,616.01
LIMPADOR PISCINA CRIS AGUA CLORO GRANULADO 1KG,17.0,615.86
CLORO PISCINA 3X1 CLOROFACIL 25KG,10.0,615.79
SABAO EM PO KRA KRA 800G,112.0,615.77
DESINFETANTE UTIL LAVANDA 5L,48.0,615.45
DESINFETANTE STORK EUCALIPTO 2L,100.0,615.03
LIMPADOR ESSENCIA ANTARES JASMIM 100ML,29.0,614.78
CLORO BRILHO SOLAR 5L,34.0,614.53
DESINFETANTE MEU LAR LEITOSO DELICATO 2L,97.0,614.45
REMOVEDOR LIMPADUA MULTIUSO LIMPEZA GERAL 1L,24.0,614.41
DESINFETANTE MEU LAR LEITOSO FELICE 2L,96.0,614.14
SABAO LIQUIDO CLASSIC COCO 2L,44.0,614.1
TIRA MANCHA ARO EM PO 400G,123.0,613.77
AMACIANTE DILUIDO BRILHO SOLAR AZUL 5L,47.0,613.53
AGUA SANITARIA QRIO 2L,96.0,613.22
SABAO EM PO BRILHANTE CUIDADO TOTAL 9X1.6KG,28.0,612.84
SABAO LIQUIDO AGUIA MULTI QUEROSENE 2L,22.0,612.35
DETERGENTE LIQUIDO GEL CARE LIMAO SICILIANO 512G,77.0,612.29
LIMPADOR ESSENCIA AMAZONIA CONC AROMAS CITRONELA 120ML,54.0,612.03
SABAO EM PO OMO SPORTS 1.6KG,20.0,611.42
DESINFETANTE PERFECT LAVANDA 2L,118.0,611.22
AGUA SANITARIA BRILUX 6X2L,17.0,610.86
LIMPADOR ESSENCIA RAFI PINHO 100ML,64.0,610.69
SABAO LIQUIDO URCA COCO 1L,51.0,610.49
DETERGENTE LIQUIDO MAZA MACA 500ML,323.0,610.43
AMACIANTE CONCENTRADO DONA CLARA 500ML,97.0,610.13
SABAO EM PO IAPO LAVANDA 500G,306.0,609.72
AMACIANTE DILUIDO JUA 2L,79.0,609.58
AGUA SANITARIA CLEAN 2L,95.0,609.45
DETERGENTE LIQUIDO DORIGON MACA 5L,25.33333,607.76
SBPO BRILHANTE TOQUE DE MACIEZ SC PLAST                1000G,69.0,607.59
AMACIANTE DILUIDO FLOPS BABY 2L,97.0,607.03
LIMPEZA PESADA BARRIGA VERDE DESENGRAXANTE 2L,29.0,607.02
LIMPADOR PERFUMADO CASAFLOR DREAMS 12X1L,10.0,606.67
LIMPADOR PERFUMADO LUXBRILL FLORAL 2L,126.0,606.39
LIMPADOR PET BAW WAW CITRONELA 140ML,52.0,605.98
AMACIANTE CONCENTRADO AMACILUX SALMON SOFT 500ML,85.0,605.83
ALVEJANTE NASCENTE SEM CLORO 5L,23.0,605.72
LIMPADOR PERFUMADO LIMPEX LIMAO 5L,49.0,605.31
ALVEJANTE ALVEX SEM CLORO 2L,55.0,605.18
SABAO LIQUIDO AYLAG COCO 2L,42.0,604.9
DESINFETANTE MAIS LIMPEZA FLORAL 1L,167.0,604.61
DESINFETANTE PARANAIBA 2L,121.0,604.59
DESENGORDURANTE CIF LIQUIDO ULTRA BRANQUEADOR 5L,15.0,604.21
DETERGENTE LIQUIDO KLIP COCO 500ML,294.0,604.17
LIMPADOR PET FIDALGOS LIMPA CANIL MARINE 140ML,83.0,604.09
SABAO LIQUIDO BRIFORT CONCENTRADO AZUL 6X2L,14.0,603.96
DESINFETANTE NASCENTE 2L,84.0,603.86
AMACIANTE DILUIDO MARINA AZUL 2L,87.0,603.4
AGUA SANITARIA LISTAL 1L,156.0,603.3
DESINFETANTE ASA LESTE EUCALIPTO 5L,35.0,603.18
DESINFETANTE ABA PLUS PALMO 2L,103.0,602.27
DESINFETANTE ECONOMICO HERBAL 2L,77.0,602.09
CLORO PREMIUM HIDROAZUL 1KG,14.0,601.86
LIMPADOR PERFUMADO CENAP HERBAL ELIMINADOR DE ODORES 2L,34.0,601.58
AMACIANTE DILUIDO AMOLIM CLASSICO 2L,67.0,601.49
DESINFETANTE YZA LAVANDA 2L,99.0,601.03
LIMPADOR MULTIUSO VINACLEAN MULTIUSO TOSCANO 750ML,72.0,600.94
DESINFETANTE MAXPOL FLORAL 500ML,284.0,600.68
DESINFETANTE AZULIM PINHO GEL 5KG,11.0,600.62
LIMPADOR PET PET CLEAN  ELIMINADOR DE ODORES CAPIM LIMAO 2L,36.0,600.48
DESINFETANTE PRINCESA LIMAO 2L,86.0,600.41
SABAO EM PO COLOSSO BRANQ 500ML,51.0,599.99
LIMPADOR ESSENCIA LIMPA MAIS CITRONELA 120ML,72.0,599.88
LIMPADOR MULTIUSO CENTRALSUL AR COND SPRAY ATENAS 200ML,17.0,598.88
LIMPADOR MULTIUSO VEJA PWR FS+LIMP PES ORG 2X500ML,27.0,598.67
DETERGENTE LIQUIDO BARRIGA VERDE ALCALINO 5L,16.0,598.67
SABAO LIQUIDO BIANCOLL COCO 2L,32.0,598.61
AGUA SANITARIA MAGIC ACQUA 1L,190.0,598.46
DESINFETANTE MAXIMO BRILHO BRISA 2L,98.0,597.25
SABAO LIQUIDO RADIANTE COCO 1L,42.0,597.16
SABAO LIQUIDO CANDEIAS LIQUIDO 1L,56.0,596.94
"SABAO EM PO SURF CUIDADO DO COCO PCT 6X2,4KG 14,4KG",5.0,596.7
LIMPADOR ESSENCIA BELAROMA ALGAS MARINHAS 140ML,66.0,596.35
DESINFETANTE PROLAR LAVANDA 2L,106.0,595.8
SABAO LIQUIDO ALIANCA ORIGINAL AZUL 3L,42.0,595.3
ALVEJANTE KIMAFLOR EM PO GENTILE ROUPA COLORIDA 450G,43.0,595.18
AMACIANTE DILUIDO TELEFRANGO BLUE 2L,82.0,594.98
DESINFETANTE CAMPESTRE LILAS 1L,138.0,594.93
AMACIANTE DILUIDO SOFTUS AZUL 5L,37.0,594.69
LIMPADOR MULTIUSO MAIS FAMILIA TRADICIONAL 500ML,126.0,594.38
SABAO LIQUIDO VIDA NOVA PLUS 2L,59.0,594.27
AMACIANTE DILUIDO TRES BARRAS AMARELO 2L,74.0,594.26
SABAO LIQUIDO KOKINOS SABAO LIQUIDO 3L,46.0,594.19
LIMPADOR MULTIUSO MULT MIL 500ML,152.0,594.15
DESINFETANTE CLINEZA EUCALIPTO 2L,74.0,593.78
AMACIANTE DILUIDO PERFECT SEDUCAO 5L,31.0,593.49
DESINFETANTE TOCK CAMPESTRE 2L,74.0,593.27
LIMPADOR PET COALA CONCENTRADO CAPIM LIMAO 120ML,41.0,592.46
DESINFETANTE URCA EUCALIPTO 6X2L,24.0,592.36
AMACIANTE DILUIDO AQUA PLUS FOFINHO 2L,75.0,591.85
DESINFETANTE BELA FAMILIA LAVANDA 5L,53.0,590.99
DETERGENTE LIQUIDO LINTAX ANIL 2L,102.0,590.83
DESINFETANTE MAXLIMP LIMAO 2L,106.0,590.74
DESINFETANTE MAIS LIMPEZA FLORAL 2L,116.0,590.65
AMACIANTE DILUIDO PELOUCHE HARMONIA DO MAR 2L,108.0,590.52
ALVEJANTE VARAL SEM CLORO 1L,44.0,590.5
SABAO LIQUIDO LIMBEL 5L,23.0,589.39
LIMPADOR ESSENCIA AROMATEC MACA VERDE 120ML,68.0,588.71
DESINFETANTE PEPY JASMIM 1L,122.0,588.51
SABAO LIQUIDO GEL CONCENTRADO REAX ANTIODOR 510G,66.0,588.5
AMACIANTE DILUIDO KAIANA TALCO 2L,54.0,588.02
DETERGENTE LIQUIDO GUAIUBA CLEAR 500ML,434.0,587.71
DESINFETANTE AROMAX PINHO LIMAO 2L,73.0,587.57
AMACIANTE DILUIDO MARINA 5L,41.0,587.53
DESINFETANTE POLYMIX LAVANDA 2L,101.0,587.5
SABAO LIQUIDO MAXLIM ETERNETY 3L,26.0,587.46
DESINFETANTE CASA E CARINHO EUCALIPTO 2L,78.0,587.36
AMACIANTE DILUIDO ASCERTE AMARELO 2L,88.0,587.23
ALVEJANTE VALOR COM CLORO ATIVO PERFUMADO 1L,93.0,587.11
DESINFETANTE DAS NEVES VIOLETA 2L,84.0,586.71
DESINFETANTE TAQLIMPO PINHO 2L,71.0,586.4
ALVEJANTE KILEVE SEM CLORO 1L,83.0,586.02
AGUA SANITARIA IGUAL 12X1L,24.0,585.96
DESINFETANTE TOP MIL FLORES EUCALIPTO 2L,88.0,585.53
AGUA SANITARIA DONA CLARA 2L,102.0,585.28
DESINFETANTE FONTE LIMPA FRAGANCIAS 2L,106.0,584.84
CLORO MAX LIMP 5L,36.0,584.21
"ALVEJANTE VANISH GEL MULTIUSO 20% DESC 1,5L",16.0,584.06
REMOVEDOR MODIFICADO REAX 1LT,33.0,583.66
DESINFETANTE DESOMAX FLORAL 2L,98.0,582.99
DETERGENTE LIQUIDO QUASAR LIMAO 2L,75.0,582.95
CLORO HARMONIEX 2 L.,44.0,582.93
DETERGENTE LIQUIDO ARGUS NEUTRO 5L,19.0,582.8
LIMPADOR ESSENCIA COALA CONCENTRADO CITRONELA 120ML,40.0,582.75
DESINFETANTE TOP CLEAR FLORAL 2L,101.0,581.88
LIMPADOR ESSENCIA MOGILANDI HORTELA 140ML,65.0,581.84
DESINFETANTE UNOLAR FLOWER 3L,62.0,581.04
LIMPADOR ESSENCIA AROMAX LAVANDA 100ML,77.0,580.93
LIMPADOR MULTIUSO BIOWASH SENSTIIVE GATILHO 650ML,26.0,580.89
AMACIANTE DILUIDO BIANCOLL CARICIA 2L,63.0,580.06
LIMPADOR MULTIUSO Q OTIMO FLORAL SPRAY 500ML,192.0,579.71
LIMPADOR PERFUMADO RICLEY LAVANDA 5L,45.0,579.62
AGUA SANITARIA MAXXI 2L,68.0,579.32
SABAO LIQUIDO OMO MULTIACA PODER ACEL CX 2X5L,9.0,579.1
DESINFETANTE ALVEJAX PRIMAVERA ROXO 1L,159.0,579.1
AMACIANTE CONCENTRADO LUME DREAMS CONFORTO REFIL 1L,144.0,578.69
DETERGENTE LIQUIDO IDEAL NEUTRO 5L,44.0,578.26
DESINFETANTE BARRIGA VERDE LAVANDA 5L,18.0,578.25
DESINFETANTE MAXIMO BRILHO FLORAL 2L,94.0,578.02
SABAO LIQUIDO ROBER LUX DE COCO 2L,21.0,577.9
ALVEJANTE REALY COM CLORO ATIVO 1L,104.0,577.03
AMACIANTE DILUIDO GIRANDO SOL VERDE HERBAL 2L,63.0,576.89
DESINFETANTE LIMP LAR C/ SABAO ERVAS MARINHAS 2L,36.0,576.56
DESINFETANTE EFICAZ FLORAL 2L,64.0,576.19
DESINFETANTE STORK PINHO 2L,90.0,576.17
DETERGENTE LIQUIDO NOVO BRILHO MACA 5L,33.0,576.03
DETERGENTE LIQUIDO YPE LIMAO 4X6X500ML,11.0,576.0
SABAO LIQUIDO LEVO BRISA 1L,74.0,575.95
DESINFETANTE QUIMITOL CONCENTRADO VITORIA 100ML,48.0,575.69
DESINFETANTE CHEIRO BOM LAVANDA 1L,159.0,575.29
LIMPADOR PERFUMADO ESTRELA FLOR DE LIS 500ML,145.0,574.99
AMACIANTE DILUIDO TERNURA 5L,40.0,574.81
DESINFETANTE DORIGON LAVANDA 5L,32.0,574.78
SABAO EM PO ALA SACHET COCO 27X500G,18.0,574.65
LIMPEZA PESADA MASTERY ESTOFAMENTOS MAXIMO BRILHO 500ML,50.0,574.39
DESINFETANTE DESOMAX PINHO 2L,95.0,574.01
DESINFETANTE LAVABEM JASMIM 12X1L,16.0,573.58
DESINFETANTE BAH CITRUS 2L,68.0,573.3
LIMPADOR PERFUMADO NIDA FLORAL 500ML,107.0,573.09
AGUA SANITARIA TAQLIMPO 5L,39.0,573.02
SABAO EM PO MINUANO ACAO PROFUNDA EMB ECONOMICA 900G,50.0,572.5
DESINFETANTE ASTOLLI PINHO 2L,93.0,571.97
AMACIANTE DILUIDO LIMPA MIL AZUL ACONCHEGO 500ML,182.0,571.75
DESINFETANTE ATRON ANA JULIA 2L,116.0,571.56
CLORO 5L CASA LIMP,33.0,571.39
ALVEJANTE KIMAFLOR EM PO SEM CLORO ROUPAS BCO 900G,31.0,571.34
DESINFETANTE MAIS LIMPEZA TRADICIONAL 2L,112.0,571.03
AGUA SANITARIA AGEX 5L,63.0,570.88
AMACIANTE DILUIDO COMFORT AZUL 5L,11.0,570.62
TIRA MANCHA PLUSH OXY2 WHITE 900G,18.0,570.55
LIMPADOR MULTIUSO VEJA GOLD ORIGINAL 24X500ML,6.0,570.31
SBL OMO LIQ COMFORT ORIG 1000ML,41.0,570.3
DESINFETANTE QUIMITOL CONCENTRADO HENNO 100ML,51.0,570.06
DETERGENTE LIQUIDO LIMPISSIMA CLEAR 500ML,34.0,569.86
CLORO GRANULADO ECONOMIC NEOCLOR 10KG,3.0,569.67
DESINFETANTE GUARANI VIOLETA 12X500ML,25.0,568.92
CLORO DENGO 5L,19.0,568.68
CLORO LUMINEX LIQUIDO 2L,45.0,568.56
CLORO ENCOPEL 1LT,79.0,567.93
SABAO LIQUIDO PARANAIBA MULTIGREEN 3L,30.0,567.7
ALGICIDA MANUTENCAO 5LT GENCO,5.0,567.67
DESINFETANTE CAMPESTRE IGUATEMI 1L,130.0,564.6
DESINFETANTE TRES BARRAS CITRUS 5L,42.0,564.05
TIRA MANCHA GOTA LIMPA SEM CLORO MULTIUSO 400G,34.0,563.94
LIMPEZA PESADA BUFALO INSTANTANEO ACAO E PERFUME 500ML,146.0,563.47
LIMPADOR PET POWERDOG ELIMINADOR DE ODORES EUCALIPTO 2L,30.0,563.3
DESINFETANTE LIMPS EUCALIPTO 500ML,212.0,562.92
AMACIANTE CONCENTRADO YPE BLUE SC REFIL 1L,28.0,562.89
SABAO EM PO SUPER BRANCO MULTIACAO 800G,83.0,562.76
AMACIANTE CONCENTRADO AGE COCO E BAUNILHA 1L,53.0,562.53
ALVEJANTE ESFRELUX SEM CLORO 1L,70.0,561.97
AMACIANTE CONCENTRADO COMFORT ELLEGANCE 500ML,49.0,561.69
CLORO QUIMOSSI EM GEL 5L,21.0,561.48
DESINFETANTE INDOV FLORAL 1L,171.0,561.23
"SBP BRILHANTE 1,7KG BRILHO ATIVO",39.0,561.06
LIMPADOR PERFUMADO ALVEJAX CAMPESTRE 5L,35.0,560.92
DETERGENTE LIQUIDO ALICE NEUTRO 5L,43.0,560.47
LIMPADOR PERFUMADO LIMPA BOM GABRIELA 2L,84.0,560.15
DETERGENTE LIQUIDO LIMPISSIMO CRISTAL 2L,85.0,560.15
"DESINFETANTE BUFALO PINHO LAVANDA 6,05L",34.0,560.15
AMACIANTE CONCENTRADO START TUFF SOFT DILUIVEL 910ML,14.0,560.1
SABAO LIQUIDO JHOLIMP LIQUIDO JHOMO 5L,28.0,559.44
DETERGENTE LIQUIDO RENDE MAIS LIMAO 500ML,311.0,559.07
AMACIANTE DILUIDO ATRON AZUL 2L,92.0,558.72
AGUA SANITARIA ZULU 5L,33.0,558.63
AGUA SANITARIA SUPER FADA 1L,294.0,558.26
DETERGENTE LIQUIDO ILLO MULTIUSO 5L,21.0,558.03
DESINFETANTE RONDOJET CAMPESTRE 2L,75.0,557.74
LIMPADOR ESSENCIA CONCENTRADO COALA LIMA LIMAO 120ML,59.0,556.51
SABAO LIQUIDO RCD 3 L,23.0,556.41
AMACIANTE DILUIDO MIL FLORES TALCO 5L,35.0,556.37
DESINFETANTE ALVEJAX FLORAL ROSA 1L,148.0,555.54
DESINFETANTE Q OTIMO LAVANDA 2L,97.0,555.42
LIMPADOR PERFUMADO MAXIMO BRILHO BRISA 200ML,142.0,555.26
LIMPADOR ESSENCIA MIL AROMAS CAPIM LIMAO 140ML,49.0,555.21
AMACIANTE DILUIDO VIDA MACIA AMENDOAS 12X500ML,10.0,555.12
LIMPADOR ESSENCIA SENALANDIA EXUBERANTE 140ML,63.0,554.84
DESINFETANTE DORIGON PINHO 2L,66.0,554.72
DESINFETANTE PINHO SOL MULTIUSO LAVANDA 500ML,54.0,554.46
LIMPADOR DE VIDRO RADNAQ GATILHO 500ML,24.0,554.25
ALVEJANTE GEO CITRUS 2L,52.0,553.83
SBPO SURF TQ FOFO OLEOS ESSEN BANHO BRANC HORT/FL SCPL1000G,61.0,553.31
AGUA SANITARIA SULMAR DE 1L,215.0,553.16
AMACIANTE CONCENTRADO DOWNY AGUA FRESCA 12X500ML,4.0,552.92
SABAO EM PO GOTA LIMPA HARMONIA 5KG,18.0,552.6
AGUA SANITARIA VIOL 1L,163.0,552.48
DESINFETANTE QUASAR MARINER LAVA PISOS 2L,55.0,552.37
DESINFETANTE START HIPOCLORITO DE SODIO 12% 5L,10.0,552.18
LIMPADOR ESSENCIA BELLO AROMA LAVANDA 140ML,47.0,551.9
CLORO CIRIO ATIVO 5L,21.0,551.76
CLORO P/PISCINA MULTI ACAO 10KG OXY POWER,2.0,551.75
"SABAO LIQUIDO FLOM SENSITIVE HIPOALERGENICO 1,8L",24.0,551.66
ALVEJANTE UNICA SEM CLORO 2L,54.0,550.99
AMACIANTE CONCENTRADO DOWNY PERF COLLEC ELEGANCE FR 500ML,41.0,550.62
SABAO EM PO MINUANO ROXO 400G,80.0,550.28
LIMPADOR PERFUMADO GIOCA PETALAS DE CARINHO 500ML,101.0,550.16
LIMPADOR PERFUMADO WARLIKE LAVANDA 2L,92.0,549.98
DETERGENTE LIQUIDO COMBATE COCO 2L,68.0,549.5
AGUA SANITARIA BIG BAO 2L,98.0,549.3
DETERGENTE LIQUIDO SOFT PLUS ALCAMAX PLUS 50L,1.0,548.9
DESINFETANTE NEVERGREY TOQUE DE AMOR 2L,99.0,548.71
DETERGENTE LIQUIDO OESTE NEUTRO 24X500ML,14.0,548.64
DETERGENTE LIQUIDO IAPO MACA 2L,61.0,548.39
DETERGENTE LIQUIDO TANLUX MACA 2L,87.0,547.98
DESINFETANTE ELLY FLORAL 2L,83.0,547.68
DESINFETANTE DAS NEVES JASMIM 2L,80.0,547.35
AMACIANTE DILUIDO GIRANDO SOL AZUL 6X2L,13.0,547.26
SABAO PO BRILHANTE BRILHO 1K,45.0,546.84
LIMPADOR PERFUMADO CASAFLOR DESIRE 12X1L,9.0,546.68
AMACIANTE DILUIDO MAXIMO BRILHO PETALA  2L,90.0,546.6
"DETERGENTE LIQUIDO YPE CLEAR PG4,5 LV5L",19.0,546.29
DESINFETANTE HIGILAR CICLONE 2L,45.0,545.85
ALVEJANTE VANISH S/CLORO MULTIUSO 20% DESC REFIL 500ML,39.0,545.61
LIMPADOR PERFUMADO LIMPE BEM MARINE 500ML,20.0,545.47
CLORO CASA DA LIMPEZA 2L,62.0,545.16
CLORO 5L,11.0,544.9
AMACIANTE DILUIDO LIMPA MIL TERNURA 2L,87.0,544.87
DETERGENTE LIQUIDO LIMPA BEM ERVA DOCE 2L,86.0,544.43
DESINFETANTE LIMPE BEM SOFT BLUE 2L,88.0,544.26
AMACIANTE DILUIDO INFLUX 2L,93.0,544.17
LIMPADOR ESSENCIA BELLO AROMA TALCO 140ML,45.0,544.03
DETERGENTE LIQUIDO CATARINA NEUTRO 5L,18.0,543.99
AMACIANTE DILUIDO TANLUX HARMONIA  2L,84.0,543.96
LIMPA BORDA CRIS AGUA 1 LITRO,29.0,543.83
DESINFETANTE UNOLAR CAPIM LIMAO 3L,56.0,543.4
ALVEJANTE BUFALO PERFUMADO SEM CLORO FRESH 2L,68.0,543.32
AMACIANTE DILUIDO CANDEIAS TOQUE DE CARINHO 2L,61.0,543.19
ALVEJANTE BRILUX SEM CLORO CORES 500ML,54.0,543.19
AMACIANTE DILUIDO JOB AMARELO 5L,39.0,543.16
AMACIANTE DILUIDO MAIS LIMPEZA TRADICIONAL 1L,131.0,543.01
LIMPADOR PERFUMADO CASA E PERFUME INTUIZONE 12X1L,5.0,542.96
DESINFETANTE MIMO TALCO 1L,144.0,542.81
LIMPADOR ESSENCIA SENALANDIA DOVEX 140ML,62.0,542.68
DESINFETANTE DAS NEVES VIOLETA 5L,34.0,542.66
SABAO EM PO BRILHANTE CUIDADO TOTAL 16X800G,3.0,542.4
DETERGENTE LIQUIDO PONTAL MACA 2L,60.0,542.37
DESINFETANTE EFICAZ FLORAL 5L,25.0,542.06
DETERGENTE LIQUIDO ATTIVO NEUTRO 5L,23.0,541.87
SABAO LIQUIDO LIMPEBEM TROPICAL 5L,20.0,541.74
DESINFETANTE INDOV CITRUS 1L,167.0,540.91
LIMPADOR ESSENCIA SENALANDIA ALGAS MARINHAS 140ML,59.0,540.71
"DESINFETANTE BUFALO FLORAL 6,05L",33.0,540.21
CRIS AGUA ESTOJO DE TESTE PH E CLORO,14.0,540.07
DESINFETANTE POLITRIZ MARINE 12X500ML,20.0,540.06
DETERGENTE LIQUIDO LIMPISSIMO MACA 2L,82.0,539.96
AGUA SANITARIA MUNDIAL QUIMICA FRASCO 2L,95.0,539.77
DETERGENTE LIQUIDO JHOLIMP NEUTRO 5 LITROS,27.0,539.46
CLORO CORDEX 2L,68.0,539.32
LIMPADOR MULTIUSO MARINA TRADICIONAL 5L,33.0,539.3
LIMPADOR MULTIUSO AROMASIL LAVANDA 500ML,94.0,539.23
LIMPADOR ESSENCIA TROPICAL AROMAS FLOR CEREJA 150ML,59.0,538.79
AGUA SANITARIA TRILUX MULTIPLO USO 1L,246.0,538.74
DESINFETANTE FACILITA PINHO FREH 2L,97.0,538.57
AMACIANTE CONCENTRADO YPE PINK 12X500ML 6L,5.0,538.51
LIMPEZA PESADA BARBAREX LIMPA PEDRA 5L,16.0,538.39
LIMPADOR MULTIUSO SAIF BANHEIRO REFIL 500ML,43.0,538.33
DESINFETANTE MAXPOL MARESIA 500ML,254.0,538.29
DESINFETANTE TOP CLEAR FLORAL 500ML,295.0,538.27
DESENGORDURANTE POLY PASTA BRILHO NEUTRA 500G,44.0,537.5
LIMPADOR DE VIDRO TECOVEL CARRO E CASA SPRAY 500ML,26.0,537.08
DESINFETANTE QUIMITOL CONCENTRADO FLORES DE LIMAO 100ML,44.0,537.03
SABAO LIQUIDO DENGO SOFT 5L,15.0,536.85
CLORO DACLOR EM GEL ORIGINAL 1L,37.0,536.82
DETERGENTE LIQUIDO PRA VALER 500ML,270.0,536.58
SABAO LIQUIDO ATTIVO COCO 5L,18.0,535.9
DESINFETANTE MINUANO LAVANDA 6X2L,16.0,535.42
DETERGENTE LIQUIDO DORIGON LIMAO 1L,101.0,535.4
AGUA SANITARIA CLARILIMP 5L,51.0,535.02
DETERGENTE LIQUIDO LIMPOL NEUTRO PACK 6X500ML,43.0,534.78
DETERGENTE LIQUIDO TOP CLEAR NEUTRO 5L,39.0,534.62
DESINFETANTE AYLAG MADEIRA DO CAMPO 2L,96.0,534.48
TIRA MANCHA AMAZON H2O EM PO LIMPEZA VERDE 100G,24.0,534.27
LIMPADOR PERFUMADO ESTRELA FLOR DE CEREJEIRA 1L,94.0,534.12
DESINFETANTE SOLIMP EUCALIPTO 2L,92.0,533.78
SABAO LIQUIDO REMMUS LIQ. 2L,39.0,533.09
DESINFETANTE MODALVA EUCALIPTO 500ML,198.0,532.75
LIMPADOR PERFUMADO UAU CUIDADO E CARINHO 500ML,95.0,532.51
LIMPADOR MULTIUSO BRILHOLAC COM BICARBONATO E LIMAO 5L,15.0,532.47
SABAO EM PO URCA MAXX LAVANDA BRANCAS E COLORIDAS PCT 1KG,89.0,532.3
SABAO LIQUIDO BECKER MULTIACAO 5L,11.0,532.29
DESINFETANTE MYATA FLORAL 2L,56.0,532.07
REMOVEDOR ZUMBI TRADICIONAL 1L,19.0,532.05
DETERGENTE LIQUIDO QUIMITOL ALCALINO ACIDO INTERTOL 5L,16.0,531.77
DETERGENTE LIQUIDO EDILIMP NEUTRO 500ML,267.0,531.75
DETERGENTE LIQUIDO MINA ALCALINO CLORADO 2L,21.0,531.28
DETERGENTE LIQUIDO SPOOMA MACA 2L,68.0,530.84
DETERGENTE LIQUIDO ESTRELA COCO 500ML,209.0,530.74
AMACIANTE DILUIDO ESPUMIL ACONCHEGO 2L,73.0,530.72
SABAO LIQUIDO FACAI ALCOOL 2L,30.0,530.65
LIMPADOR PERFUMADO CASA E PERFUME INFANZIA 1L,255.0,530.45
LIMPADOR DE VIDRO PEROLA GATILHO 500ML,29.0,530.01
DETERGENTE LIQUIDO FLORANTE COCO 2L,127.0,529.62
DETERGENTE LIQUIDO ATTO NEUTRO 2L,64.0,529.56
DETERGENTE LIQUIDO LIMPEBEM MACA 2L,81.0,529.28
LIMPEZA PESADA AJAX FRESH L500ML P450ML,49.0,528.72
DESINFETANTE MAXXY LIMP LAVANDA 2L,117.0,528.39
AMACIANTE DILUIDO PERFECT SEDUCAO 2L,66.0,528.04
AMACIANTE DILUIDO VIDA NOVA BELLE 2L,71.0,527.75
DETERGENTE LIQUIDO SAIF NEUTRO 5L,18.0,527.68
AMACIANTE DILUIDO BRIIZ PINK 5L,40.0,527.6
DESINFETANTE GEO PINHO 500ML,138.0,527.18
CLORO 2L FLORANTE,124.0,526.26
REMOVEDOR CENAP AGUARRAS 900ML,19.0,525.71
DETERGENTE LIQUIDO TEIU NEUTRO 24X500ML,21.0,525.52
AGUA SANITARIA CLARO FORTE 2L,77.0,525.03
DETERGENTE LIQUIDO UTIL NEUTRO 5L,25.0,524.75
SABAO EM PO AMACITEL TOQUE DE POESIA 2KG,33.0,524.67
SABAO LIQUIDO ESFRELUX 2L,26.0,524.14
DICLORO DOMCLOR 1KG,17.0,523.9
LIMPADOR PERFUMADO DESODOR PURA SEDUCAO 500ML,138.0,523.67
AGUA SANITARIA MAX LIMP CLORO ATIVO 1L,158.0,523.52
LIMPADOR MULTIUSO FACILLE LARANJA SPRAY 500ML,134.0,523.28
AMACIANTE DILUIDO RADIANTE TRADICIONAL 500ML,153.0,523.24
AGUA SANITARIA CATARINA 2L,63.0,522.64
LIMPEZA PESADA BIOLIMP KIGEL CITRONELA 5LT,16.0,522.34
AMACIANTE DILUIDO AMACITEL FLEURS 2L,53.0,522.02
DESINFETANTE PERFECT LIMP ENCANTO 5L,39.0,521.99
DETERGENTE LIQUIDO VIDA NOVA LIMAO 2L,87.0,521.63
AGUA SANITARIA VERDESAN 5L,52.0,521.39
LIMPADOR ESSENCIA AROMATEC LIMPA CANIL 100ML,82.0,520.87
DESINFETANTE ECONOMICO FLORAL 6X2L,12.0,520.8
DESINFETANTE FORTT PERF LAVANDA 5L,36.0,520.36
DESINFETANTE RONDOJET LAVANDA 2L,67.0,519.96
DETERGENTE LIQUIDO ABA PLUS LIMAO 2L,73.0,519.4
LIMPADOR PISCINA BEL KIT TESTE ALCALIN 1UN,11.0,519.09
DETERGENTE LIQUIDO LOOK LIMP NEUTRO 5L,26.0,518.97
DESINFETANTE NEVERGREY VIOLETA 2L,93.0,518.17
AGUA SANITARIA QRIO 5L,38.0,518.04
SABAO LIQUIDO OMO PURO CUIDADO FR 4X3L,5.0,518.0
CLORO BOM FORT 5L,29.0,517.26
CLORO DVISAO 2LT,37.0,517.26
DESINFETANTE Q OTIMO HERBAL 2L,91.0,517.03
LIMPADOR PERFUMADO CASA PERFUMADA FLOR DE LOTUS 500ML,96.0,516.57
CLORO ATTO 1L,126.0,515.95
DETERGENTE LIQUIDO LIMPA JA LIMAO 500ML,262.0,515.78
DESENGORDURANTE URCA MAXX LARANJA 500ML,89.0,515.31
DETERGENTE LIQUIDO MAXIMO BRILHO MACA 2L,83.0,514.95
LIMPADOR ESSENCIA LIMPA MAIS ALFAZEMA 120ML,62.0,514.62
DESINFETANTE TUPA DOVE 2L,69.0,513.9
SABAO EM PO BEM TE VI COCO 2KG,37.0,513.8
DESINFETANTE BRIIZ IGUATEMI 5L,43.0,513.57
DESINFETANTE PINHO SOL MAR TROPICAL 500ML,62.0,513.18
LIMPADOR PERFUMADO PURA MAGIA FLORAL 1L,65.0,513.08
AGUA SANITARIA BOM USO 2L,92.0,512.96
DETERGENTE LIQUIDO BIOZ GREEN COCO 470ML,43.0,512.65
ELEVADOR DE PH BARRILHA SUALL 2KG,16.0,512.47
DESINFETANTE GIOCA HERBAL 500ML,148.0,512.44
DESINFETANTE LIMPE BEM TALCO 2L,77.0,512.01
SABAO LIQUIDO BARRIGA VERDE COCO 5L,13.0,510.86
DESINFETANTE SAMAR 2L,87.0,510.44
LIMPADOR PERFUMADO KIN LIMP LAVANDA 500ML,102.0,510.39
SABAO EM PO ACE MACIEZ SC 1KG,27.0,510.3
SABAO LIQUIDO LOOK LIMP 2L,37.0,510.0
AMACIANTE DILUIDO YPE ACONC FRE 2L,51.0,510.0
AMACIANTE DILUIDO PLUSH BABY 2L,63.0,509.64
DESINFETANTE MAXIMO TALCO MANDARIM 2L,90.0,509.44
"SABAO EM PO OMO PURO CUIDADO CX 9X1,6KG",2.0,509.22
LIMPADOR PET SANOL DOG ELIMINADOR ODORES TRADICIONAL 5L,13.0,509.15
DESINFETANTE TOCK STYLETTO 2L,65.0,509.05
DESINFETANTE CAMPESTRE AZUL 1L,119.0,508.67
AMACIANTE CONCENTRADO ASSIM ROXO 1L,33.0,508.58
DETERGENTE LIQUIDO COMPRE CERTO NEUTRO 5L,31.0,508.09
DESINFETANTE BIG SOFT LAVANDA 6X2L,17.0,508.0
ALVEJANTE MAIS LIMPEZA SEM CLORO MULTIUSO 5L,25.0,507.95
DESENGORDURANTE H CHOK LOURO COM AMONIA 5L,18.0,507.77
DESINFETANTE MAXLIMP CARAVELA 2L,91.0,507.65
DESINFETANTE VIOL KAIAK 2L,75.0,507.35
SABAO LIQUIDO OI LAVANDA 6X2L,9.0,507.24
DESINFETANTE PET LYSOFORM PETS ORIGINAL 500ML,29.0,507.0
ALVEJANTE BARRIGA VERDE COM CLORO 2L,24.0,506.84
AGUA SANITARIA TAQLIMPO 1L,136.0,506.77
LIMPADOR PET POWERDOG ELIMINADOR DE ODORES FLORAL 2L,26.0,506.66
AMACIANTE DILUIDO MON BIJOU BABY 2L,46.0,506.64
LIMPADOR PERFUMADO CASA LIMPA AMOR A MIL 1L,61.0,506.4
DESINFETANTE UNIMIX MARINE 2L,101.0,506.33
DETERGENTE LIQUIDO KIMAX LAVA LOUCAS NEUTRO 500ML,221.0,506.3
DESINFETANTE GLORIA LAVANDA 1L,109.0,506.11
REMOVEDOR SUPREMA TRAD 12X1L,5.0,505.09
CLORO BOM FORT 2 LT,122.0,505.08
LIMPADOR MULTIUSO VEJA GOLD ORIGINAL SQUEEZE 500ML,90.0,504.69
DETERGENTE LIQUIDO DEO NEUTRO 1L,59.0,504.57
DESINFETANTE LOURO OCEANO 2L,59.0,504.48
DESINFETANTE BETEL FLORAL 2L,88.0,504.3
LIMPADOR MULTIUSO UAU ACAO CLAREADORA 24X500ML,6.0833,504.26
SABAO EM PO AMARELO ECOLOGICO 5KG,15.0,504.04
AMACIANTE DILUIDO LOURO GARDEN 5L,27.0,504.03
DESINFETANTE YZA MARINE 2L,82.0,503.99
LIMPADOR MULTIUSO DONA CLARA LIMAO SQUEEZE 500ML,153.0,503.94
AGUA SANITARIA MAIS BRILHO 1L,150.0,503.87
DESINFETANTE QLIMPO JASMIM 2L,61.0,503.62
DESINFETANTE DULAGO PINHO 1L,167.0,503.21
DESINFETANTE ATTO FLOR DO CAMPO 2L,81.0,502.93
ALVEJANTE HIGILAR SEM CLORO 2L,38.0,502.78
DESINFETANTE BEM TE VI LAVANDA 12X500ML,16.0,502.73
LIMPADOR PERFUMADO LIMPA BOM TALCO 2L,67.0,502.52
DESINFETANTE CRUZADO EUCALIPTO 2L,55.0,502.51
DETERGENTE LIQUIDO SPOOMA NEUTRO 2L,65.0,502.24
SABAO LIQUIDO BRILUX TRIPLA ACAO 4X3L,4.0,502.04
DETERGENTE LIQUIDO CONDE NEUTRO 500ML,252.0,501.1
AMACIANTE CONCENTRADO CANDURA INOCENCIA GARRAFA 500ML,59.0,501.08
DESINFETANTE MR BRILHO TALCO 2L,71.0,500.67
DETERGENTE LIQUIDO GLIMPEX MACA 500ML,317.0,500.01
CLORO BRASQUIL 1L,63.0,499.99
DESENGORDURANTE QUALIFOOD SH 3000 PLUS 5L,4.0,499.78
DESINFETANTE SUPER BRILHO COMFORT 200ML,136.0,499.72
LIMPADOR PERFUMADO MARINA TERNURA E BEM ESTAR 500ML,115.0,499.45
DESENGORDURANTE BIOWASH CITRUS EXTRAFORTE 650ML,21.0,499.41
AGUA SANITARIA SUPER BRILHO 1L,251.0,499.25
LIMPADOR ESSENCIA NOVO FRESCOR PREMIUM LARANJA 140ML,34.0,499.24
SABAO EM PO GIRANDO SOL OPTICAL WASH CUIDA PROTEGE 25X800G,4.0,499.0
SABAO LIQUIDO BABY SOFT COCO 500ML,52.0,498.92
DESINFETANTE MAXIMO MAX CLEAN 2L,90.0,498.46
SABAO LIQUIDO MAXLIM INTENSY 3L,22.0,498.18
LIMPADOR PET REAX ELIMINADOR DE ODORES LAVANDA 2L,25.0,498.14
AMACIANTE DILUIDO JOB BRANCO 5L,37.0,497.9
DESINFETANTE NEVERGREY TALCO 5L,40.0,497.6
DESINFETANTE LOURO TALCO 2L,56.0,497.48
DESINFETANTE MAIS LIMPEZA LAVANDA 1L,135.0,497.35
DESINFETANTE VIDA NOVA LIRIO PLUS 2L,78.0,497.3
AGUA SANITARIA TOP 1L,131.0,497.24
DESINFETANTE TOP MIL EUCALIPTO 5L,35.0,496.93
SABAO EM PO MINUANO ACAO PROFUNDA 1.8KG,48.0,496.89
DETERGENTE LIQUIDO LIMPA JA COCO 2L,70.0,496.73
SABAO LIQUIDO TUPA CRISTAL 2L,60.0,496.7
PISCINA LIMPA BORDA DE PISCINA ATCLLOR 1L,20.0,496.52
CLORO ALIANCA FR 1LT,118.0,496.02
AGUA SANITARIA POLILUZ 1L,133.0,495.98
SABAO LIQUIDO ULTRA CLASS 5L,25.0,495.93
LIMPADOR ESSENCIA CAMPO BELO DAMA DA NOITE 100ML,125.0,495.86
AMACIANTE DILUIDO VIDA MACIA CAMOMILA 12X1L,4.0,495.84
AGUA SANITARIA IZY 5L,50.0,495.05
DESINFETANTE LIMPEMAX IGUATEMI 5L,49.0,495.04
DESINFETANTE KILIMPEX NIVEA 2L,68.0,494.67
ALVEJANTE AYLAG SEM CLORO 2L,35.0,494.34
CLORO CLOROLAR 5 LITROS,28.0,493.82
LIMPADOR PERFUMADO BARBAREX SEFE INTENSE 5L,19.0,493.23
DETERGENTE LIQUIDO MAX CLEAR NEUTRO 5L,26.0,492.82
DESINFETANTE ASTOLLI LIMAO 5L,43.0,492.57
REMOVEDOR SAFRA CITRONELA 1L,22.0,492.5
AMACIANTE CONCENTRADO DOWNY AMANHECEER TROPICAL 500ML,34.0,492.35
DETERGENTE LIQUIDO LIMPA JA MACA 500ML,245.0,492.25
LAVA ROUPAS PO BRILHANTE 400G CUIDADO DO COCO,64.0,492.2
LIMPADOR ESSENCIA NOGUEIRA LAVANDA 250ML,35.0,492.03
SBPO OMO PG 800G LV MULTIACAO CX 1000G,32.0,491.95
AMACIANTE DILUIDO BABY SENSACOES CLASSICO 5L,27.0,491.64
"AMACIANTE DILUIDO MON BIJOU PUREZA FRASCO FRASCO LV2L PG1,8L",55.0,490.61
DESINFETANTE ATRON FLORAL 2L,100.0,489.63
DESINFETANTE MEU LAR LEITOSO FLORATA 2L,76.0,489.29
AMACIANTE DILUIDO QUASAR SOFTNESS 2L,63.0,489.25
DETERGENTE LIQUIDO ABA PLUS 5L,32.0,488.38
LIMPADOR PERFUMADO CASAFLOR BRASILIDADES ACAI 6X1.75L,10.0,488.22
DESINFETANTE MASTER BRIL FRAGANCIAS 2L,126.0,488.01
DESINFETANTE GIOCA CITRICO 5L,28.0,487.9
AMACIANTE CONCENTRADO ASSIM PROMO AZUL 1L,31.0,487.32
SABAO EM PO ASSIM TRIPLA ACAO FLORAL 1.8KG,28.0,487.24
LIMPADOR ESSENCIA BELLO AROMA VIOLETA 140ML,43.0,487.21
REMOVEDOR BUFALO PERF 500ML LAVANDA,19.0,487.17
TIRA MANCHA VANISH PO BRANQ OXI ACTION CRYSTAL WHITE 120G,45.0,486.25
AMACIANTE DILUIDO BIG BABY AZUL 2L,55.0,486.23
LIMPADOR PERFUMADO KIMAFLOR LAVANDA FRANCESA 2L,31.0,486.21
DETERGENTE LIQUIDO EDILIMP COCO 500ML,241.0,486.02
DESINFETANTE TOP MIL LIMAO 2L,73.0,485.54
DESINFETANTE TOCK JASMIN 2L,64.0,485.33
AMACIANTE DILUIDO LIMPE BEM SOFT BLUE 2L,69.0,485.15
CLORO LIRIO 5L,22.0,484.71
LIMPADOR PERFUMADO ESFRELUX SENSUALIDADE 500ML,122.0,484.69
LIMPADOR MULTIUSO UAU AFASTA FORMIGAS 500ML,13.476,484.63
LIMPADOR MULTIUSO BIG SOFT ORANGE SPRAY 500ML,165.0,484.58
DETERGENTE LIQUIDO CASAKM GEL CARE DEO 512ML,66.0,484.25
CLORO KOKINOS MAX 5L,28.0,483.85
SBL BRILHANTE  BRANCA E COLORIDA GF 1000ML,39.0,483.6
DETERGENTE LIQUIDO DORIGON MACA 1L,92.0,483.59
AMACIANTE DILUIDO FC SOFT BLUE 12X500ML,204.0,483.48
DESINFETANTE KIMAFLOR PRIMAVERA 5L,26.0,482.66
LIMPADOR PERFUMADO ACUCENA PRIMAVERA 500ML,187.0,482.39
AMACIANTE DILUIDO SOFTUS LAVANDA 5L,30.0,481.75
AGUA SANITARIA ASA LESTE SUPER FORTE 2L,74.0,481.06
AGUA SANITARIA YPE PRO FRASCO 12X1L,10.0,480.0
TIRA MANCHA SEMORIN CONJUNTO TRADICIONAL + MAXI + WHITE 3UN,15.0,479.85
CLORO HIDROAZUL 10KG,2.0,479.8
SABAO LIQUIDO YSO 1L,66.0,479.49
DESINFETANTE BELA FAMILIA FLORAL 5L,47.0,479.34
DESINFETANTE LYSOFORM BRUTO SUAVE ODOR 5L,9.0,479.26
REMOVEDOR PERFECTO REMOVEX CONCENTRADO 6X2L,5.0,479.24
AMACIANTE DILUIDO DE ROUPAS PEPY ESPERANCA 2LT,49.0,478.85
AGUA SANITARIA SUPER GLOBO 3X5L,8.0,478.8
DESINFETANTE KOKINOS PINHO 2L,70.0,478.54
SABAO EM PO BRILHANTE SEM PERF 4X4KG,4.0,478.4
DETERGENTE LIQUIDO URCA LIMAO 500ML,252.0,478.22
DETERGENTE LIQUIDO GOTA LIMPA LIMAO 24X500ML,14.0,478.08
DESENGORDURANTE ALVEX COZINHA 500ML,53.0,477.85
SABAO LIQUIDO TIXAN YPE PRIMAVERA 4X3L,6.0,477.6
LIMPADOR PERFUMADO COIMBRA JASMIM 2L,57.9999,477.55
LIMPADOR PET NEW DOTS ELIMINADOR ODOR TALCO 2L,32.0,477.53
LIMPADOR PERFUMADO YSO CRISTAL 500ML,174.0,477.0
SABAO LIQUIDO AGEX CHEIRINHO FELIC 5L,24.0,476.96
DESINFETANTE PINHO SOL LIMAO 12X500ML,5.0,476.88
SABAO LIQUIDO LOURO MAXI BRANCO 5L,10.0,476.76
DESINFETANTE DLM LIMPEZA FLORAL 2L,80.0,476.74
SABAO EM PO TAPAJOS AZUL 1KG,63.0,476.63
LIMPADOR PERFUMADO KIMAFLOR LAVANDA FRANCESA 500ML,86.0,476.44
SABAO LIQUIDO EXIGENTE COCO 500ML,50.0,476.16
SABAO EM PO NOVO BRILHO FLORAL 500G,108.0,475.24
CLORO MAXPOL 1LT,70.0,475.22
DESINFETANTE LINTAX BRISA 2L,84.0,475.13
"SABAO LIQUIDO BARBAREX COCO 1,35L",27.0,474.07
LIMPADOR PISCINA BEL INDICADOR DE CLORO 23ML,86.0,473.62
DESINFETANTE MYATA PINHO 2L,50.0,473.54
LIMPADOR PERFUMADO ESFRELUX MISTERIOS 500ML,117.0,473.44
DESENGORDURANTE BYT S LIMPA CHURRASQUEIRA  500ML,26.0,473.16
DESINFETANTE DEION LAVANDA 5L,20.0,472.96
DESINFETANTE G LIMP EUCALPTO 2L,103.0,472.91
LIMPADOR PERFUMADO HR 5L B.DO MAR,26.0,472.74
LIMPADOR PERFUMADO BLUE BOM MARINE 500ML,121.0,472.61
LIMPADOR MULTIUSO LIMPOL ELETROELETRONICOS 200ML,37.0,472.29
SABAO EM PO URCA MAXX COCO BRANCAS COLORIDAS PCT 1KG,79.0,472.17
AMACIANTE CONCENTRADO DOWNY PERF COLLEC PASSION FRASCO 500ML,40.0,471.68
DESINFETANTE LIMPACT PINHO GEL 2L,23.0,471.59
CLORO ITAIPAVA 2L,59.0,471.41
CLORO LIMPLEX HIPOCLORITO DE SODIO 2L,46.0,471.11
TIRA MANCHA BRANQUEIA BRANQUEADOR 1L,26.0,471.08
DETERGENTE LIQUIDO GUARANI MACA 20X500ML,12.0,470.6
AMACIANTE DILUIDO MASCIMO PERFUMADO CARINHO 1L,70.0,470.57
DESINFETANTE SUPER BRILHO COMFORT 2L,89.0,470.57
DESINFETANTE ITO LAVANDA 2L,46.0,470.37
DOMCLOR DICLORO MULTI ACAO 10KG,4.0,469.96
DETERGENTE LIQUIDO KILIMPEX MACA 1L,80.0,469.86
LIMPADOR PERFUMADO LIMPA BOM HERBAL 2L,62.0,469.77
TIRA MANCHA WASH PLUS WHITE O2 400G,21.0,469.3
AMACIANTE CONCENTRADO LOURO 1L,42.0,469.09
AMACIANTE DILUIDO KILIMPEX 1L,81.0,469.03
ALVEJANTE DONA CLARA SEM CLORO 2L,34.0,468.96
AMACIANTE DILUIDO GIRANDO SOL SUAVE AMARELO 2L,51.0,468.74
SABAO LIQUIDO MONTELAGOS COCO 2L,27.0,468.16
AGUA SANITARIA ITO 2 L,62.0,467.1
AMACIANTE DILUIDO BRIIZ AZUL 3L,50.0,467.1
SABAO LIQUIDO EXIGENTE SPORT 1L,31.0,466.92
DETERGENTE LIQUIDO MAXLIM NEUTRO 2L,69.0,466.74
DESINFETANTE BIG SOFT LAVANDA 5L,35.0,466.48
DESINFETANTE TERNURA 5L,36.0,466.42
AMACIANTE DILUIDO YPE INTENSO 5000ML,26.0,466.28
"AMACIANTE CONCENTRADO DOWNY SPORTS FRASCO 1,35L",12.0,465.88
DESINFETANTE COMBATE LAVANDA 500ML,142.0,465.72
LIMPADOR PERFUMADO DEOLINE INSPIRE-SE 1L,64.0,465.63
SABAO EM PO BABY SOFT 1KG,59.0,465.49
DESINFETANTE VERDESAN FLORAL 5L,47.0,465.3
DESINFETANTE BETEL PRIMAV 2L,75.0,464.57
LIMPEZA PESADA AYLAG LIMPA PEDRAS 2L,27.0,464.37
AMACIANTE DILUIDO AUDAX FLORAL 2L,66.0,464.12
ALVEJANTE HIGILAR TRADICIONAL 1L,117.0,463.79
AMACIANTE DILUIDO SONHO AZUL 2L,62.0,463.55
DESINFETANTE FLOPS LAVANDA 5L,38.0,463.28
DESINFETANTE CRUZADO LAVANDA 2L,50.0,463.28
SABAO EM PO BABY SOFT SACHE 2KG,40.0,463.25
DESINFETANTE MONTE LAGOS EUCALIPTO 2L,59.0,463.03
DETERGENTE LIQUIDO BARRIGA VERDE ALUMINIO 2L,24.0,462.93
SABAO LIQUIDO DENGO COCO 5L,13.0,462.8
LIMPEZA PESADA TRIOL SUPER LIMPA PEDRAS 1L,53.0,462.48
SABAO EM PO GUARANI 5KG,27.0,462.43
DESINFETANTE SUPER BRILHO FLORAL 200ML,126.0,462.38
LIMPADOR PERFUMADO UAU FLORES VERMELHAS 500ML,100.0,462.33
DETERGENTE LIQUIDO SUPER UTIL 500ML,253.0,462.27
LIMPEZA PESADA BIOLIMP KIGEL CITRONELA 2LT,23.0,462.17
ALVEJANTE CLEAN SEM CLORO 2L,43.0,462.06
LIMPADOR MULTIUSO DESOMAX CITRUS SQUEEZE 500ML,109.0,461.91
SABAO LIQUIDO ESFRELUX COCO 2L,20.0,461.86
LIMPADOR PERFUMADO BETEL 2L,39.0,461.68
SABAO EM PO URCA CONCENTRADO LV400G PG360G 400G,174.0,461.43
SABAO LIQUIDO LIMP LAR LAVANDA 2L,36.0,461.35
DESINFETANTE ARAUJO LAVANDA 2L,65.0,461.28
AGUA SANITARIA JHOLIMP 2L,42.0,461.14
Q-CLOR REDUTOR DE PH 1L,34.0,460.85
AMACIANTE DILUIDO MINHA CASA FLOR DE ALGODÃO 2L,66.0,460.84
DESINFETANTE PEPY HERBAL 2L,52.0,460.47
AMACIANTE DILUIDO LIMPEX AZUL 2L,91.0,460.19
LIMPADOR PERFUMADO DEOLINE APAIXONE SE 1L,62.0,459.99
SABAO LIQUIDO TEIU ACAO PROFUNDA 4X3L,6.0,459.76
AMACIANTE DILUIDO COMFORT PURO CUIDADO 2L,19.0,459.75
LIMPADOR PERFUMADO MAXPOL CAMPESTRE 500ML,219.0,459.51
DETERGENTE LIQUIDO LIMPA BEM MACA 5L,24.0,459.16
DESINFETANTE NUTRILAR ALECRIM 500ML,146.0,459.05
AGUA SANITARIA ARCHOTE AGIFACIL 12X1L,16.0,458.88
DESENGORDURANTE CIF LIMP ULTRA RAPIDO GTL 500ML,20.0,458.73
DESINFETANTE URCA EUCALIPTO FRESH 6X2L,18.0,458.7
DESINFETANTE CANDEIAS LAVANDA LILAS 2L,57.0,458.13
SABAO LIQUIDO OI FRESH 6X2L,8.0,458.04
SABAO LIQUIDO ARES ACTION BLUE 1L,61.0,457.9
LIMPADOR PERFUMADO START LIMPA REJUNTES 5L,5.0,457.65
AMACIANTE DILUIDO LIMPA BOM AZUL 2L,60.0,457.58
SABAO EM PO BEM TE VI PERFUME DAS FLORES 18X800G,5.0,457.5
LIMPADOR DE VIDRO PROVITA GATILHO 500ML,37.0,457.39
DETERGENTE LIQUIDO LIMBEL LIMAO 5L,20.0,457.3
AMACIANTE CONCENTRADO AMACITEL EXOTIQUE 500ML,45.0,457.26
DETERGENTE LIQUIDO MINUANO 3000 FRESH 500ML,204.0,456.75
AMACIANTE DILUIDO SONHO MAGIC SACHE 1L,69.0,456.39
DESINFETANTE BRIIZ NATUREZA 5L,42.0,456.38
DESINFETANTE PEPY HERBAL 1L,99.0,456.33
DETERGENTE LIQUIDO LIMPOL CHA VERDE 500ML,191.0,456.11
DETERGENTE LIQUIDO VIP CLEAN NEUTRO 2L,40.0,455.72
LIMPADOR PERFUMADO LEVO FLORES DO CAMPO 500ML,158.0,455.56
SABAO EM PO CAMPESINO PO 5KG,12.0,455.34
LIMPADOR ESSENCIA SENALANDIA ROSAS 140ML,48.0,455.21
DESINFETANTE JUMPOL SOFT 1L,160.0,455.19
SABAO LIQUIDO SAO MARCOS TRADICIONAL 3L,37.0,455.17
AMACIANTE DILUIDO COMPRE CERTO PINK 2L,65.0,454.75
DETERGENTE LIQUIDO LIMPISSIMO LIMAO 2L,69.0,454.71
AGUA SANITARIA CLAREX 5L,44.0,454.51
DESINFETANTE CLORAL FLORANTE FLORAL ROSADO 2L,102.0,454.38
AMACIANTE DILUIDO MAXIMO TOQUE AMOR 5L,35.0,453.75
DETERGENTE LIQUIDO EDILIMP MACA 500ML,220.0,453.7
DESINFETANTE ABA PLUS TALCO 2L,78.0,453.66
"CLORO PARA PISCINA 4+1 FAZ HIDROAZUL 2,5KG",4.0,453.29
DESINFETANTE LIMPISSIMO TOP FLOR 2L,89.0,453.01
SABAO EM PO MINUANO MAXIMA PROTECAO CX 900G,43.0,452.75
LIMPADOR MULTIUSO VATZ ESPUMA TRADICIONAL REFIL 500ML,43.0,452.69
DESINFETANTE NEVERGREY FLORAL 5L,37.0,452.63
SBL LAVA R SURF ROSAS 3000ML,16.0,451.72
SABAO LIQUIDO NOVO LAR VERDE 1L,42.0,451.6
AMACIANTE DILUIDO KIN SOFT ROSA 5L,28.0,451.59
SABAO EM PO TIXAN YPE MACIEZ CX 20X800G,2.0,451.5
AMACIANTE DILUIDO QUALYBRILL INTENSE 2L,92.0,451.31
DESINFETANTE YPE PINHO TRADICAO LV500ML PG450ML 500ML,90.0,451.0
SABAO EM PO MINUANO MAXIMA PROTECAO CX 1.6KG,20.0,450.95
DESINFETANTE BETEL CITRUS 2L,78.0,450.85
CLORO LIRIO 1L,75.0,450.55
AMACIANTE DILUIDO SONHO COCO E AMENDOAS GARRAFA 6X2L,7.0,449.94
AMACIANTE DILUIDO QUASAR PETALAS 2L,61.0,449.89
LIMPADOR MULTIUSO FANCOIL CLEAR BRISA DA MONTANHA 1L,15.0,449.85
LIMPADOR PERFUMADO AJAX FESTA FLORES BOUQUET DE FLOR 500ML,69.0,449.83
SABAO EM PO SURF LIMAO 16X800G,4.0,449.76
DESINFETANTE LIMPEMAX LITORAL 5L,45.0,449.73
AMACIANTE CONCENTRADO SUPER LAR 5L,27.0,449.25
DESINFETANTE VIDA NOVA LAVANDA 2L,72.0,448.24
DESINFETANTE FORTT PREF EUCALIPTO 5L,32.0,448.16
DESINFETANTE NOVO BRILHO KAIAK 1L,26.0,447.93
ALVEJANTE GOTALIM SEM CLORO 2L,43.0,447.92
LIMPADOR PERFUMADO KIMAFLOR BRISA MEDITERRANEA 2L,30.0,447.67
AMACIANTE DILUIDO AMACIO 2L,65.0,447.63
DESENGORDURANTE BIOWASH CITRUS EXTRAFOTE REFIL 650ML,23.0,447.44
DESENGORDURANTE Q OTIMO LIMAO GATILHO 500ML,140.0,447.22
LIMPADOR MULTIUSO QBOA PARA BANHEIRO 12X500ML,8.0,447.19
DESINFETANTE NUTRILAR LIMAO 500ML,141.0,447.07
DESINFETANTE YZA MARINE 5L,36.0,446.99
AMACIANTE CONCENTRADO ARES AMENDOA E COCO 1L,33.0,446.67
DETERGENTE LIQUIDO SHERON NEUTRO 2L,62.0,446.64
AMACIANTE DILUIDO PEPY CARINHO 2L,44.0,446.46
DESINFETANTE POLITRIZ LIMAO 12X500ML,17.0,446.27
DETERGENTE LIQUIDO COOPCLEAN CLEAR 500ML,206.0,445.63
DETERGENTE LIQUIDO ELLY NEUTRO 500ML,256.0,445.6
AGUA SANITARIA CLORAX 5L,29.0,445.11
DESENGORDURANTE DORIGON BORRIFADOR 500ML,32.0,445.0
AMACIANTE DILUIDO NOVO BRILHO LAVANDA 2L,57.0,444.43
AMACIANTE CONCENTRADO YPE BLUE 12X1L 12L,2.0,444.28
DICLORO MULTI ACAO REFIL P/ PISCINA DC MONTREAL 10KG,2.0,443.98
LIMPADOR ESSENCIA AMAZONIA AROMAS CONC CAPIM LIMAO 120ML,35.0,443.96
DESINFETANTE CASA LIMPA PINHO 2L,20.0,443.89
REMOVEDOR KIN LIMP LAVANDA 12X500ML,5.0,443.64
DESINFETANTE NEVERGREY 2L,80.0,443.6
DETERGENTE LIQUIDO LIMPA JA NEUTRO 500ML,219.0,443.51
"AGUA SANITARIA BRILUX LV5L PG4,5L 2X5L",16.0,443.26
LIMPADOR ESSENCIA LIMPA MAIS BROTO DE BAMBU 120ML,52.0,443.16
SABAO EM PO CLARIN MULTIACAO 500G,103.0,443.13
DESINFETANTE KEDNA LAVANDA 2L,51.0,443.1
SABAO EM PO TIXAN YPE 8KG,5.0,442.83
AGUA SANITARIA ANTARES 2L,75.0,442.41
AMACIANTE DILUIDO MON BIJOU PUREZA 500ML,143.0,442.28
DETERGENTE LIQUIDO GUIMARAES FLORAL 5L,17.0,442.01
CLORO BLIMP 1L USO GERAL,66.0,441.98
DETERGENTE LIQUIDO LIMPOL CARIBE 500ML,207.0,441.55
DESINFETANTE ALE MARINE 2L,35.0,441.53
DETERGENTE LIQUIDO BIOWASH ERVA DOCE 650ML,23.0,441.23
ALVEJANTE QUIMIPROL SEM CLORO 5L,20.0,440.67
LIMPADOR PERFUMADO CASAFLOR BRASILID AGUA DE COCO 6X1.75L,9.0,440.58
DESINFETANTE DIA A DIA MADEIRA 140ML,33.0,440.57
TIRA MANCHA VANISH PO PODER O2 120G,39.0,440.48
DESINFETANTE NOVO LAR 5L,34.0,440.32
DESINFETANTE ARCHOTE FLORAL 500ML,142.0,440.31
LIMPADOR PERFUMADO HR LAVANDA/IMPACTO 5L,25.0,439.66
LIMPADOR PERFUMADO LIMPA BOM LAVANDA 2L,60.0,439.31
DETERGENTE LIQUIDO MAXIMO BRILHO LIMAO 2L,70.0,439.14
SABAO LIQUIDO LIMPLEX COCO 5L,21.0,438.9
DESINFETANTE BLUE BOM JASMIM 2L,71.0,438.79
AMACIANTE DILUIDO PERFECT ROSA PETALAS 5L,23.0,438.37
SABAO LIQUIDO YPE POWER ACT RF 1L,27.0,437.73
AGUA SANITARIA LIMPLEX 2L,73.0,437.17
AMACIANTE CONCENTRADO AROMASILGRATIDAO 500ML,40.0,437.07
AGUA SANITARIA POLITRIZ 6X2L,16.0,437.03
DESINFETANTE LIMPA BEM LAVANDA 5L,32.0,436.48
DESINFETANTE RONDOJET JASMIM 2L,59.0,436.25
AGUA SANITARIA UNICA 5L,40.0,435.6
LIMPADOR PERFUMADO FACILITA GOTAS DE ORVALHO 1L,70.0,435.43
AMACIANTE DILUIDO CASA LIMPA MAMAE BEBE 2L,56.0,435.32
SABAO EM PO OMO LAVAGEM PERFEITA LAVANDA 400G,60.0,435.26
AGUA SANITARIA CRISTAL 12X1L,12.0,435.12
LIMPADOR MULTIUSO BIG SOFT YELLOW SPRAY 500ML,141.0,434.73
AMACIANTE CONCENTRADO AMACILUX PURPLE SOFT 500ML,62.0,434.5
AMACIANTE DILUIDO STORK FLORAL 2L,73.0,434.36
LIMPADOR PERFUMADO QUASAR NATURE 500ML,95.0,433.92
DESINFETANTE SANOL FORCA BRUTA COM ALCOOL 330ML,31.0,433.7
DETERGENTE LIQUIDO MASTER BRIL FRAGRANCIAS 2L,112.0,433.37
DETERGENTE LIQUIDO CLARUS NATURAL 5L,23.0,433.35
DESINFETANTE BRILHA SUL LIMAO 500ML,138.0,433.31
DETERGENTE LIQUIDO CHEIRO BOM LIMAO 5L,32.0,433.3
AGUA SANITARIA SUPER BOA MAXXY 1L,162.0,433.3
DETERGENTE LIQUIDO GIRANDO SOL NEUTRO 24X500ML,7.750000000000001,432.97
DESINFETANTE MAXIMO EUCALIPTO 2L,78.0,432.38
LIMPADOR PERFUMADO MAXLIM CAMPESTRE 2L,65.0,432.34
REMOVEDOR DE CIMENTO CP 3000 5L,7.0,432.13
SABAO EM PO TUFF 1KG,40.0,431.95
DESINFETANTE CRUZADO PINHO 2L,47.0,431.86
DESINFETANTE CREOLINA PEARSON 100ML,16.0,431.81
DETERGENTE LIQUIDO FLORANTE NEUTRO 2L,103.0,431.59
SABAO EM PO OMO BRANCO ABSOLUTO 24X360G,3.0,431.28
DETERGENTE LIQUIDO MONTE LAGOS MACA 500ML,187.0,430.9
DETERGENTE LIQUIDO PERFECT NEUTRO 500ML,195.0,430.03
DESINFETANTE CAMARO 1L,128.0,429.98
SABAO LIQUIDO TERNURINHA DE BEBE LAVANDA VERDE 100ML,35.0,429.94
SABAO LIQUIDO POP AQUA PLUS 1L,58.0,429.77
DESINFETANTE COIMBRA LIMAO 2L,50.9999,429.72
DETERGENTE LIQUIDO DIA CRISTAL 500ML,232.0,429.38
SABAO LIQUIDO SHERON 1L,66.0,428.9
CLORO ALIANCA FR 2LT,58.0,428.72
AMACIANTE DILUIDO BAH TERNURA  5L,23.0,428.58
LAVA ROUPAS LIQ BRILHANTE LIMPEZA TOTAL GARRAFA 1000ML,31.0,428.55
ARIEL LAVA ROUPAS LIQ CONC GL 3L,8.0,428.51
DESINFETANTE SUPER BRILHO LAVANDA 200ML,115.0,428.45
"SABAO EM PO BRILHANTE CUIDADO TOTAL 1,6KG",23.0,428.17
AGUA SANITARIA ECONOMICO VERDE 1L,32.0,427.4
DESINFETANTE TOP CLEAR CAPIM LIMAO 500ML,232.0,427.21
CLORO PACE TRIPLA ACAO 1KG,7.0,427.13
DETERGENTE LIQUIDO GLIMPEX COCO 2L,74.0,426.96
DESINFETANTE NOVO LAR EUCALIPTO 2L,62.0,426.86
DESINFETANTE QMANERO 200ML,110.0,426.77
AMACIANTE DILUIDO RETIRO SENSIVE 1L,104.0,426.75
DESINFETANTE AROMAX LEITOSO LAVANDA 500ML,174.0,426.66
LIMPADOR PET SANOL DOG ELIMINADOR DE ODORES CONCENTRADO 1L,9.0,425.91
LIMPADOR PERFUMADO SAIF MAGIA E SEDUCAO 3L,21.0,425.82
DETERGENTE LIQUIDO LIMPOL CRISTAL DESC 10% 6X500ML,24.0,425.1
DESINFETANTE MEU LAR LEITOSO AMORE 2L,65.0,424.88
REMOVEDOR ARCHOTE AGUARRAS 500ML,30.0,424.63
AMACIANTE DILUIDO ECONOMICO SOFT ROSE 12X1L,9.0,424.5
DETERGENTE LIQUIDO FLORESTA DA SERRA NEUTRO 2L,49.0,424.26
AMACIANTE CONCENTRADO COMFORT CLASSIC 1L,13.0,424.11
SABAO LIQUIDO OLA DELICADAS ANTIBAC 1L,16.0,423.81
SABAO LIQUIDO USE COCO 2L,25.0,423.44
LIMPADOR PERFUMADO BRILHO PRATICO INATURA 1L,128.0,423.18
SABAO LIQUIDO SPOOMA 2L,38.0,423.06
AMACIANTE DILUIDO VITORIA AZUL 2L,44.0,423.04
LIMPADOR PERFUMADO BRILHO PRATICO FLORAL 1L,129.0,423.01
DESINFETANTE DESODOR PINHO TRADICIONAL 1L,58.0,422.9
LIMPADOR PERFUMADO SEMPRE LIMPO CONCENTRADO HERBAL 200ML,110.0,422.16
SABAO LIQUIDO BEIRA RIO SABAO LIQUIDO 5L,19.0,421.81
DESINFETANTE CLINEZA AMETISTA 2L,78.0,421.77
ALVEJANTE UNICA SEM CLORO 5L,27.0,421.52
AMACIANTE DILUIDO COMBATE SOFT 500ML,131.0,421.21
AMACIANTE DILUIDO PEPY ESPERANCA 1L,79.0,421.09
LIMPADOR PERFUMADO MAXLIM ELEGANCE 2L,63.0,421.05
DESINFETANTE MAXLIMP KAIAK 5L,32.0,420.98
SABAO EM PO GOTA LIMPA LEVEZA 1KG,61.0,420.9
AMACIANTE DILUIDO BRIIZ 3L VIOLET,45.0,420.89
DESINFETANTE AROMAX LEITOSO LAVANDA 2L,57.0,420.73
LIMPADOR PERFUMADO GIOCA FRESCOR DO CAMPO 500ML,77.0,420.59
DESINFETANTE UNIMIX FLORAL 2L,83.0,420.57
LIMPADOR PERFUMADO CASAFLOR PASSION 12X1L,7.0,420.47
DESINFETANTE TAPAJOS JASMIM 1L,102.0,419.99
REMOVEDOR ARCHOTE 1L,15.0,419.85
SBPO SURF TOQUE DE FOFO UM DIA NO PQ CX PP 1000G,45.0,419.6
AMACIANTE DILUIDO PRINCESA CARINHO 2L,52.0,419.42
LIMPADOR PERFUMADO CASA E PERFUME AMABLE 12X1L,4.0,419.04
LIMPADOR PERFUMADO CASAFLOR GLAMOUR 12X500ML,12.0,418.73
DESINFETANTE NEVERGREY LAVANDA 2L,76.0,418.64
KI DESINFETANTE PINHO SOL 8UN ORIG 4UN LAV 8X500ML,42.0,418.56
AMACIANTE DILUIDO MIL TERNURA 1L,85.0,418.28
DESINFETANTE ALVEX TALCO 5L,36.0,418.24
ALVEJANTE PRAMIM SEM CLORO 5L,17.0,417.85
SABAO EM PO BONNY CLEAN FLORAL 800G,126.0,417.74
SABAO LIQUIDO LIMPA MIL ACAO ACTIVE 1L,55.0,417.59
LIMPADOR PERFUMADO KIMAFLOR 500ML,76.0,417.22
DESINFETANTE DIA A DIA DILUIVEL ALECRIM 140ML,29.0,416.96
AMACIANTE DILUIDO BRINORT HARMONIA DO CAMPO 6X2L,12.0,416.94
SABAO EM PO LIPON 5KG,21.0,416.86
SABAO EM PO MILAO COCO 500G,25.0,416.84
DETERGENTE LIQUIDO DEOLINE MANDARINA 1L,44.0,416.83
REMOVEDOR GITANES 900ML,13.0,416.56
DESINFETANTE LUMINOSA EUCALIPTO 2L,98.0,416.46
DESINFETANTE LIMP LAR ERVAS MARINAS 2L,77.0,416.44
DESENGORDURANTE BYT S LIMPA AIR FRYER GT 500ML,19.0,416.42
DETERGENTE LIQUIDO LIMPOL NEUTRO PAGUE MENOS 4X3L,8.0,416.32
DETERGENTE LIQUIDO MAXIMO BRILHO NEUTRO 500ML,204.0,416.27
LIMPADOR ESSENCIA ALVEX CONCENTRADO BRISA 140ML,37.0,415.99
CLARIFICANTE GENFLOC IL AUX.FILTRA,19.0,415.8
SABAO LIQUIDO VEX LIQUIDO PET 2L,45.0,415.75
"ALVEJANTE YPE C/CLORO ATIVO FLORES LV2L PG1,6L 2L",53.0,415.15
DESINFETANTE MAGIC TALCO 2L,60.0,415.1
SABAO LIQUIDO SAIF COCO 5L,11.0,415.05
DESINFETANTE Q OTIMO EUCALIPTO 2L,70.0,414.99
LIMPADOR PERFUMADO LIMPEX LIMAO 2L,72.0,414.98
LIMPADOR PERFUMADO PARANAIBA LAVANDA INSPIRADORA 500ML,129.0,414.91
DESINFETANTE BETEL KARIBE 2L,72.0,414.59
DESINFETANTE JAGUAR ESPECIAL 5L,30.0,414.5
DESINFETANTE KINTANA TALCO 5L,26.0,414.24
LIMPADOR PERFUMADO QUASAR PINHO 2L,70.0,414.1
DESINFETANTE MINUANO FLORAL 6X2L,11.0,413.84
AMACIANTE DILUIDO RICLEY PRIMAVERA 5L,24.0,413.83
DESINFETANTE BEM BOM EXODO 2L,79.0,413.72
DETERGENTE LIQUIDO MAX CLEAR LIMAO 5L,22.0,413.3
SABAO EM PO GIRANDO SOL FLORAL ROSA 1KG,39.0,413.01
LIMPADOR PERFUMADO LIMPOL DREAMING 500ML,75.0,412.98
DESINFETANTE POLYMIX LAVANDA 5L,33.0,412.72
LIMPEZA PESADA ILLICLEAN LIMPA PEDRAS 5L,11.0,412.39
DESINFETANTE TODO BOM MARINE 500ML,128.0,412.18
DETERGENTE LIQUIDO TOP CLEAR NEUTRO 2L,74.0,412.13
LIMPADOR MULTIUSO GEO LIMPEZA PESADA 500ML,125.0,412.07
DESINFETANTE NEVERGREY CAIAQUE 2L,74.0,411.66
LIMPADOR ESSENCIA ESSENCES LAVANDA FRANCESA 120ML,40.0,411.61
DESINFETANTE REAL LAVANDA 1L,101.0,411.53
AGUA SANITARIA MAIS LIMPA 1L,196.0,410.68
AMACIANTE DILUIDO GLORIA SAFIRA AZUL 1000ML,83.0,410.65
LIMPADOR MULTIUSO KI JOIA LIMPA FOGAO 500ML,94.0,410.57
DESINFETANTE LIMPISSIMO BABY 2L,79.0,410.51
DETERGENTE LIQUIDO COMBATE ERVA DOCE 2L,47.0,409.9
AMACIANTE CONCENTRADO BECKER FLORESCER 1L,26.0,409.88
TIRA MANCHA IMPERIAL BRANQUEADOR PODER02 450G,18.0,409.74
DESINFETANTE BRASLIMP PASTA PINHO LIMAO 1L,31.0,409.69
AMACIANTE CONCENTRADO DOWNY PERF COLLEC ADORABLE FRASCO 1L,16.0,409.68
SABAO LIQUIDO BREEZE 2L,29.0,409.37
LIMPADOR DE VIDRO MASTERY 500ML,41.0,409.33
DESINFETANTE PINHO BRIL ACAO TOTAL 500ML,48.0,409.2
LIMPADOR ESSENCIA SANTO BRILHO FOFO 140ML,39.0,409.11
LIMPADOR PET VEJA PETS ELIMINADOR ODORES HERBAL 2L,16.0,409.07
TIRA MANCHA FONTDAY SEM CLORO 450G,14.0,408.98
SABAO LIQUIDO LIPON 5L,16.0,408.64
DESINFETANTE PAMPA LAVANDA 2L,58.0,408.42
DESINFETANTE ESFRELUX FLORAL ROSA 500ML,127.0,408.18
SABAO LIQUIDO TOQUE DE CARINHO BEBE 1L,37.0,408.09
SABAO EM PO PONTAL TRADICIONAL 500G,136.0,408.04
SABAO EM PO ACE SACHE 20X800G,3.0,408.0
LIMPADOR PERFUMADO SEMPRE LIMPO CONCENTRADO LAVANDA 200ML,105.0,407.85
DESINFETANTE TOCK FLORAL 2L,50.0,407.82
DESINFETANTE BETEL EUCALIPTO 2L,71.0,407.68
LIMPADOR PERFUMADO GUIMARAES FLOR DE LIRIOS E BAUNILHA 5L,13.0,407.58
LIMPADOR ESSENCIA ALVEX CONCENTRADO LIMA LIMAO 140ML,38.0,407.4
DETERGENTE LIQUIDO KOKINOS CLEAR 500ML,217.0,407.33
DESINFETANTE TOP LUX CARAVELA 2L,81.0,407.25
LIMPADOR PERFUMADO LIMPA JA EUCALIPTO 2L,72.0,407.22
LIMPEZA PESADA ATTIVO DESENGRAXANTE MULTIUSO 5L,19.0,407.11
ALVEJANTE HR SEM CLORO 2L,34.0,407.07
DESINFETANTE DESOMAX PINHO 500ML,131.0,406.64
DESINFETANTE INFLUX LAVANDA 2L,62.0,406.28
CLORO WALTRICK 5L,16.0,406.23
DESINFETANTE BEM BOM LIRIOS DO VALE 2L,78.0,406.08
ALVEJANTE ALVEX SEM CLORO 1L,50.0,405.6
LIMPADOR PERFUMADO MASCIMO LAVANDA 1L,60.0,405.42
LIMPADOR PISCINA QCLOR ELEVADOR DE PH 1L,23.0,405.28
ALVEJANTE SOLARQUIM SEM CLORO 2L,30.0,405.26
AMACIANTE CONCENTRADO LEVO TERNURA  500ML,129.0,404.89
LIMPADOR DE VIDRO CENAP GATILHO 500ML,31.0,404.79
AMACIANTE DILUIDO TOQUE DE CARINHO ROSA 2L,53.0,404.74
DESINFETANTE ECONOMICO PINHO 6X2L,9.0,404.7
LIMPADOR MULTIUSO VEJA EXPLOSAO PERF VIOLETA SQUEEZE 500ML,60.0,404.69
EDUCADOR PET PETBRILHO REPELENTE 500ML,18.0,404.62
SABAO LIQUIDO SAMAR 2L,59.0,404.62
"ALVEJANTE CLARO E FORTE 4,8L",27.0,404.46
"CLORADOR FLUT FLOATER 12,5CM KALA",15.0,404.17
LIMPADOR DE VIDRO AUT VISAO TOTAL 100ML,18.0,404.1
DESINFETANTE MAXLIMP DALIA 2L,74.0,403.7
DETERGENTE LIQUIDO SPOOMA LIMAO 2L,51.0,403.68
AMACIANTE DILUIDO NUTRILAR TOQUE SUAVE 1L,91.0,403.65
LIMPADOR ESSENCIA GIORNO CONC SUPERF ESSENCES BAMBOO 120ML,19.0,402.52
AMACIANTE DILUIDO URCA BRISA DE PRIMAVERA 2L,48.0,402.06
DESINFETANTE DAS NEVES JASMIN 5L,25.0,401.71
CLORO LIMPE BEM 1L,70.0,401.69
SABAO EM PO CANDEIAS LAVANDA 400G,110.0,401.6
AGUA SANITARIA CASA DA LIMPEZA 1L,106.0,401.44
AGUA SANITARIA GIRANDO SOL VERDE 12X1L,11.0,401.4
DESINFETANTE TODO BOM ERVAS MENTOL 500ML,138.0,401.15
DETERGENTE LIQUIDO COOPCLEAN LIMAO 500ML,176.0,400.83
DETERGENTE LIQUIDO LIMP LAR COCO 2L,43.0,400.71
LIMPADOR PET PET MANIA CONCENTRADO LAVANDA 140ML,31.0,400.33
AMACIANTE DILUIDO CAMPESTRE MILLENIO 2L,55.0,400.3
ALVEJANTE RCD SEM CLORO 5L,14.0,400.28
AMACIANTE DILUIDO CHEIRO PLUS 2L,58.0,400.2
DESINFETANTE CAMPESTRE IGUATEMI 5L,31.0,400.09
REM.DE CERA BUF.750ML,47.0,399.84
SABAO LIQUIDO AQUAFAST 4X3L,5.0,399.8
DESINFETANTE LUNASA 2L,122.0,399.76
DESINFETANTE TRES BARRAS LAVANDA 2L,51.0,399.75
SABAO LIQUIDO DE COCO LIQ BRANCOCO,39.0,399.73
AGUA SANITARIA Q-OTIMO REAL LIMPZ 2L,38.0,399.65
AGUA SANITARIA BRASQUIL AR 5L,40.0,399.6
DESINFETANTE TOP MIL JASMIM 2L,55.0,399.12
DESINFETANTE RETIRO JASMIM 2L,64.0,399.11
LIMPADOR DE VIDRO LIMPEBEM 500ML,93.0,398.67
ALGICIDA DOMCLOR MANUTENCAO 1L,16.0,398.06
DESINFETANTE PINHO SOL FLORAL L500 P450ML,42.0,397.93
DESINFETANTE LIMP LAR JASMIM 2L,70.0,397.93
ALVEJANTE BRILHANTE COM CLORO ATIVO FLORAL 2L,68.0,397.92
DESINFETANTE ELLY LAVANDA 2L,62.0,397.78
DESINFETANTE CASA DA LIMPEZA LAVANDA 5L,24.0,397.23
AMACIANTE DILUIDO GIRANDO SOL ROSA 6X2L,9.0,397.14
DESINFETANTE MAGIC FLORAL 2L,59.0,396.92
DETERGENTE LIQUIDO PROLAR NEUTRO 2L,37.0,396.91
LIMPADOR MULTIUSO DESODOR 3 EM 1 CLASSICO 500ML,97.0,396.85
DESINFETANTE TOP MIL ORIGINAL 5L,29.0,396.71
AMACIANTE CONCENTRADO TOQUE DE CARINHO BEBE 500ML,42.0,396.4
AMACIANTE DILUIDO RICLEY AZUL 5L,23.0,396.21
DESINFETANTE GEO EUCALIPTO 500ML,105.0,396.19
DESINFETANTE CHEIRO BOM ALGAS 1L,110.0,396.04
DESINFETANTE COMBATE CAMPESTRE 500ML,125.0,395.77
AGUA SANITARIA SUPER FORTE VITRAL 2L,75.0,395.53
SABAO EM PO TIXAN PRIMAVERA 20X800G,2.0,395.37
AGUA SANITARIA TOP 2000ML,67.0,395.08
AGUA SANITARIA ZAB 12X1L,15.0,395.05
DESINFETANTE NEVERGREY TALCO 2L,71.0,394.99
DETERGENTE LIQUIDO DEOLINE NEUTRO 5L,16.0,394.98
AMACIANTE DILUIDO YZA ACONCHEGO 5L,21.0,394.79
DETERGENTE LIQUIDO MAXPOL ERVA DOCE 500ML,257.0,394.73
DESINFETANTE SPOOMA FLORAL 2L,63.0,394.6
DETERGENTE LIQUIDO GOTA LIMPA CONCENTRADO NEUTRO 511G,48.0,394.55
SABAO LIQUIDO LIQUIDO ACUCENA CAPBLUE 500ML,74.0,394.36
SABAO EM PO IMPERIAL TRADICIONAL 1KG,51.0,394.16
ALVEJANTE ECONOMICO PERFUMADO FLORAL BRANCO 1L,62.0,393.8
DETERGENTE LIQUIDO TOP CLEAR CLEAR CAPIM LIMAO 2L,74.0,393.67
SABAO EM PO MINUANO BRANCO EMBALAGEM ECONOMICA 4KG,9.0,393.67
DESINFETANTE AROMAX 2L,79.0,393.42
DETERGENTE LIQUIDO FLOPS MACA 500ML,178.0,393.2
FLOCULANTE PISC CLOR UP T ACAO 1L,21.0,393.0
CLORO HIGEO LIQUIDO 5L,19.0,392.94
AMACIANTE DILUIDO DORIGON BABY SOFT 2L,48.0,392.63
LIMPEZA PESADA ANTAR PLUS LIMPA PEDRAS 2L,19.0,392.35
LIMPADOR MULTIUSO ALLCHEM UNIVERSAL 950ML,16.0,392.33
DETERGENTE LIQUIDO PURA CASA NEUTRO 500ML,233.0,392.25
DESINFETANTE CRUZADO MARINE 2L,42.0,391.87
AMACIANTE DILUIDO FOFURA BRANCO 2L,44.0,391.82
DETERGENTE LIQUIDO GUARANI NEUTRO 20X500ML,10.0,391.8
DETERGENTE LIQUIDO PAMPA CHEMICAL NEUTRO 5L,21.0,391.78
DESINFETANTE DULAR PINHO 2L,44.0,391.69
AMACIANTE CONCENTRADO BARBAREX PAIXAO 2L,20.0,391.62
DESINFETANTE LUMI FLORAL 5L,41.0,391.29
AGUA SANITARIA ARIA TRIUM 2L,73.0,391.27
DETERGENTE LIQUIDO CASA CLEAN COCO PUMP 1L,52.0,391.22
DETERGENTE LIQUIDO ALICE 2L,54.0,390.72
LIMPADOR ESSENCIA QUIM AROMA FLORES DO CAMPO 100ML,49.0,390.66
LIMPADOR MULTIUSO TEIU DESINFETANTE TRADICIONAL L4P3 4X500ML,24.0,390.1
LIMPADOR DE VIDRO VATZ REFIL TRANSPARENCY 500ML,42.0,390.03
"DESINFETANTE MARINER FLORES MAGICAS 1,5L",43.0,389.99
DETERGENTE LIQUIDO KILIMPEX LIMAO 1L,66.0,389.9
TIRA MANCHAS EM PO VANISH OXI ACTION PINK 24X400G,1.00347,389.74
TIRA MANCHA WASH PLUS 400G,18.0,389.66
DESINFETANTE TODO BOM FLORES 500ML,130.0,389.64
LIMPEZA PESADA ECOMAX TIRA MANCHA CUIDADOS P/CASA 500ML,14.0,389.28
DESINFETANTE ELLY TRADICIONAL 2L,61.0,388.93
SABAO LIQUIDO CANDURA 800ML,53.0,388.78
SABAO EM PO DE ALCOOL PO MAZZU 500G,45.0,388.68
DESINFETANTE RISO HERBAL 5L,19.0,388.3
AGUA SANITARIA LIMPINHO 1L,195.0,388.05
ALVEJANTE MARINA COM CLORO FLORAL 1L,77.0,387.89
LIMPEZA PESADA PROVITA 2L,15.0,387.86
DETERGENTE LIQUIDO ESSENCIAL NEUTRO 5L,15.0,387.85
AMACIANTE DILUIDO BIG SOFT LAVANDA  6X2L 12L,13.0,387.8
DESINFETANTE EFICAZ LAVANDA 5L,17.0,387.74
DETERGENTE LIQUIDO TOP MAX 5L,4.0,387.6
LIMPEZA PESADA FIM DE OBRA LIMPA TUDO 1L,13.0,387.43
LIMPADOR PERFUMADO CASAFLOR PASSION 12X500ML,11.0,387.16
DESINFETANTE ATALAIA 1L,108.0,387.06
LIMPADOR PERFUMADO CASA PERFUMADA FLORES E FRUTAS 500ML,68.0,387.02
LIMPADOR PERFUMADO BRILLANOO FLORAL 2L,69.0,386.91
AMACIANTE DILUIDO BARRA COCO 2L,65.0,386.67
LIMPADOR MULTIUSO VEJA ORIGINAL 2X500ML+POWER FUS KIT 500ML,21.0,386.61
CLORO MAX LIMP 1L,108.0,386.19
DESINFETANTE SANIBEL PARA AGUA 1KG,5.0,385.95
DESINFETANTE MARILUX LAVANDA 1L,130.0,385.92
SABAO LIQUIDO SAIF FLORAL 5L,9.0,385.92
DESINFETANTE SOL ERVA DOCE E CAPIM LIMAO 1L,138.0,385.54
LIMPADOR ESSENCIA ALVEX CONCENTRADO PINHO 140ML,34.0,385.04
LIMPADOR PISCINA SUPERCLOR TRIPLA ACAO BALDE 10KG,2.0,385.0
SABAO LIQUIDO RADIANTE FINAS E DELICADAS 1L,32.0,384.95
"AMACIANTE CONCENTRADO DOWNY SUAVE E GENTIL FRASCO 1,5L",11.0,384.89
LIMPEZA PESADA POLWAX TIRA LIMO LIMPADOR 500ML,61.0,384.88
LIMPADOR DE VIDRO LEVO 500ML,81.0,384.59
DESINFETANTE ATRON PETALIA 2L,79.0,384.27
DETERGENTE LIQUIDO PONTAL NEUTRO 5L,18.0,384.23
DESINFETANTE QUASAR FLORAL 2L,60.0,383.66
ALVEJANTE ECONOMICO SEM CLORO 6X2L,5.0,383.64
DESINFETANTE LIMP LAR C/ SABAO PINHO 2L,23.0,383.48
CLORO LIMP LAR 1L,59.0,383.42
LIMPADOR ESSENCIA BELAROMA LAVANDA ORIENTAL SPRAY 120ML,31.0,383.11
DESINFETANTE ECONOMICO EUCALIPTO 500ML,128.0,382.78
AMACIANTE DILUIDO LAVANDEIRA BLUE 2L,58.0,382.62
SABAO EM PO ARCOVERDE LAVANDA 500G,126.0,382.31
DESINFETANTE POLITRIZ FLORAL 12X500ML,15.0,382.28
DESINFETANTE COMBATE FLORES DO CAMPO 500ML,123.0,382.13
CLORO SEQUINEL 5LT,20.0,382.06
LIMPADOR MULTIUSO SOL LAVANDA 500ML,134.0,381.97
SABAO LIQUIDO VEZON LAUNDRY OLEO DE COCO 3L,15.0,381.85
LIMPADOR ESSENCIA AROMATEC GUARUJA 120ML,36.0,381.34
LIMPADOR MULTIUSO PRISMA LAVANDA 500ML,98.0,381.25
LIMPADOR PERFUMADO VEJA PERFUMES FLORES E SONHO 500ML,54.0,381.18
DESINFETANTE ASTOLLI EUCALIPTO 5L,33.0,381.07
DESINFETANTE CITROSAN CITRONELA 2L,50.0,381.03
DETERGENTE LIQUIDO CLAREZA CLORADO 5L,8.0,380.8
DESINFETANTE PROLAR TALCO 2L,65.0,380.75
DETERGENTE LIQUIDO LIMPOL ALOE VERA CONCENTRADO 511ML,36.0,380.73
AMACIANTE DILUIDO GOTA FORTE PINK 5L,30.0,380.58
AMACIANTE DILUIDO YSO 2L,67.0,380.56
LIMPEZA PESADA VEJA CITRUS 1L,17.0,380.53
AMACIANTE DILUIDO NOVO REINO BABY 5L,18.0,380.45
DESINFETANTE TODO BOM EUCALIPTO 500ML,128.0,380.4
LIMPADOR PERFUMADO NIDA HERBAL 500ML,69.0,379.81
DESINFETANTE GOTA FORTE LAVANDA 5L,26.0,379.65
DESINFETANTE INFLUX EUCALIPTO 2L,61.0,379.29
LIMPEZA PESADA AJAX FRESH LEMON 500ML,36.0,379.24
DETERGENTE LIQUIDO LIMPA LAR MACA 2L,42.0,379.09
AMACIANTE DILUIDO HIPER LIMPO 2L,29.0,378.71
LIMPADOR PERFUMADO KIMAFLOR TERNURA DE INFANCIA 500ML,69.0,378.68
DESINFETANTE ALVEJAX CAMPESTRE VERDE 1L,104.0,378.59
DETERGENTE LIQUIDO BECKER LAVA LOUCAS NEUTRO 2L,47.0,378.53
DETERGENTE LIQUIDO ECONOMICO LIMAO 12X500ML,13.0,378.48
DESINFETANTE NOVO REINO JASMIN 5L,23.0,378.47
CLORO GEL LIMPA TUDO PERF 1L,57.0,378.4
LIMPADOR MULTIUSO RADNAQ LIMPA COURO AEROSOL 300ML,18.0,378.39
DESINFETANTE TOP LIMPO KAIAK 2L,38.0,378.37
DESINFETANTE RONDOJET STYLETTO 5L,21.0,378.3
DETERGENTE LIQUIDO TOPLAR 2L,62.0,378.23
AMACIANTE DILUIDO MAZA ROUPAS TOQUE DE ACONCHEGO 2L,53.0,378.23
"TIRA MANCHA VANISH GEL PRO LINE S/CLORO 5,L",6.0,378.18
LIMPEZA PESADA SANOL PRO LIMPA GRANITO E MARMORE 1L,24.0,377.77
LIMPEZA PESADA JOB LIMPA PEDRAS E CIMENTADOS 2L,20.0,377.72
DESINFETANTE ALE HERBAL 500ML,30.0,377.66
AMACIANTE DILUIDO REAL BRISA DO MAR 1L,80.0,377.38
"DESINFETANTE BUFALO PINHO TRADICIONAL 6,05L",23.0,377.31
DETERGENTE LIQUIDO TOP LUX NEUTRO 2L,50.0,377.17
SABAO LIQUIDO REND MAIS 5L,26.0,376.74
AMACIANTE DILUIDO ITO AZUL 5L,16.0,376.51
DESINFETANTE CASA DA LIMPEZA LAVANDA 2L,48.0,376.12
DETERGENTE LIQUIDO DEOLINE LIMA 1L,44.0,375.94
DESINFETANTE TRES BARRAS FLORAL 2L,48.0,375.87
SABAO LIQUIDO KLIP ORIGINAL 1L,55.0,375.74
PISCINA NEOCLOR REDUTOR DE PH 1L,20.0,375.71
DETERGENTE LIQUIDO ELLY LIMAO 500ML,222.0,375.26
AMACIANTE CONCENTRADO PUFF INTENSO 1L,32.0,375.19
LIMPADOR PERFUMADO MAXIMO BRILHO CONCENTRADO 200ML,94.0,375.08
AGUA SANITARIA MAIS FAMILIA 2L,50.0,374.66
DESINFETANTE POLITRIZ PINHO 12X500ML,15.0,374.14
REMOVEDOR SEM CHEIRO GITANES,16.0,374.07
SBL LAVA ROUPAS ARIEL 630ML GTS 70ML,25.0,374.0
DESINFETANTE YZA FLORAL 2L,61.0,373.89
LIMPADOR MULTIUSO PEQUI TRADICIONAL 500ML,78.0,373.87
DETERGENTE LIQUIDO RAINHA MACA 500ML,92.0,373.68
CLORO KOKINOS MAX 1L,80.0,373.63
SABAO LIQUIDO UTILAR GLICERINA 5L,10.0,373.39
DESINFETANTE CIF PARA HORTIFRUTI S/FRAG 1L,18.0,373.33
SABAO LIQUIDO OMO RAPIDA ACAO TOTAL 12X750ML,24.0,373.12
LIMPADOR PERFUMADO SOLIMP LIRIO 1L,150.0,373.1
AGUA SANITARIA TERNURA 5L,31.0,373.08
AMACIANTE DILUIDO NATURATTE FLORES 2L,58.0,373.03
DESINFETANTE COMBATE PINHO 2L,44.0,373.01
LIMPADOR ESSENCIA BELLO AROMA CAMPESTRE 140ML,35.0,373.01
LIMPADOR ESSENCIA BELAROMA VANILLA BLACK 120ML,28.0,372.96
DESINFETANTE MAIS LIMPEZA EUCALIPTO 1L,103.0,372.84
DESINFETANTE YPE PINHO TRADICAO 12X500ML,6.0,372.72
DESINFETANTE TOP CLEAR LAVANDA 2L,65.0,372.25
SABAO EM PO GIRANDO SOL AZUL 5KG,12.0,372.19
DESINFETANTE LIMPA BEM LIMAO 2L,79.0,371.95
LIMPEZA PESADA ESFRELUX SPRAY LARANJA 500ML,68.0,371.93
LIMPADOR ESSENCIA GIORNO CONCENTRADO ESSENCES CIPRESTE 120ML,30.0,371.46
DESINFETANTE AZULIM ERVA DOCE 500ML,84.0,371.36
AMACIANTE DILUIDO CASA LIMPA 2L,48.0,371.36
LIMPADOR PET CASA DE MAE NEUTRALIZADOR DE ODOR CITRONELA 2L,21.0,371.26
REMOVEDOR FLOP S 500ML,36.0,371.18
DESINFETANTE LIMPEZA FELIZ FLORAL 1L,119.0,371.06
SABAO LIQUIDO LIMPA MAIS AZUL 2L,47.0,371.03
LIMPADOR MULTIUSO UAU 2 CLORO + DESENG + ORIGINAL 4X500ML,15.0,370.82
AMACIANTE DILUIDO ATTIVO CONFORTEZ AZUL 5L,20.0,370.74
LIMPADOR PET PET MANIA AROMATIZANTE CANIL 140ML,27.0,370.55
DESINFETANTE NUTRILAR LIMAO 2L,46.0,370.17
AMACIANTE DILUIDO PUFF RAIO DE SOL 1L,68.0,369.92
LIMPADOR MULTIUSO CIF ANTIBAC 50% DESC KIT 3X500ML,28.0,369.53
AMACIANTE DILUIDO ROUPA   PEPY 1L,73.0,369.53
DESINFETANTE LAVANDEIRA EUCALIPTO 1L,118.0,369.4
DESINFETANTE TOCK DAMA DA NOITE 5L,22.0,368.89
DETERGENTE LIQUIDO MAXPOL COCO 500ML,237.0,368.67
AMACIANTE DILUIDO TRES BARRAS ROSA 2L,47.0,368.53
DESINFETANTE ATRON TALCO 2L,75.0,368.35
SABAO EM PO ARES BICARBONATO 800G,68.0,368.32
DESINFETANTE COTTONY LAVANDA 2L,89.0,368.31
SABAO LIQUIDO TIXAN YPE MACIEZ FRASCO 12X1L,2.0,368.28
LIMPADOR PERFUMADO QUASAR FLORENCIA 2L,54.0,368.01
LIMPADOR MULTIUSO VEJA C/ALCOOL SQUEEZE 500ML,52.0,367.87
DESINFETANTE AROMAX LEITOSO TALCO 500ML,147.0,367.83
LIMPADOR PERFUMADO GIOCA ENERGIA DAS FRUTAS 500ML,69.0,367.64
AMACIANTE DILUIDO BECKER CLASSICO 2L,46.0,367.54
DESINFETANTE TANLUX EUCALIPTO 2L,61.0,367.42
"LAVA ROUPAS PO BRILHANTE 1,6KG DELICADEZA TOTAL",19.0,367.38
DESINFETANTE BRILHO NATURAL LAVANDA 2L,67.0,367.33
DESINFETANTE QUIMITOL CONCENTRADO PINHO 100ML,30.0,367.11
DETERGENTE LIQUIDO SUPER LIMPO CRISTAL 500ML,184.0,367.09
LIMPADOR DE VIDRO LOURO FLASH 5L,11.0,366.96
DESINFETANTE NUTRILAR CEREJEIRA 500ML,123.0,366.55
AMACIANTE DILUIDO ABA PLUS CONFORT 1L,90.0,366.52
AMACIANTE DILUIDO BABY SENSACOES 2L,46.0,366.42
DESINFETANTE LAVANDEX EUCALIPTO 2L,44.0,366.35
DESINFETANTE LIMP LAR TALCO 2L,67.0,366.19
AGUA SANITARIA LIMPAO 5L,36.0,365.63
TIRA MANCHA FLASH LIMP LAVE SEM MANCHAR 20UN,23.0,365.46
DETERGENTE LIQUIDO GOTA LIMPA CONCENTRADO CAPIM LIMAO 511G,46.0,365.33
SABAO PO BRILHANTE LIMPEZA TOTAL 800G SH,32.0,365.28
SABAO EM PO ASSIM TRIPLACAO SACHE 1KG,43.0,365.07
REMOVEDOR DE ESMALTE ZULU 500ML,31.0,364.99
LIMPADOR PISCINA BARBAREX FLOTADOR 5L,11.0,364.7
SBPO SURF TQ FOFO ESSENC FLOR CEREJEIRA/LAVAND SC P 1000G,41.0,364.69
DESINFETANTE ABA PLUS VINOL 2L,63.0,364.55
DESINFETANTE DESOMAX EUCALIPTO 500ML,119.0,364.44
DESINFETANTE FORTE BRILHO PASTA DE PINHO 1L,56.0,364.4
DESINFETANTE NUTRILAR ALECRIM 2L,41.0,363.73
DESINFETANTE MONTE LAGOS EUCALIPTO 5L,14.0,363.54
DETERGENTE LIQUIDO SAMAR NEUTRO 2L,53.0,363.48
DESINFETANTE REMMUS EUCALIPTO2L,47.0,363.23
LIMPADOR ESSENCIA BAW WAW TALCO 140ML,28.0,363.13
LIMPADOR MULTIUSO UM SMARTCLEAN 1L,16.0,362.82
DETERGENTE LIQUIDO COMPLEM CLORADO CONCENTRADO 5L,10.0,362.72
DETERGENTE LIQUIDO GEO LARANJA 500ML,32.0,362.62
DESINFETANTE KILIMPEX EUCALIPTO 2L,51.0,362.19
TIRA MANCHA VANISH PO OXI ACTION CRYSTAL WHITE POTE 900G,7.0,361.93
AMACIANTE DILUIDO REAL FLORAL 2L,46.0,361.89
SABAO LIQUIDO BABY SOFT TOTAL MAX C/TQ AMAC 1L,35.0,361.76
DETERGENTE LIQUIDO CRISTAL MACA 2L,56.0,361.7
LIMPADOR MULTIUSO LIMPOL FLORAL SQUEEZE 12X500ML,10.0,361.63
AGUA SANITARIA SUPER CANDIDA 3X5L,7.0,361.37
AMACIANTE DILUIDO URCA BRISA DA PRIMAVERA 2X5L,16.0,361.34
DESINFETANTE CHEIRO BOM FLORAL 1L,101.0,361.1
DESINFETANTE BRANMIX EUCALIPTO 2L,51.0,361.05
LIMPADOR MULTIUSO SEMORIN LIMPA TAPETES E CARPETES GT 500ML,15.0,360.77
DESINFETANTE Q LAR EUCALIPTO 500ML,104.0,360.77
DESINFETANTE CANDEIAS LAVANDA 1L,75.0,360.59
DETERGENTE LIQUIDO BRISA LIMAO 24X500ML,8.0,360.48
LIMPADOR PERFUMADO CENAP LAVANDA 2L,27.0,360.43
AGUA SANITARIA ARCHOTE AGIFACIL 6X2L,14.0,360.36
LIMPADOR PERFUMADO MAXLIM MIRAG 2L,54.0,360.06
AGUA SANITARIA BETEL 2L,57.0,359.87
AGUA SANITARIA TAQLIMPO 2L,56.0,359.76
DESINFETANTE TODO BOM PINHO CITRUS 500ML,116.0,359.68
DESINFETANTE MAGICO PINHO GEL 500ML,58.0,359.66
LIMPADOR PERFUMADO WARLIKE FLORAL 2L,64.0,359.63
AMACIANTE DILUIDO LIMPEX 2L RO,71.0,359.49
LIMPADOR PERFUMADO VEJA PERFUMES LAVANDA E BEM ESTAR 4L,10.0,359.41
AGUA SANITARIA ATTAK 2L,107.0,359.13
AMACIANTE DILUIDO COMBATE PETALA 1L,65.0,358.99
LIMPADOR PERFUMADO BRILHO PRATICO LAVANDA 1L,104.0,358.96
DESINFETANTE MAXIMO PINHO 2L,64.0,358.82
TIRA MANCHA MIL SEM CLORO PODER O2 120G,68.0,358.54
DETERGENTE LIQUIDO DAS NEVES CLEAN 2L,48.0,358.42
SABAO EM PO SETE COLINAS 400G,199.0,358.11
LIMPEZA PESADA REAX LIMPA PEDRAS 5L,3.0,358.05
LIMPADOR MULTIUSO SUPER DOM 300ML,39.0,357.83
DESINFETANTE ALVEX JASMIM 2L,65.0,357.75
DESINFETANTE CANDURA EUCALIPTO 500ML,120.0,357.64
DESENGORDURANTE ACTION COZINHA LIMAO REFIL 500ML,47.0,357.45
SABAO LIQUIDO CASA LIMPA 5L,19.0,357.2
DESINFETANTE FLORESTA DA SERRA EUCALIPTO 2L,44.0,357.06
AGUA SANITARIA TOP LIMPO 2L,33.0,356.85
LIMPADOR DE VIDRO SANTO BRILHO REFIL 500ML,32.0,356.63
SABAO EM PO NOVO BRILHO LAVANDA 500G,76.0,356.48
AMACIANTE CONCENTRADO COMFORT BRISA ELEGANTE FRASCO 12X500ML,3.0,356.4
DESINFETANTE ELLY LIMAO 2L,55.0,356.24
LIMPADOR PERFUMADO MAXLIM BOUQUET 2L,53.0,356.04
DESINFETANTE AGIFACIL FLORAL 5L,26.0,355.94
SABAO EM PO REAL TRAD 500G,103.0,355.77
AGUA SANITARIA ALIANCA 1L,117.0,355.63
DESENGORDURANTE CIF ULTRA RAPIDO SPRAY 500ML,26.0,355.61
DESINFETANTE ECONOMICO HERBAL 1L,92.0,355.57
DESINFETANTE RONDOJET PINHO 2L,47.0,355.53
LIMPADOR PERFUMADO MAXIMO BRILHO CITRUS CONCENTRADO 200ML,88.0,355.44
DESINFETANTE NEVERGREY NEVE 2L,64.0,355.36
LIMPADOR PERFUMADO ATTO AROMA DE ROSAS 2L,56.0,355.3
LIMPADOR MULTIUSO DESODOR 3 EM 1 CAMPESTRE 500ML,83.0,355.08
CLORO FORT MAX LIQUIDO 1L,61.0,354.97
AGUA SANITARIA JUCURUTU 5L,24.0,354.56
SABAO LIQUIDO MAXXI 2L,24.0,354.36
SABAO LIQUIDO AQUAPLUS FOFURA 1L,47.0,354.25
CLORO CLORIN PARA CAIXA DAGUA PASTILHAS 20G,4.0,353.95
AMACIANTE DILUIDO BRILHO PRATICO 500ML,33.0,353.87
LIMPADOR PERFUMADO CASA E PERFUME AGRADABLE 12X1L,3.0,353.17
DESINFETANTE YZA LAVANDA 5L,29.0,353.16
DETERGENTE LIQUIDO LIMPEBEM MACA 5L,22.0,353.09
DETERGENTE LIQUIDO REAX LAVA LOUCAS CONC GEL NEUTRO 510G,40.0,353.02
DESINFETANTE BETEL JASMIM 2L,61.0,352.54
AMACIANTE DILUIDO KILEVE SEDA 5L,19.0,352.54
LIMPADOR PERFUMADO CASA PERFUMADA ROSA EXTR DE BAMBU 500ML,60.0,352.48
LIMPADOR PERFUMADO BLUE BOM FLORAL 500ML,89.0,352.4
DETERGENTE LIQUIDO BRILUX COCO 24X500ML,8.0,352.32
DETERGENTE LIQUIDO GUARANI LIMAO 20X500ML,9.0,352.2
LIMPADOR MULTIUSO PONTAL AZULCLEAN 1L,69.0,352.18
DESINFETANTE CLARINA LAVANDA 3L,42.0,352.08
TIRA MANCHA DEION WHITE O2 500G,14.0,352.06
AGUA SANITARIA CLORINDA 5LT,21.0,351.99
DESINFETANTE KIGELEIA PINHO BIO LIMP 2L,19.0,351.66
"SABAO EM PO KLIP LAVA ROUPAS ORIGINAL 1,6KG",44.0,351.56
AMACIANTE DILUIDO LIMPA MIL TERNURA 5L,23.0,351.54
DETERGENTE LIQUIDO IDEAL LIMAO 5L,27.0,351.53
DESINFETANTE MAXIMO CITRUS 2L,63.0,351.47
LIMPADOR MULTIUSO PINGO MAGICO 5L,4.0,351.46
DESENGORDURANTE TOP VEGAN CITRUS 500ML,19.0,351.42
DESINFETANTE EFICAZ JASMIM 2L,38.0,351.41
AMACIANTE DILUIDO KEKEL 2L,54.0,351.16
REMOVEDOR ZUMBI TRADICIONAL 500ML,23.0,351.06
AMACIANTE DILUIDO CAMPESTRE ROSA 2L,48.0,350.76
DESINFETANTE LAVANDEX PINHO 2L,43.0,350.69
DESINFETANTE VIDA NOVA FLORAL 2L,57.0,350.64
DESINFETANTE TUPA ESTRELA 2L,47.0,350.36
SABAO LIQUIDO TOQUE DE CARINHO GLICERINA 2L,54.0,350.3
DETERGENTE LIQUIDO LEVO CLEAR 2L,51.0,349.95
LIMPADOR MULTIUSO BIOWASH CAPIM LIMAO 1L,7.0,349.93
DESINFETANTE ABSOLUTY SHERON 2L,77.0,349.7
DESINFETANTE OYYO LAVANDA BABY 2L,48.0,349.65
AMACIANTE DILUIDO ACQUA AZUL 2L,48.0,349.44
AGUA SANITARIA ABC GALAO 5L,22.0,349.42
ODORIZADOR DE ROUPA TRES BARRAS VITAL FRESH 500ML,18.0,349.23
AMACIANTE DILUIDO PRATIC LAR 2000ML FLOWER,40.0,349.12
DETERGENTE LIQUIDO HR NEUTRO 5L,14.0,349.03
SABAO EM PO BEM TE VI PERFUME DAS FLORES 200G,222.0,348.58
DESINFETANTE VIDA NOVA VINOLIA 2L,54.0,348.45
ALVEJANTE YPE C/CLORO ATIVO 12X1L,7.0,348.15
SABAO LIQUIDO LIMPEZA FELIZ VERDE MEU LAR 3L,23.0,348.05
LIMPADOR PERFUMADO LOURO SEDUCTION 5L,19.0,347.8
LIMPEZA PESADA DURATTO LIMPA PEDRA CONCENTRADO 1L,17.0,347.63
LIMPADOR PISCINA CLORO PASTILHA ATCLLOR PROTAB 3X1 200G,39.0,347.58
DESINFETANTE GLORIA FLORAL 1L,73.0,347.57
DESINFETANTE LIMPEZA FELIZ LAVANDA 1L,108.0,346.98
LIMPADOR ESSENCIA BELLO AROMA BABY 140ML,26.0,346.85
DETERGENTE LIQUIDO TOP CLEAR MACA 2L,61.0,346.79
SABAO EM PO BEM TE VI LAVANDA SACHE 2KG,25.0,345.96
AMACIANTE CONCENTRADO VALOR MAGIA AZUL 2000ML,30.0,345.89
"AMACIANTE DILUIDO BEM TE VI  AMOR E CARINHO 6X1,8L",55.0,345.79
LIMPADOR ESSENCIA AROMAX FLORAL 100ML,49.0,345.78
DESENGORDURANTE DESOMAX AMONIACAL 500ML,53.0,345.53
LIMPADOR PERFUMADO AQUA PLUS EUCALIPTO 2L,31.0,345.47
LIMPADOR ESSENCIA AROMATEC FLORES DO CERRADO 100ML,45.0,345.4
DESINFETANTE SUPER LIMPO LIMAO 2L,46.0,345.36
DET.PO OMO C/TOQ.COMFORT 2KG ENERGY,23.0,344.77
AMACIANTE DILUIDO REAL BRISA DO MAR 2L,46.0,344.4
ALVEJANTE KLARIANA SEM CLORO 2L,28.0,344.28
DESINFETANTE GEO OCEAN 1L,76.0,344.22
AMACIANTE DILUIDO SUPREMA ROSA TOQUE DE AMOR 2LT,40.0,344.16
LIMPADOR PERFUMADO COIMBRA EUCALIPTO 2L,41.9999,344.14
DETERGENTE LIQUIDO JAGUAR ESPECIAL 5L,21.0,343.99
DESINFETANTE OYYO JASMINE 5L,22.0,343.96
AMACIANTE DILUIDO REAL FLORAL 5L,18.0,343.82
LIMPADOR ESSENCIA AROMATEC FLORES DO CERRADO 140ML,38.0,343.67
AMACIANTE CONCENTRADO BECKER CARINHO 2L,43.0,343.57
DETERGENTE LIQUIDO EDILIMP LIMAO 500ML,170.0,343.31
DESINFETANTE DULAGO PINHO 2L,64.0,343.19
LIMPADOR ESSENCIA GIORNO CONC DE SUPERF BERGAMOTA 120ML,22.0,343.09
SBPO SURF BANHO DE BRANCURA CX PP 1000G,35.0,343.06
DESINFETANTE BOM USO LAVANDA 2L,55.0,342.97
SABAO EM PO BRANMIX FLORAL 1.6KG,38.0,342.92
AGUA SANITARIA KADAN PET 2L,62.0,342.76
SABAO LIQUIDO HARMONIEX SABAO LIQUIDO COCO 2L,21.0,342.75
DETERGENTE LIQUIDO IDEAL MACA 5L,26.0,342.74
DESINFETANTE ALVEJAX PINHO 1L,86.0,342.49
LIMPEZA PESADA LISTAL LIMPA PEDRAS 2L,24.0,342.46
LIMPADOR PERFUMADO LIMPA JA MARINE 500ML,183.0,342.23
LIMPEZA PESADA BRILHEX LIMPA TUDO CONCENTRADO 1L,28.0,342.12
CLORO ANTARES 1L,64.0,342.09
ALVEJANTE INDUPROL SEM CLORO 5L,13.0,342.02
DETERGENTE LIQUIDO TOP LUX MACA 2L,45.0,342.0
DESINFETANTE LIMP LAR MAMAE BEBE 2L,63.0,341.93
DESINFETANTE PONTAL EUCALIPTO 2L,43.0,341.91
DESINFETANTE OYYO DAMA NOTURNA 5L,21.0,341.91
DESINFETANTE TOP LUX KAIAK 2L,68.0,341.87
LIMPADOR MULTIUSO AMALIA SILVESTRE SQUEEZE 500ML,112.0,341.86
ALVEJANTE BIO-KRISS SEM CLORO 1L,19.0,341.81
AMACIANTE DILUIDO REAL BRISA DO MAR 5L,19.0,341.81
LIMPADOR PERFUMADO QUASAR DAMA DA NOITE 5L,23.0,341.77
"DETERGENTE LIQUIDO ED MAIS NEUTRO 3,8L",28.0,341.56
AGUA SANITARIA RETIRO 5L,28.0,341.44
LIMPADOR PERFUMADO BEM BOM EUCALIPTO 2L,63.0,341.33
LIMPADOR PERFUMADO LOURO FRESCOR DA NATUREZA 500ML,77.0,340.78
DESINFETANTE SUPER BRILHO DOVE 2L,88.0,340.6
CLORO ATOBA  5L,17.0,340.33
AMACIANTE CONCENTRADO MIL AMARELO 1L,70.0,340.17
DETERGENTE LIQUIDO GEL CARE ALOE VERA 512G,42.0,339.75
DETERG.PO BRILHANTE CUIDADO TOT. 800G,25.0,339.75
RODO ESPUMA SENDOR LIMPA PISCINA 1UN,13.0,339.73
SABAO EM PO YPE PRO SC 8KG,4.0,339.7
DETERGENTE LIQUIDO MAZA CLEAR 500ML,146.0,339.58
CLARIFICANTE ULTRA GEL 25G,14.0,339.5
DESINFETANTE MAXIMO BABY CLEAN 2L,60.0,339.38
DESINFETANTE TOCK PINHO 2L,45.0,339.27
LIMPADOR DE VIDRO DEOLINE FRESH 500ML,34.0,339.23
LIMPADOR MULTIUSO FACILIT SPRAY 500ML,90.0,339.05
DESINFETANTE KILIMPEX NIVEA 1L,82.0,339.0
DETERGENTE LIQUIDO URCA MACA 500ML,193.0,338.48
LIMPADOR PERFUMADO Q OTIMO EM GEL PINHO 2L,33.0,338.35
LIMPEZA PESADA VEJA PRO LINE ORIGINAL COM ALCOOL 5L,6.0,338.35
DESINFETANTE DONA CLARA LAVANDA 1L,67.0,338.34
DESENGORDURANTE VEJA LIMAO GATILHO 12X500ML,1.0,338.28
DESINFETANTE BARBAREX MANDARIM 2L,54.0,337.68
LIMPADOR MULTIUSO VEJA MACA VERDE SQUEEZE 500ML,56.0,337.65
DESINFETANTE AROMAX PINHO TRADICIONAL 500ML,119.0,337.29
LIMPADOR DE VIDRO BRISA LAVA 500ML,35.0,337.29
LIMPADOR ESSENCIA LIMPA MAIS TALCO 120ML,42.0,336.71
SABAO EM PO BRANMIX LAVANDA 1.6KG,38.0,336.54
CLORO FORT LIMPE 1L,44.0,336.36
AMACIANTE DILUIDO UTILAR COMNFORTO 5L,18.0,336.31
LIMPADOR ESSENCIA SENALANDIA JASMIM 140ML,38.0,336.18
"DESINFETANTE MARINER OCEAN 1,5L",37.0,336.15
TIRA MANCHA IMPERIAL MULTIUSO PO2 450G,16.0,336.07
AMACIANTE DILUIDO ACONCHEGO GLOBO ROSA 2L,47.0,336.02
DETERGENTE LIQUIDO DESOMAX SUPER UTIL CLEAR 500ML,188.0,335.72
DESINFETANTE KEDNA MARINE 2L,40.0,335.48
DESINFETANTE AROMAX PINHO LIMAO 500ML,121.0,335.01
DESINFETANTE ABA PLUS IGUATEMI 2L,60.0,334.97
DESINFETANTE PRINCESA PINHO 2L,48.0,334.84
LIMPADOR MULTIUSO KIMAFLOR TRADICIONAL SPRAY 500ML,78.0,334.77
DESINFETANTE BRILHO MIL FLORES 2L,58.0,334.72
AMACIANTE DILUIDO KEDNA FLORES  2L,38.0,334.63
AMACIANTE DILUIDO TANLUX FLORAL 5L,18.0,334.24
AMACIANTE CONCENTRADO DOWNY SPORTS FRASCO 500ML,14.0,334.13
DESINFETANTE COMBATE FLORAL 2L,36.0,333.98
AGUA SANITARIA ZUPP 12X1L,64.0,333.86
DESINFETANTE FORTT PREF JASMIM 5L,24.0,333.68
DETERGENTE LIQUIDO LIMPOL CRISTAL CONCENTRADO 511ML,40.0,333.58
DESINFETANTE YZA CAMPRESTE 2L,54.0,333.08
DESINFETANTE NOVO REINO TALCO 1L,91.0,332.95
DETERGENTE LIQUIDO BECKER NEUTRO 500ML,186.0,332.94
DESINFETANTE LISTAL LAVANDA 2L,47.0,332.7
DESINFETANTE REAL MIX DE FLORES 1L,83.0,332.69
DESINFETANTE TOP CLEAR PINHO 500ML,184.0,332.38
DESINFETANTE DESOMAX FLORAL 5L,20.0,332.07
AGUA SANITARIA AGUA BOA 5L,93.0,331.71
DETERGENTE LIQUIDO GEL CARE 30 PROTEINA 512G,45.0,331.71
AMACIANTE CONCENTRADO COMFORT CUIDADO INTENSO 900ML,17.0,331.63
DESINFETANTE VIOL MANDARIM 2L,48.0,331.51
DETERGENTE LIQUIDO ATTIVO CRISTAL GEL 5L,14.0,331.29
SABAO EM PO MINUANO FLORAL EMB ECONOMICA 900G,28.0,331.18
SABAO LIQUIDO LIMP LAR AMONIACAL 2L,24.0,330.73
AGUA SANITARIA SARAH 2L,74.0,330.57
DETERGENTE LIQUIDO MAXLIM MACA 2L,49.0,330.55
DESINFETANTE POLYMIX FRUTAS VERMELHAS 5L,27.0,330.55
ALVEJANTE VANISH S/CLORO WHITE 30% DESC 500ML,21.0,330.2
TIRA MANCHA VANISH PO OXI ACTION POTE 900G,4.0,330.15
DESINFETANTE OMO PISO FRESCOR DA MONTANHA 900ML,2.0,330.0
DETERGENTE LIQUIDO DONA CLARA MACA 500ML,160.0,329.96
DETERGENTE LIQUIDO LAVA BEM NEUTRO 24X500ML,9.0,329.76
LIMPADOR ESSENCIA DAYLA SOLUVEL BABY 140ML,30.0,329.38
LIMPADOR DE VIDRO PONTAL FLORAL 550ML,60.0,329.24
DESINFETANTE GOTA LIMPA JASMIM 2L,47.0,329.23
DESINFETANTE MAIS LIMPEZA TALCO 2L,64.0,329.15
DESINFETANTE SAIF KAIAK 3L,18.0,329.07
LIMPADOR PERFUMADO AQUA PLUS FLORAL 2L,30.0,328.9
SBP OMO MULTI ACAO LV1KG PG PURO 800G,22.0,328.8
LIMPADOR MULTIUSO MARILUX SUAVE MAGIA 500ML,143.0,328.58
DESINFETANTE LIMPE BEM TALCO 5L,24.0,328.34
DESINFETANTE NEVERGREY EUCALIPTO 2L,59.0,328.31
CLORO CLORIX 1L,73.0,328.07
AMACIANTE DILUIDO ECONOMICO SOFT BLUE 6X2L,7.0,328.07
DESINFETANTE PAMPA EUCALIPTO EMBALAGEM ECONOMICA 2L,47.0,328.05
DESINFETANTE BETEL MARES 2L,57.0,327.17
LIMPEZA PESADA DURATTO LIMPA PEDRAS FLASH USO DIRETO 750ML,24.0,327.02
AMACIANTE DILUIDO UNISOFT TERNURA  2L,62.0,326.51
SABAO LIQUIDO OMO PROTECAO MICELAR 900ML,18.0,325.94
DESINFETANTE LIMPEZA FELIZ CAMPESTRE 1L,101.0,325.86
DESINFETANTE MAIS LIMPEZA EUCALIPTO 2L,65.0,325.69
LIMPADOR PERFUMADO BRILHEX AZUL LINE 1L,54.0,325.66
DESINFETANTE CONDE LAVANDA 2L,63.0,325.53
AMACIANTE DILUIDO AMACIO 5L,23.0,325.27
LIMPADOR MULTIUSO VEJA ORIGINAL SPRAY P650ML L750ML,40.0,325.22
AMACIANTE DILUIDO MACIEZ SEDUCAO 2L,65.0,325.13
LIMPADOR PERFUMADO BRINORT FLORES 6X2L,10.0,324.9
ALVEJANTE UNIMIX SEM CLORO 2L,28.0,324.55
DESINFETANTE TRES BARRAS EUCALIPTO 2L,39.0,324.48
LIMPEZA PESADA BRILHOLAC LIMPA PEDRA 5L,7.0,324.22
TIRA MANCHA BRILHOLAC COM BICARBONATO 1KG,8.0,324.21
AGUA SANITARIA TOQ MAGICO 2L,54.0,324.0
LIMPADOR PERFUMADO MAXLIM TERNURA 2L,51.0,323.59
DESINFETANTE ACQUA PINHO GEL AZUL 2L,27.0,323.46
SABAO EM PO CAMPESINO ATHLETICS 2KG,19.0,323.31
DESINFETANTE BECKER FLORAL 2L,40.0,323.22
DESINFETANTE NUTRILAR ERVA DOCE 1L,78.0,323.12
DESENGORDURANTE SUPER LAR 5L,9.0,323.1
AMACIANTE DILUIDO NATURATTE AZUL 2L,51.0,323.06
AMACIANTE DILUIDO MAXIMO BRILHO ORQUIDIA  2L,53.0,322.74
LIMPADOR ESSENCIA AVIVAR EUCALIPTO 120ML,36.0,322.68
SABAO LIQUIDO ATRON LIQ 2L,36.0,322.62
SABAO EM PO JARI FLORAL 500G,115.0,322.62
DETERGENTE LIQUIDO KOKINOS LIMAO 500ML,166.0,322.51
DESINFETANTE MAXPOL GIRASSOL 500ML,153.0,322.47
LIMPADOR MULTIUSO VIM CLORO EM GEL LAVANDA 750ML,21.0,322.42
LIMPADOR PERFUMADO ETANIZ LIMPA BOLOR 1L,14.0,322.34
AGUA SANITARIA BOLTZ 1L,108.0,322.05
DESINFETANTE MONTE LAGOS 2L,43.0,322.01
DESINFETANTE CAMPESTRE CAMPESTRE 1L,76.0,321.99
DETERGENTE LIQUIDO MIL FLORES 1L,83.0,321.68
SABAO EM PO TIXAN YPE FLOR DE SOL 1KG,27.0,321.47
ALVEJANTE UTILAR SEM CLORO 1L,40.0,321.35
DETERGENTE LIQUIDO PEPY NEUTRO 500ML,132.0,321.04
LIMPADOR PERFUMADO KIMAFLOR TERNURA DE INFANCIA 2L,22.0,320.82
DESINFETANTE LIMP LAR CITRONELA 2L,60.0,320.1
AGUA SANITARIA BRILHO SOLAR 2L,41.0,320.05
SABAO LIQUIDO POSITIVA COM ESSENCIA DE LARANJA 5L,1.0,319.99
CLORO PISCINA CLOR UP DICLORO 1KG,8.0,319.92
LIMPEZA PESADA LIMPA BOLOR FIM DE OBRA 1L,11.0,319.79
SABAO LIQUIDO BOM USO COCO 1L,28.0,319.73
DETERGENTE LIQUIDO CLINEZA NEUTRO 500ML,142.0,319.68
DESINFETANTE CHEIRO BOM LAVANDA 5L,21.0,319.47
DESINFETANTE LIMPE BEM EUCALIPTO 2L,47.0,319.41
AMACIANTE DILUIDO CONFORT JUMPOL 2L,42.0,319.14
DESINFETANTE ACQUA LAVANDA GEL AZUL 2L,26.0,319.06
DESINFETANTE MAIS LIMPEZA TRADICIONAL 1L,86.0,318.97
DESINFETANTE YE PINHO GEL 500ML,29.0,318.71
DESINFETANTE CANDEIAS MARINE AZUL 2L,41.0,318.64
LIMPADOR PERFUMADO DORIGON DOCE BRISA 1L,40.0,318.58
LIMPADOR PERFUMADO AMALIA ROMANCE 500ML,108.0,318.44
DESINFETANTE CHEIRO BOM JASMIM 1L,90.0,318.41
ALVEJANTE SEMPRE VIVA SEM CLORO 5L,7.0,318.0
DESINFETANTE PURILIMP VIOLETA 2L,46.0,317.84
AMACIANTE DILUIDO BIO-KRISS RUBY 2L,56.0,317.74
AGUA SANITARIA SUPER GLOBO COM CLORO 1L,48.0,317.56
REMOVEDOR LIMP BEM TRADICIONAL 500ML,35.0,317.07
AMACIANTE DILUIDO MACIEZ TOQUE SENSACAO 2L,35.0,317.0
LIMPADOR MULTIUSO DONA CLARA LARANJA SQUEEZE 500ML,99.0,316.77
DESINFETANTE MAXPOL PINHO 500ML,65.0,316.65
LIMPADOR MULTIUSO TAQLIMPO CONCENTRADO LIMAO 2L,18.0,316.53
AMACIANTE DILUIDO KIN SOFT ROSA 2000ML,42.0,316.36
AMACIANTE DILUIDO JUMPOL CARINHO 1L,82.0,316.23
DESINFETANTE DIA A DIA CONCENTRADO LIMAO 140ML,23.0,316.06
LIMPADOR PISCINA DICLORO CLORO 10L,1.0,315.9
DETERGENTE LIQUIDO AZULIM NEUTRO 24X500ML,8.0,315.84
DESENGORDURANTE POLY EXTRA FORTE 2L,23.0,315.76
LIMPADOR PERFUMADO CASAFLOR DREAMS 12X500ML,9.0,315.58
DESINFETANTE POLYMIX EUCALIPTO 5L,24.0,315.56
REMOVEDOR KI JOIA 1L,19.0,315.55
DESINFETANTE SPOOMA CAIQUE 2L,53.0,315.43
AGUA SANITARIA VIX 1L,62.0,315.38
DETERGENTE LIQUIDO INVICTO CLEAN 24X500ML,6.0,314.88
ALVEJANTE VALOR COM CLORO ATIVO PERFUMADO 2L,28.0,314.83
LIMPADOR ESSENCIA LIMPA MAIS AROMA BEBE 120ML,39.0,314.74
LIMPADOR PERFUMADO LEVO MIL FLORES 500ML,113.0,314.65
LIMPADOR MULTIUSO CIF ANTIBAC GTS 20% 500ML,54.0,314.63
DESINFETANTE ESSENCIAL 1L,42.0,314.58
SABAO EM PO URCA MAXX COCO BRANCAS E COLORIDAS 500G,80.0,314.5
LIMPADOR PERFUMADO BRILHA SUL ROXO 1L,38.0,314.38
SBPO OMO TOQUE DE COMFORT ALOE VERA CM CX PP 500G,18.0,314.33
LIMPADOR DE VIDRO MIL TRADICIONAL 500ML,87.0,314.29
AGUA SANITARIA GBOA 2L,82.0,314.18
LIMPADOR PERFUMADO CASA E PERFUME PASSIONE 12X1L,3.0,314.16
AMACIANTE DILUIDO ACQUAZUL CARINHO 2L,45.0,314.1
LIMPADOR PERFUMADO CASAFLOR BRASILIDADES CAJU 12X500ML,9.0,313.71
DESINFETANTE AROMAX JASMIM 500ML,127.0,313.43
DESINFETANTE TUPA LAVANDA 2L,43.0,313.37
SABAO LIQUIDO BRASQUIL COCO 5L,11.0,312.93
SABAO EM PO AMACITEL ALEGRES ENCANTOS 2KG,23.0,312.73
DESINFETANTE DAFLOR PASTA DE PINHO 500ML,58.0,312.44
LIMPADOR MULTIUSO KI JOIA LIMAO SQUEEZE 500ML,76.0,312.32
SABAO EM PO ADO SACHE 800G,38.0,312.28
DESINFETANTE LIMPA BEM KAIAK 5L,23.0,311.87
DESINFETANTE DEALER LAVANDA 5L,24.0,311.76
"AMACIANTE DILUIDO SONHO LAVANDA GARRAFA 6X1,5L",6.0,311.64
AMACIANTE DILUIDO NATURATTE AMARELO 2L,47.0,311.64
OMO LAVAGEM PERFEITA 400G,29.0,311.54
LIMPADOR PERFUMADO BLUE BOM LAVANDA 500ML,80.0,311.43
AMACIANTE DILUIDO ORIENTAL AMOR 500ML,116.0,311.19
DESINFETANTE SOL MARINE 1L,92.0,311.1
SABAO LIQUIDO L.L LIMPEZA PROFUNDA 2L,16.0,311.0
AGUA SANITARIA LIMPLEX GALAO 5L,31.0,310.95
ALVEJANTE DORIGON SEM CLORO MAX PODER O2 400G,16.0,310.56
AMACIANTE DILUIDO ROUPAS FLORES CAMPO DORIGON 5L,17.0,310.34
DETERGENTE LIQUIDO MAZA NEUTRO 500ML,154.0,310.33
AGUA SANITARIA NUTRILAR 5L,22.0,310.14
CLORO MARINA 1L,82.0,310.07
SABAO EM PO KLIP ORIGINAL 500G,90.0,310.0
DESINFETANTE TRIEL FLORAL 5L,27.0,309.99
AMACIANTE DILUIDO YPE CARINHO AMARELO 2L,32.0,309.49
"SABAO EM PO OMO LAVAGEM PERFEITA 3,2KG",9.0,309.47
AGUA SANITARIA ITO MULTI USO VD 1L,69.0,308.43
DESINFETANTE VOREL LAVICS LAVANDA 5L,14.0,308.28
AMACIANTE CONCENTRADO UAU LAVANDA E FRESCOR 12X1L,2.0,308.04
CLORO ABC 1L,62.0,307.78
DESINFETANTE AROMAX LEITOSO EUCALIPTO 2L,42.0,307.78
DESINFETANTE DEION CANELA 5L,13.0,307.73
DESINFETANTE ABA PLUS LAVANDA 1L,86.0,307.1
SBPO OMO PURO CUIDADO L1KP900G 1000G,17.0,306.63
AMACIANTE DILUIDO NOVO REINO TERNURA 5LT,15.0,306.23
DESINFETANTE PROLAR SENSACOES 2L,54.0,306.18
SABAO LIQUIDO BRILUX TRI ACAO REF 12X700ML,4.0,305.94
AMACIANTE DILUIDO CANDEIAS AZUL TOQUE DE CARINHO 1L,58.0,305.94
AMACIANTE CONCENTRADO GIRANDO SOL AMARELO 1L,17.0,305.83
AMACIANTE DILUIDO DULAGO 2L,49.0,305.83
LIMPEZA PESADA BRILHOLAC ALTA PERFORMACE 500ML,27.0,305.79
DESINFETANTE SUPER LIMPO FLORAL 2L,41.0,305.76
SABAO LIQUIDO UAU ROSAS SEDUCAO 4X3L,4.0,305.72
ALVEJANTE NUTRILAR SEM CLORO WHITE 1L,54.0,305.68
LIMPADOR DE VIDRO SCOTCH-BRITE LIMPA TELA + FLANELA 100ML,9.0,305.63
DESINFETANTE PURE FRESH LAVANDA 5L,21.0,305.51
AMACIANTE DILUIDO MACIEZ SENSACAO 2L,61.0,305.46
DESINFETANTE FLORANTE EUCALIPTO 2L,72.0,305.32
DETERGENTE LIQUIDO OESTE COCO 24X500ML,8.0,305.28
DETERGENTE LIQUIDO ITO NEUTRO 5L,12.0,305.2
DESINFETANTE MAGIC JASMIM 2L,44.0,305.03
AMACIANTE DILUIDO CLASSY 2L,37.0,304.9
DESINFETANTE SUPER LIMPO LAVANDA 2L,41.0,304.87
DESINFETANTE DORIGON FLORAL 5L,16.33333,304.82
LIMPADOR PERFUMADO ATRIUS FELICIDADE 1L,50.0,304.7
DESINFETANTE GAROTO LIMAO 1L,81.0,304.33
AMACIANTE DILUIDO BAH CARINHO  2L,37.0,304.03
LIMPADOR PERFUMADO AMALIA NATUREZA 500ML,104.0,303.98
DESINFETANTE VIOL EUCAPILTO 2L,46.0,303.78
DETERGENTE LIQUIDO MILAO COCO 500ML,27.0,303.72
SBL ARIEL POWER 2000ML,6.0,303.54
LIMPADOR ESSENCIA PEREIRA CITRONELA 200ML,20.0,303.21
LIMPADOR MULTIUSO QBOA MACA VERDE 12X500ML,8.0,302.94
DESINFETANTE DESOLIMP PALMARES 2L,59.0,302.81
AGUA SANITARIA POLISOL 1L,97.0,302.36
DESINFETANTE ARCHOTE PINHO 500ML,102.0,302.35
DESINFETANTE LIMPISSIMO TALCO 2L,57.0,302.29
DESINFETANTE TUPA FLORAL 2L,41.0,302.26
DESINFETANTE JUMPOL CONFORT 2L,38.0,302.26
LIMPADOR PERFUMADO FORTT LAVANDA 2L,48.0,302.24
SABAO LIQUIDO CLARUS ALOE VERA 1L,37.0,302.21
SABAO LIQUIDO BECKER LAVA ROUPAS POUCH 900ML,38.0,301.93
SABAO LIQUIDO BRASQUIL AZUL 5L,11.0,301.85
AMACIANTE DILUIDO MONTE LAGOS PEROLAS 2L,39.0,301.77
ALVEJANTE COMPRE CERTO LIQUIDO 2L,19.0,301.71
AMACIANTE DILUIDO AQUAFAST JARDIM FLORIDO  6X2L,7.0,301.56
SABAO LIQUIDO RADIANTE ESPECIAL SUAVE 500ML,31.0,301.55
SABAO LIQUIDO SAIF GLICERINA 5L,8.0,301.21
LIMPEZA PESADA EFICAZ ACIDO MURIATICO 1L,51.0,301.21
DESINFETANTE CANDEIAS CITRUS VERDE 2L,38.0,301.04
ALVEJANTE BARRIGA VERDE COM CLORO ANTIMOFO 2L,14.0,300.91
DESENGORDURANTE BYT S LIMPA FORNO GT 500ML,18.0,300.68
DESINFETANTE SUPER MAX LAVANDA 2L,50.0,300.1
DETERGENTE LIQUIDO NIDA NEUTRO 500ML,143.0,299.96
DESINFETANTE LIMPE BEM FLORES DO CAMPO 5L,23.0,299.62
CLORO LIMPLEX HIPOCLORITO DE SODIO 5L,15.0,299.58
SABAO LIQUIDO BELLA CLEAN CARIBUN 1 5L,10.0,299.41
DESINFETANTE TOCK TALCO 5L,18.0,299.24
DESINFETANTE LIMPA BEM EUCALIPTO 5L,22.0,299.18
DESINFETANTE CLORAX LAVANDA 5L,19.0,299.02
AMACIANTE CONCENTRADO YPE PINK SC REFIL 1L,7.0,298.93
DETERGENTE LIQUIDO FC PET LIMAO 24X500ML,7.0,298.77
DESINFETANTE TALIMPO LAVANDA BABY 2L,32.0,298.73
SABAO EM PO BRILHANTE LIMPEZA TOTAL SACHE 1600G,16.0,298.64
DETERGENTE LIQUIDO PEPY LIMAO 500ML,123.0,298.59
SABAO LIQUIDO EXIGENTE INOVATION GREEN 5L,12.0,298.55
LIMPADOR PERFUMADO KIMAFLOR ROSAS INGLESAS 2L,20.0,298.16
LIMPEZA PESADA ANTAR PLUS 2L,10.0,297.4
DESINFETANTE NOVO REINO 5L,19.0,297.25
AMACIANTE DILUIDO ONLY 2L,47.0,297.03
AMACIANTE CONCENTRADO YPE PINK SACHE 500ML,31.0,297.02
SABAO EM PO TIXAN YPE SENSACOES SC 500G,63.0,296.98
DETERGENTE LIQUIDO SUPER LIMPO NEUTRO 500ML,144.0,296.97
DETERGENTE LIQUIDO MAIS VOCE CLEAR 500ML,146.0,296.82
DESINFETANTE PONTAL LAVANDA 5L,15.0,296.79
LIMPADOR ESSENCIA AROMAX TALCO 100ML,43.0,296.77
LAVA ROUPAS PO INVICTO 1KG SUPERACAO,30.0,296.7
ALVEJANTE LIMBEL EM GEL SEM CLORO 5L,20.0,296.64
AGUA SANITARIA NATHAN GALAO 5L,20.0,296.54
DETERGENTE LIQUIDO MAXLIM LIMAO 2L,44.0,296.39
LIMPADOR MULTIUSO BIOZ GREEN ERVA DOCE 470ML,28.0,296.33
LIMPADOR PERFUMADO YSO FOLHAS DE BAMBU 500ML,71.0,296.31
"AMACIANTE DILUIDO MON BIJOU HARMONIA LV2L PG1,8L",26.0,296.2
LIMPADOR DE VIDRO BRILHEX 500ML,69.0,296.14
DETERGENTE LIQUIDO MULTI JOB JOB CLEAR 500ML,167.0,295.97
DESINFETANTE FEROZ LAVANDA 5L,22.0,295.93
LIMPADOR PERFUMADO SO LIMPE BRISA 500ML,55.0,295.74
AMACIANTE DILUIDO KADAN AZUL 2L,37.0,295.63
ALVEJANTE SUPER GLOBO COM CLORO MULTIUSO 1L,60.0,295.6
DETERGENTE LIQUIDO TOP LUX LIMAO 2L,39.0,295.54
SABAO LIQUIDO BRASQUIL COCO 2L,21.0,295.44
CLORO ALFA 2LT,41.0,294.97
LIMPEZA PESADA USE LIMPA PEDRA 2L,15.0,294.75
LIMPADOR MULTIUSO SANOL PRO UNIVERSAL 1L,13.0,294.5
LIMPEZA PESADA LOOK LIMP PINHO GEL 2L,21.0,294.44
LIMPADOR ESSENCIA BELLO AROMA ALGAS MARINHAS 140ML,21.0,294.25
AGUA SANITARIA BEM TE VI CLORO ATIVO GARRAFA 12X1L,11.0,293.88
ALVEJANTE SUPER BRANCO SEM CLORO SUPER BRANCO 2L,15.0,293.59
CLORO LIQUIDO LIMPINHA FC1LT,34.0,293.56
DESINFETANTE BLUE BOM FLORAL 2L,47.0,293.48
DETERGENTE LIQUIDO LIMP LAR LIMAO 2L,33.0,293.36
LIMPADOR PERFUMADO BRILHOLAC COM ALCOOL LAVANDA 1L,24.0,293.32
LIMPADOR ESSENCIA GIORNO SUPERFICIE FLOR LARANJEIRA 120ML,13.0,292.84
SABAO EM PO OMO PURO CUIDADO 20X800G,1.0,292.76
DESINFETANTE SANOL FORCA BRUTA ORIGINAL 5L,7.0,292.66
SABAO LIQUIDO BARRIGA VERDE GLICERINA 2L,10.0,292.62
AMACIANTE DILUIDO TOKE SUAVE ROSA 5L,24.0,292.59
DESINFETANTE SPOOMA DAMA DA NOITE 2L,48.0,292.51
AMACIANTE DILUIDO CANDEIAS AZUL 5L,14.0,292.5
CLORO LISTAL 1LTO,61.0,292.49
"SABAO LIQUIDO BEM TE VI PERFUME DAS FLORES 4X2,7L",18.0,292.42
LIMPADOR ESSENCIA AVIVAR TALCO 120ML,33.0,292.29
AMACIANTE CONCENTRADO DOWNY PERF COLLEC PASSION 1L,10.0,291.9
AGUA SANITARIA LAVANDEX GALAO 5L,23.0,291.77
DESINFETANTE COALA CONCENTRADO LAVANDA 3EM1 120ML,36.0,291.77
DESINFETANTE MARILUX FLORAL 1L,91.0,291.58
LIMPEZA PESADA BARBAREX PEDRAS 5L,8.0,291.52
SABAO LIQUIDO ALPES BLUE 500ML,58.0,291.5
AMACIANTE CONCENTRADO AQUAFAST ROMANCE 500ML,27.0,291.27
ALGICIDA MANUTENCAO CLOR UP 1LT,12.0,291.16
DESINFETANTE ATALAIA 2L,45.0,291.11
AMACIANTE DILUIDO DU REI FLORES E ROSAS 2L,48.0,290.82
LIMPADOR DE VIDRO MUI BOM 500ML,55.0,290.52
LIMPADOR DE VIDRO LUBSIL 500ML,26.0,290.5
DESINFETANTE CANDEIAS FLORAL 2L,36.0,290.46
AMACIANTE DILUIDO TOQUE DE CARINHO AZUL 2L,38.0,290.44
DETERGENTE LIQUIDO POLIAL NEUTRO 24X500ML,10.0,290.4
AMACIANTE DILUIDO LIMPEX AZUL 5L,21.0,290.25
LIMPADOR PERFUMADO LIMBEL LAVANDA 2L,23.0,290.16
DESINFETANTE SELUQ FLORES 2L,47.0,289.73
DESINFETANTE INFLUX CAMPESTRE 2L,49.0,289.6
DESINFETANTE MAXIMO PRIMAVERA 2L,52.0,289.48
CLORO 1L CASA LIMP,58.0,289.38
AGUA SANITARIA WARLIKE 2L,52.0,289.37
ALVEJANTE MARASCHIN SEM CLORO MULTIUSO 2L,20.0,289.29
SABAO EM PO BEM TE VI JASMIM SACHE 500G,94.0,289.23
SABAO LIQUIDO COQUEL COCO 12X500ML,2.0,289.2
DESENGORDURANTE URCA MAXX 500ML,97.0,289.13
LIMPADOR PET POLY DOG ELIMINADOR DE ODORES 2L,22.0,288.96
AMACIANTE DILUIDO QBOA MACIEZ COM HARMONIA 500ML,55.0,288.76
DESINFETANTE BELA FAMILIA PINHO 5L,25.0,288.35
LIMPADOR DE VIDRO DORIGON 500ML,45.0,288.08
SABAO LIQUIDO MM QUIMICA TRADICIONAL 5L,9.0,288.07
LIMPADOR PERFUMADO CASAFLOR BRASILIDADES GRAVIOLA 6X1.75L,6.0,287.94
LIMPADOR MULTIUSO TAQLIMPO CONCENTRADO EMOCOES 2L,18.0,287.9
REMOVEDOR DE CERAS BLUMENAU 700 ML,17.0,287.83
SABAO EM PO BRILHANTE LV1.6KG PG1.450G SC LIMPEZA TOTAL,12.0,287.56
LIMPADOR PERFUMADO UAU BAMBU LV500ML PG400ML 500ML,48.0,287.52
LIMPADOR MULTIUSO AQUAFAST CHA BRANCO SQUEEZE 1L,33.0,287.48
DESINFETANTE MAIS LIMPEZA TALCO 1L,78.0,287.48
LIMPADOR MULTIUSO BIOWASH EUCALIPTO 1L,6.0,287.4
DETERGENTE LIQUIDO MIL FLORES NEUTRO 500ML,165.0,287.23
DESINFETANTE LAVANDEIRA MARINE 2L,56.0,287.21
DESINFETANTE ASTOLLI EUCALIPTO 2L,49.0,287.21
AMACIANTE DILUIDO CAMPESTRE BABY 5L,19.0,287.07
ALVEJANTE LOOK LIMP SEM CLORO 5L,12.0,286.8
AGUA SANITARIA RICLEY 2L,39.0,286.76
ALVEJANTE HR SEM CLORO 1L,18.0,286.73
AMACIANTE DILUIDO REAL FRESCOR DO CAMPO 2L,37.0,286.58
AMACIANTE CONCENTRADO COMFORT LAVANDA 500ML,18.0,286.56
DETERGENTE LIQUIDO FUZETTO NEUTRO 500ML,120.0,286.5
LIMPADOR ESSENCIA DAYLA BAMBU 140ML,29.0,286.44
AMACIANTE DILUIDO ASTOLLI NATUREZA 2L,42.0,286.38
DESINFETANTE BAH CITRUS 5L,15.0,286.06
DESINFETANTE CASA DA LIMPEZA PALMI 2L,36.0,286.04
SABAO LIQUIDO USE CERA SILICONE 2L,15.0,285.85
DESINFETANTE PINHO SOL ORIGINAL L500 P400ML,29.0,285.75
DESINFETANTE TOCK LAVANDA 2L,37.0,285.74
LIMPADOR ESSENCIA ESSENCES CITRONELA 120ML,27.0,285.7
DETERGENTE LIQUIDO ATUALY NEUTRO 5L,19.0,285.5
DESINFETANTE LIMP LAR PALMAS 2L,53.0,285.13
DESINFETANTE CASA CRUZ SENSACOES 2L,54.0,285.12
DESINFETANTE BOM USO FLORAL 2L,43.0,285.12
DETERGENTE LIQUIDO BIANCOLL NATURAL 2L,29.0,285.04
LIMPADOR PERFUMADO BRINORT ROMANCE 6X2L,10.0,285.0
DETERGENTE LIQUIDO ATUAL NEUTRO 500ML,179.0,284.81
AMACIANTE DILUIDO FC 500ML,120.0,284.64
DETERGENTE LIQUIDO CASA CRUZ MACA 500ML,180.0,284.4
AMACIANTE DILUIDO LIMP LAVANDA 2L,26.0,284.18
SABAO EM PO TUFF LIMPEZA 2KG,14.0,284.17
AMACIANTE DILUIDO MON BIJOU PRIMAVERA 2L,28.0,283.84
LIMPADOR PET VEJA PETS ELIMINADOR ODORES CITRUS 2L,11.0,283.83
LIMPADOR PERFUMADO VEJA PERFUMES AROMA SENSE EUFORIA 500ML,32.0,283.8
DESINFETANTE POLITRIZ CITRUS 500ML,111.0,283.77
DETERGENTE LIQUIDO CASA LIMPA NEUTRO 2L,26.0,283.77
AMACIANTE DILUIDO CATARINA SEDUCAO 5L,12.0,283.64
DETERGENTE LIQUIDO AYLAG CLEAR 500ML,142.0,283.58
DETERGENTE LIQUIDO AGEX NEUTRO 5L,21.0,283.29
DESINFETANTE SPOOMA TITANIC 2L,46.0,282.66
DESINFETANTE VIWACE PINHO 1L,81.0,282.32
DETERGENTE LIQUIDO SELUQ ANIS 2L,46.0,282.14
DETERGENTE LIQUIDO CLINEZA NEUTRO 5L,13.0,281.87
DESINFETANTE NOVO LAR 2L,41.0,281.82
AMACIANTE CONCENTRADO BECKER CONCENT FLORES DO JARDIM 1L,17.0,281.7
LIMPADOR ESSENCIA AROMATEC PALMER 120ML,31.0,281.69
DETERGENTE LIQUIDO ATTO COCO 2L,34.0,281.54
LIMPADOR PERFUMADO SEMPRE LIMPO FLORES 200ML,74.0,281.28
AMACIANTE CONCENTRADO FOFO  AZUL REFIL 900ML,16.0,281.16
AMACIANTE DILUIDO CENAP PRIMAVERA ROSA 2L,34.0,281.13
"SABAO EM PO TIXAN YPE MACIEZ CX 9XLV1,6KG PG1,52KG",2.0,280.8
CLORO ENCOPEL 2LT,23.0,280.77
CLORO STAR 5  5L,6.0,280.73
LIMPADOR PERFUMADO CASA E PERFUME SENSUALIDADE 6X2L,3.0,280.62
LIMPADOR MULTIUSO DESODOR 3 EM 1 FLORAL 500ML,70.0,280.42
LIMPADOR PERFUMADO YSO LAVANDA 500ML,110.0,280.31
DESINFETANTE MUNDIAL STIME 2L,48.0,280.22
DESINFETANTE DLM IGUATEMI 2L,48.0,280.19
LIMPADOR ESSENCIA SENALANDIA KANIAK 140ML,31.0,280.03
LAVA ROUPA PO OMO LAVAG PERFEITA SANIT 2.2KG,7.0,279.93
CLORO GRANULADO DONCLOR 10KG,1.0,279.9
DESINFETANTE CASA CRUZ FLORES DE LAVANDA 2L,53.0,279.84
DESINFETANTE QUALYBRILL TALCO 2L,56.0,279.83
DESINFETANTE CLINEZA AGUA MARINHAS 2L,22.0,279.78
AMACIANTE DILUIDO GIRANDO SOL AMARELO 6X2L,6.0,279.72
SABAO EM PO ESPUMIL FLORES SC 1KG,58.0,279.58
LIMPADOR ESSENCIA AROMAX CITRONELA FRESH 100ML,39.0,279.39
SABAO EM PO TIXAN YPE MACIEZ CX 24X500G,2.0,279.36
DETERGENTE LIQUIDO MAXIMO BRILHO LIMAO 500ML,137.0,279.25
DESINFETANTE ROSAMAX 2L,43.0,279.23
DESINFETANTE PAMPA MARINE EMBALAGEM ECONOMICA 2L,38.0,279.02
SABAO LIQUIDO LIMPEBEM OUTONO 2L,25.0,279.02
LIMPADOR PERFUMADO LIMPE BEM C/ALCOOL ALADIN 2L,22.0,278.96
DESINFETANTE KEDNA PINHO GEL 1L,35.0,278.93
SABAO LIQUIDO RICLEY SOFT 2L,29.0,278.81
DETERGENTE LIQUIDO FLORESTA DA SERRA COCO 2L,36.0,278.8
DESINFETANTE BIG SOFT MARINE 5L,21.0,278.69
LAVA ROUPAS LIQ ARIEL 3EM1 3LT,6.0,278.65
DESINFETANTE TOP LIMPO CAPIM CHEIROSO 2L,29.0,278.64
DESINFETANTE COALA EUCALIPTO GLOBULOS 140ML,20.0,278.57
DESINFETANTE PINHO SOL CITRUS LARANJA 500ML,31.0,278.53
AMACIANTE DILUIDO LIMPEZA FELIZ EMOCAO 500ML,87.0,278.33
DETERGENTE LIQUIDO SEQUINEL NEUTRO 5L,13.0,278.28
LAVA ROUPAS PO INVICTO 500G SUPERACAO,65.0,278.23
ALVEJANTE SEMORIN SEM CLORO TRADICIONAL POWER REFIL 900ML,22.0,278.18
DETERGENTE LIQUIDO GOTA LIMPA NEUTRO 24X500ML,8.0,278.04
"DET. PO ASSIM TRIPLACAO EMB. ECONOMICA 1,9KG",18.0,277.74
DESINFETANTE G.POL FLORAL 2L,53.0,277.54
DESINFETANTE ROSAMAX AMORE 2L,40.0,277.5
AMACIANTE DILUIDO ECONOMICO SOFT ROSE 24X500ML,5.0,277.27
DESINFETANTE KILIMPEX EUCALIPTO 1L,68.0,277.23
SABAO EM PO APYCE MULTIACAO SACHE 5X4KG,5.0,277.23
DESINFETANTE NUTRILAR LAVANDA 2L,34.0,277.17
DETERGENTE LIQUIDO CHEIRO PLUS MACA 2L,40.0,277.16
AMACIANTE DILUIDO ECONOMICO ALOE VERA 6X2L,37.0,277.16
SABAO LIQUIDO PURE FRESH MULTIACAO 3L,12.0,277.1
CLORO FORT SHERON 1L,44.0,276.8
KIT EDUCADOR SANITARIO PET CLEAN XIXI STOP 500ML+ AQUI30ML,11.0,276.63
CLORO MEGA CLORO 2L,53.0,276.58
DESINFETANTE POLITRIZ ORQUIDEA 2L,48.0,276.52
DESINFETANTE KILIMPEX CAMPESTRE 2L,39.0,276.26
DESINFETANTE ACQUA MARINE 2L,37.0,276.24
ALVEJANTE TREVO SEM CLORO EM SACHE 5L,9.0,276.0
DETERGENTE LIQUIDO ANTARES NEUTRO 2L,24.0,275.91
DESINFETANTE NOVO TALCO 2L,57.0,275.78
AGUA SANITARIA VALOR 2L,127.978,275.57
CLORO DACLOR EM GEL LIMAO 1L,19.0,275.47
CLORO CORDEX 1L,56.0,275.44
DESINFETANTE REAL MIX DE FLORES 2L,43.0,275.42
SABAO EM PO BOLT 800G,29.0,275.35
AMACIANTE DILUIDO PERFECT PETALAS 2L,35.0,275.35
LIMPADOR PERFUMADO BRILHO PRATICO IGUATEMI 1L,82.0,275.28
AGUA SANITARIA ITALAR 2L,57.0,275.23
AGUA SANITARIA CASA LIMPA 5L,19.0,274.72
LIMPADOR PERFUMADO VEJA PERFUMES LAVANDA 2L,14.0,274.71
LIMPADOR PET PET MANIA CONCENTRADO EUCALIPTO 140ML,22.0,274.69
DESENGORDURANTE LIMPOL COZINHA SQUEEZE 12X500ML,3.0,274.68
REMOVEDOR ARES 1L,22.0,274.58
AMACIANTE DILUIDO CANDURA LAVANDA GARRAFA 6X2L,7.0,274.56
AGUA SANITARIA ATIVUS 5L,23.0,274.42
LIMPADOR PERFUMADO BREEZE PRAZER EM ESTAR 2L,55.0,274.36
SBPO OMO SUPER ROUPA COL 800G,19.0,274.36
DETERGENTE LIQUIDO ATTO CRISTAL 2L,34.0,274.08
SABAO EM PO BEM TE VI LAVANDA 200G,115.0,274.05
AMACIANTE DILUIDO CLASSY ROSA CARINHO 2L,36.0,273.9
DETERGENTE LIQUIDO ELLY CLEAN 500ML,160.0,273.82
DESINFETANTE MEGA CLEAN EUCALIPTO 2L,44.0,273.66
LIMPADOR DE VIDRO LUBSIL GATILHO 500ML,20.0,273.52
LIMPADOR MULTIUSO TOP VEGAN ERVA DOCE 500ML,27.0,273.43
LIMPADOR MULTIUSO ASCERTE CLASSICO 500ML,83.0,273.17
SABAO EM PO ECONOMICO FLOR DE LARANJEIRA 200G,169.0,272.98
DETERGENTE LIQUIDO SHERON MACA 2L,38.0,272.91
SABAO EM PO AMACITEL ALEGRES ENCANTOS 24X400G,3.0,272.88
TIRA MANCHA UTILAR WHITE COM CLORO 450ML,18.0,272.82
DESINFETANTE KILIMPEX IGUATEMI 2L,37.0,272.63
DESINFETANTE LIMPISSIMO PINHO 2L,53.0,272.53
AMACIANTE DILUIDO TRIUNFO DOCE ACONCHEGO 2L,36.0,272.52
AGUA SANITARIA LIMPAO 1L,102.0,272.24
LIMPADOR PERFUMADO FORTT FLORAL 2L,47.0,272.2
AMACIANTE DILUIDO Q OTIMO CONFORTO 2L,44.0,272.04
SABAO EM PO GIRANDO SOL OPTICAL WASH FLORAL PARIS 25X800G,2.12,271.37
DESINFETANTE TAQLIMPO TALCO 2L,33.0,271.01
LIMPADOR ESSENCIA LIMPA MAIS JASMIM 100ML,40.0,270.9
DETERGENTE LIQUIDO LIMPA BEM CRISTAL 2L,43.0,270.89
LIMPADOR MULTIUSO LIMPOL MULTIUSO AZUL E LARANJA 12X500ML,84.0,270.58
DESINFETANTE VIDA NOVA EUCALIPTO 2L,42.0,270.47
DETERGENTE LIQUIDO SUPER UTIL NEUTRO 1L,97.0,270.45
DETERGENTE LIQUIDO CRISTAL NEUTRO 2L,42.0,270.41
DESINFETANTE PINHO TROP ANTIBAC 2L,17.0,270.28
LIMPADOR PERFUMADO LIMBEL LIRIOS 2L,22.0,270.14
DESINFETANTE TEIU FLORAL 3X5L,5.0,269.85
DESINFETANTE SPOOMA LAVANDA 2L,43.0,269.83
SABAO EM PO BLUE UP COCO 500G,35.0,269.65
DETERGENTE LIQUIDO SAMAR NEUTRO 5L,19.0,269.54
AMACIANTE DILUIDO NASCENTE 5L,11.0,269.38
AMACIANTE CONCENTRADO DEOLINE CONFORTO E DELICADEZA 500ML,37.0,269.33
AMACIANTE DILUIDO ATALAIA 1L,53.0,269.3
SABAO LIQUIDO BOLT ORIGINAL 3L,9.0,269.1
SABAO EM PO ACE ERVA DOCE 1KG,32.0,269.07
DESINFETANTE POLYMIX FRUTAS VERMELHAS 2L,47.0,269.05
CLORO CLEAN VALE 4 KG MULTIPLA ACAO,4.0,268.99
DESINFETANTE VIM CLORO GEL 5L,3.0,268.88
DESINFETANTE BIG SOFT PINHO 5L,19.0,268.79
AMACIANTE DILUIDO MEGA CLEAR ROSA 5L,20.0,268.7
ALVEJANTE LOOK LIMP SEM CLORO 2L,27.0,268.31
AMACIANTE CONCENTRADO LEVO FOFURA 2L,36.0,267.98
DETERGENTE LIQUIDO ATTIVO LIMAO 5L,12.0,267.5
ALVEJANTE LIMBEL PERFUMADO 2L,39.0,267.41
LIMPADOR PERFUMADO YSO FLORAL 500ML,104.0,267.37
SABAO LIQUIDO QUALYBRILL VERDE 2L,33.0,267.3
SABAO EM PO PO SURF SANITIZANTE CUIDADO DO COCO 2.4KG,12.0,267.28
DESINFETANTE TOP CLEAR CAPIM LIMAO 1L,89.0,267.21
ALVEJANTE HR CLORADO 2L,17.0,267.2
LIMPADOR ESSENCIA LIMPA MAIS JASMIM 120ML,32.0,267.11
AMACIANTE DILUIDO PAMPA CHEMICAL FLORAL 2L,41.0,267.09
ALVEJANTE TOP LIMPO SEM CLORO BRANQUEADOR 1L,51.0,267.01
DESINFETANTE KIMAFLOR PINHO FRESH 5L,13.0,266.77
DESINFETANTE NEVERGREY MARESIA 2L,48.0,266.52
DETERGENTE LIQUIDO REAX EM GEL COCO 510ML,30.0,266.48
DETERGENTE LIQUIDO DAS NEVES NEUTRO 500ML,126.0,266.16
AMACIANTE CONCENTRADO SONHO SENSUAL GARRAFA 12X500ML,7.0,266.07
DESINFETANTE LIMPEMAX FLORAL 5L,27.0,265.98
LIMPADOR PERFUMADO KIMAFLOR ROSAS INGLESAS 500ML,51.0,265.64
LIMPADOR PERFUMADO DESODOR HARMONIA 500ML,67.0,265.6
CLORO REAL 2LT,28.0,265.28
DETERGENTE LIQUIDO CONDE MACA 500ML,151.0,265.09
DESINFETANTE CHEIRO PLUS ESTRELAR 2L,50.0,265.0
SABAO LIQUIDO UFE COCO 1L,16.0,264.8
SABAO EM PO REAL 1KG,24.0,264.68
DETERGENTE LIQUIDO INCOLIMP LIMAO 1L,52.0,264.68
LIMPADOR MULTIUSO HIPERCLEAN LENCO LAVANDA 12UN,20.0,264.38
DESINFETANTE LOOK LIMP ALGAS 2L,41.0,264.32
LIMPEZA PESADA HARMONIEX LIMPA PEDRAS 2L,14.0,264.23
LIMPEZA PESADA OXILIMP DESINCRUSTANTE ALCALINO 300G,6.0,263.94
SABAO LIQUIDO BECKER MAIS EKONOMICO BB 3L,18.0,263.88
DESINFETANTE KALIPTO PINHO 750ML,56.0,263.74
DETERGENTE LIQUIDO MAXIMO BRILHO MACA 500ML,128.0,263.74
CLORO LIMP FORT ATIVO 1L,35.0,263.65
LIMPADOR PERFUMADO ESTRELA LIRIO DO VALE 500ML,65.0,263.56
LIMPADOR MULTIUSO SUPER CANDIDA TRADICIONAL 500ML,65.0,263.45
DETERGENTE LIQUIDO LIMPA TUDO LIMAO 2L,38.0,263.43
DESINFETANTE KILIMPEX CAMPESTRE 1L,64.0,263.4
ALVEJANTE DENGO SEM CLORO 5L,9.0,263.39
CLORO CLARIX 2L.,31.0,263.19
"CLORO Q OTIMO LIQUIDO 3,5 % 2L",36.0,263.16
LIMPEZA PESADA PRATICE LARANJA 500ML,49.0,263.01
AMACIANTE DILUIDO SOLIMPE FLORAL ROSA 2L,48.0,262.92
AMACIANTE DILUIDO YPE HARMONIA 2L,22.0,262.78
AGUA SANITARIA IGUAL GF 2L,75.0,262.59
DETERGENTE LIQUIDO LIMPA TUDO MACA 2L,38.0,262.36
LIMPADOR PERFUMADO SOLIMPE LAVANDA 2L,42.0,262.12
LIMPADOR PERFUMADO MR POLO PINHO 5L,17.0,261.83
LIMPEZA PESADA LOURO LIMPA PEDRA 5L,10.0,261.69
EDUCADOR PET BE DOG PIPI NAO PODE 520ML,15.0,261.59
DESINFETANTE BE ORQUIDEA 2L,48.0,261.52
DESINFETANTE MAX LAVANDA 2L,39.0,261.48
DESINFETANTE KOKINOS ALFAZEMA 2L,38.0,261.1
AMACIANTE DILUIDO REAL TERNURA 1L,53.0,261.08
ALVEJANTE GOTALIM CONCENTRADO 1L,40.0,260.89
DESINFETANTE PRATIC LAR CITRUS 800ML,50.0,260.86
SABAO EM PO LIMPADUA 1KG,47.0,260.85
"DESINFETANTE EDILIMP LAVANDA 3,75L",21.0,260.53
AMACIANTE CONCENTRADO COMFORT INTENSE DETOX  FRASCO 1L,13.0,260.48
AGUA SANITARIA TRIUM 1L,94.0,260.45
EDUCADOR SANITARIO PERRO CASADINHO 2UN,10.0,260.26
DETERGENTE LIQUIDO RICLEY MACA 5L,14.0,260.14
DETERGENTE LIQUIDO CANDEIAS CLEAR 500ML,127.0,260.05
AMACIANTE DILUIDO ESTRELA DE RONDONIA CHERRY 5L,13.0,259.87
DESINFETANTE TOP MIL TALCO 2L,35.0,259.85
ALGICIDA CHOQUE CRIS AGUA 5 LT,2.0,259.8
SABAO LIQUIDO POSITIVA COM ESSENCIA DE LARANJA 1L,4.0,259.78
SABAO LIQUIDO AGEX PODER MAGIA 5L,13.0,259.47
SABAO LIQUIDO CLEAN COCO 2L,17.0,259.25
SABAO LIQUIDO GLIMP 2L,33.0,259.17
DESINFETANTE CASA CRUZ ROSAS DO CAMPO 2L,49.0,258.72
LIMPADOR ESSENCIA LIMPA MAIS DAMA DA NOITE 120ML,31.0,258.47
DESINFETANTE GAROTO FLORAL 1L,66.0,258.42
DESINFETANTE ESFRELUX ALGAS MARINHAS 500ML,80.0,258.29
AMACIANTE DILUIDO BRILHO SOLAR BABY 5L,20.0,257.8
DETERG LIQ OMO TOQ DE COMF PURO CUIDA CX 4X3L,6.0,257.4
REMOVEDOR ETANIZ LIMPA TUDO GRAXA E TIRA MANCHAS 1L,10.0,257.09
DETERGENTE LIQUIDO MIL FLORES SELECT FRESH 500ML,152.0,256.4
SABAO EM PO GIRANDO SOL FLORAL 5KG,9.0,256.16
LIMPADOR PERFUMADO LIMPOL PETALAS 1L,27.0,256.11
DETERGENTE LIQUIDO PRO LAR NEUTRO 500ML,129.0,256.07
DETERGENTE LIQUIDO PAMPY LIMAO 5L,19.0,256.06
CLORO SELUQ 1LT,67.0,255.93
DESINFETANTE SUPER LIMPO PINHO 2L,36.0,255.85
DESINFETANTE GBEL LAVANDA 500ML,64.0,255.72
DETERGENTE LIQUIDO USE 2L,42.0,255.68
DETERGENTE LIQUIDO BEM BOM COCO 2L,37.0,255.68
DETERGENTE LIQUIDO INCOLIMP LIMAO 5L,13.0,255.6
SABAO LIQUIDO OMO COM RAPIDA ACAO ANTIODOR 12X750ML,16.0,255.56
AMACIANTE DILUIDO SONHO PAIXAO GARRAFA 6X2L,4.0,255.24
DETERGENTE LIQUIDO FC MACA 12X500ML,13.0,255.24
AMACIANTE DILUIDO ECONOMICO SOFT YELLOW 6X2L,32.0,255.18
DESINFETANTE ROSAMAX MANDARIM 2L,38.0,254.96
SABAO LIQUIDO MEMBERS MARK MAXXI WHITE 3L,5.0,254.59
DETERGENTE LIQUIDO UZZILIM CLEAR 500ML,116.0,254.54
DESINFETANTE LYSOL DOYPA OPUREZA ALGODAO 500ML,34.0,254.52
DESINFETANTE SPOOMA CAIAQUE 5L,17.0,254.44
"AMACIANTE DILUIDO BABY SOFT TOQUE DE CARINHO REFIL 6X1,8ML",31.0,254.13
LIMPADOR ESSENCIA LIMPADUA PINHO 500ML,8.0,253.94
"AMACIANTE DILUIDO SONHO MAGIC GARRAFA MAGIC L5P4,5 2X5L",9.0,253.71
AMACIANTE DILUIDO BLIMP 1L,51.0,253.67
DESINFETANTE CASA CRUZ FLORES DE LIS 2L,48.0,253.44
DESINFETANTE UFE ORIGINAL 1L,21.0,253.39
SABAO EM PO REAL BRISA PERFUMADA LAVANDA 400G,73.0,252.94
LIMPADOR PERFUMADO CASA E PERFUME AGRADABLE 2X5L,4.0,252.86
DETERGENTE LIQUIDO ATRON MACA 5L,13.0,252.78
DESENGORDURANTE QUALIFOOD  SH 4000 5L,2.0,252.72
DETERG PO OMO 800G-CX SPORTS,14.0,252.56
DESINFETANTE GEO LAVANDA 1L,57.0,252.55
SABAO LIQUIDO INVICTO CONCENTRADO VIDA VIBRANTE 630ML,16.0,252.52
DESINFETANTE CASA DA LIMPEZA TALCO 2L,32.0,252.18
DESINFETANTE BOM USO EUCALIPTO 2L,35.0,252.07
DETERGENTE LIQUIDO SAMAR 500ML,18.0,252.0
SABAO LIQUIDO ECONOMICO 5L,5.0,251.97
CLORO LISTAL 5L,14.0,251.9
LIMPADOR MULTIUSO AROMASIL CITRUS 500ML,42.0,251.87
PISCINA HIDROAZUL FLOCO GEL C/2 180G,8.0,251.84
SABAO LIQUIDO MIL GEL EUCALIPTO 2L,12.0,251.7
AMACIANTE DILUIDO VIDA MACIA CAMOMILA 12X500ML,5.0,251.4
DESINFETANTE G.POL MARESIA 2L,47.0,251.39
DESINFETANTE RICLEY KAIAQUE FC 5L,17.0,251.32
SABAO LIQUIDO BIOZ GREEN 1L,9.0,251.1
SABAO LIQUIDO DESOMAX COCO 1L,28.0,250.87
DESINFETANTE TALCO PLUS 2L,50.0,250.84
DESINFETANTE CASA LIMPA EUCALIPTO 2L,31.0,250.69
ALVEJANTE EXIGENTE EM PO SEM CLORO PODER 02 1KG,6.0,250.67
DESINFETANTE RICLEY PINHO 5L,19.0,250.65
LIMPADOR PERFUMADO CASA PERFUMADA COM ALCOOL CRISTALLE 500ML,24.0,250.63
LIMPEZA PESADA SAIF DETERGENTE AMONICAL 5L,4.0,250.5
EDUCADOR SANITARIO POWER PETS STOP CAT 500ML,11.0,250.45
DETERGENTE LIQUIDO ARAUJO MACA 2L,33.0,250.14
DESINFETANTE DESODOR PINHO EUCALIPTO 1L,42.0,249.98
SABAO EM PO ALA FLORAL SACHE 200G,12.0,249.95
AMACIANTE DILUIDO AQUAFAST SEDUCAO 6X2L,6.0,249.84
AMACIANTE DILUIDO GIRANDO SOL CLASSIC OCEAN FR 2L,28.0,249.83
AMACIANTE DILUIDO MIL FLORES VERAO 5L,17.0,249.8
CLORO TOQ MAGICO 2L,37.0,249.75
DESINFETANTE CHEIRO BOM PEROLA 1L,70.0,249.69
AGUA SANITARIA DONA CLARA 1L,67.0,249.38
DETERGENTE LIQUIDO QUASAR CLEAR 2L,32.0,249.28
DESINFETANTE MAXIMO BRILHO EUCALIPTO 2L,39.0,249.23
LIMPADOR MULTIUSO MARILUX MANHAS DE CAMPESTRE 500ML,107.0,249.13
DESENGORDURANTE UTILAR GATILHO 500ML,21.0,249.02
DESINFETANTE VIDA NOVA FLOR DO CAMPO 2L,40.0,249.0
ALVEJANTE NASCENTE SEM CLORO 1L,33.0,248.98
SABAO EM PO ESPUMIL FLORES SACHE 500G,92.0,248.59
DESINFETANTE CAMPESTRE PINHO 1L,53.0,248.59
DESINFETANTE PANTER EUCALIPTO 2L,26.0,248.38
AMACIANTE DILUIDO RICLEY AZUL 2L,32.0,248.28
LIMPADOR ESSENCIA NOVO FRESCOR PREMIUM LIMAO 140ML,19.0,248.14
LIMPADOR DE VIDRO NOVO LAR REFIL 500ML,38.0,248.0
DETERGENTE LIQUIDO KLIP LARANJA 500ML,119.0,247.91
LIMPADOR PERFUMADO UAU ROSAS E SEDUCAO 1L,26.0,247.82
DESINFETANTE SPOOMA DALIA 2L,40.0,247.68
LIMPEZA PESADA VEJA GOLD ORIGINAL COM ALCOOL 500ML,24.0,247.64
DESINFETANTE ACQUA LAVANDA 2L,32.0,247.44
AMACIANTE DILUIDO VIDA ECOLOGICO 5L,18.0,247.41
SABAO EM PO KRA KRA 5KG,15.0,247.21
LIMPADOR PERFUMADO FORTT PINHO 2L,42.0,247.2
AMACIANTE CONCENTRADO DEOLINE 1L,18.0,246.9
AMACIANTE DILUIDO XODO LAVANDA 500ML,49.0,246.88
DESINFETANTE BARRIGA VERDE LAVANDA 2L,14.0,246.8
AMACIANTE CONCENTRADO YPE PINK 12X1L 12L,1.0,246.6
CATDOG ELIMINADOR DE ODORES TALCO 2L,16.0,246.52
CLORO IGUACU 1L,46.0,246.44
LIMPADOR PERFUMADO LEVO CLEID 500ML,88.0,246.34
AMACIANTE DILUIDO TOP LUX FRAGRANCIAS 2L,29.0,246.27
AGUA SANITARIA CLORADA BRANCO 6X2L,49.0,246.02
LIMPADOR PERFUMADO WARLIKE SPAR 2L,43.0,245.95
SABAO LIQUIDO ANTAR PLUS CONC GELL PINHO 2L,16.0,245.76
LIMPADOR PET CITROSAFE ELIMINADOR DE ODORES CITRONELA 2L,15.0,245.66
DESINFETANTE TOCK CAMPESTRE 5L,15.0,245.54
LIMPADOR DE VIDRO DESOMAX 500ML,53.0,245.39
DESINFETANTE POTI EUCALIPTO 2L,55.0,245.25
AMACIANTE DILUIDO BEM BOM DOCE MANHA 2L,39.0,245.23
DESINFETANTE BRILHEX BRILHOFORME 650ML,22.0,245.21
DETERGENTE LIQUIDO SPOOMA LIQ NATURAL 2L,31.0,245.17
SABAO LIQUIDO NOVO LAR COCO 1L,23.0,245.06
DESINFETANTE DESINFECT MINA 2L,29.0,244.99
SABAO EM PO ARES FLORAL CAMOMILA 2KG,23.0,244.97
DESINFETANTE KALIPTO EUCALIPTO 12X500ML,8.0,244.8
LIMPADOR PET CITROSAFE ELIMINADOR DE ODORES CITRONELA 1L,22.0,244.77
AMACIANTE DILUIDO IMBA QUIMICA TOQUE DE CARINHO 5L,11.0,244.5
LIMPADOR ESSENCIA AROMAX CAPIM LIMAO 100ML,36.0,244.34
AMACIANTE DILUIDO VIDA NOVA CONFORT 2L,33.0,244.15
LIMPEZA PESADA VIOL LIMPA PEDRA CONCENTRADO 5L,5.0,243.9
ALVEJANTE SOLARQUIM 2L,35.0,243.65
AMACIANTE DILUIDO TERNURA 2L,31.0,243.64
LIMPADOR PERFUMADO MAYOR MATA ATLANTANTICA 1L,25.0,243.61
DESINFETANTE ESFRELUX LAVANDA 500ML,78.0,243.58
AGUA SANITARIA CAMARO 2L,60.0,243.55
LIMPADOR ESSENCIA DAYLA GLOBULOS 140ML,24.0,243.16
LIMPADOR DE VIDRO ETANIZ INOX 1L,11.0,242.97
SABAO EM PO MINUANO FLORAL EMB ECONOMICA 450G,47.0,242.93
DETERGENTE LIQUIDO ABA PLUS MACA 2L,37.0,242.54
LIMPADOR PERFUMADO CASAFLOR BRASILIDADES CAJU 6X1.75L,5.0,242.46
DESINFETANTE GLOBO LAVANDA 1L,53.0,242.28
AGUA SANITARIA GEYSSI 2L,57.0,242.25
AMACIANTE DILUIDO CLASSIC TALCO 2L,41.0,242.21
LIMPADOR PERFUMADO QUALAR EUCALINA 2L,38.0,242.2
ALVEJANTE MAXIMUS SEM CLORO PARA ROUPAS COLORIDAS 2L,38.0,242.0
DESINFETANTE PROLAR FLORAL 2L,41.0,241.69
LIMPADOR PERFUMADO VALOR SO NOS DOIS 500ML,44.0,241.28
LIMPADOR ESSENCIA PERFUM LAVANDA 140ML,20.0,241.27
DETERGENTE LIQUIDO POP LIMP MACA 500ML,130.0,241.05
LIMPADOR PERFUMADO BECKER OCEAN 1L,39.0,241.01
ALVEJANTE NASCENTE SEM CLORO 2L,18.0,240.85
LIMPADOR PERFUMADO NOVO BRILHO CARAVELAS 5L,16.0,240.75
DESINFETANTE ALICE LAVANDA 500ML,99.0,240.64
AMACIANTE DILUIDO KAIROS 5L,13.0,240.57
LIMPADOR MULTIUSO AZULIM 5L,7.0,240.46
ALGICIDA MANUTENCAO POLL GENCO  1L,19.0,240.04
SABAO LIQUIDO TIXAN YPE PRIMAVERA 4X5L,1.0,240.0
DETERGENTE LIQUIDO CONDE NEUTRO 5L,13.0,239.87
AMACIANTE DILUIDO GOTA LIMPA FLORATA 3X5L,13.0,239.87
DESINFETANTE LIMPLEX TALCO 5L,17.0,239.83
LIMPADOR PERFUMADO UAU REQUINTE 1L,30.0,239.7
DESINFETANTE TRES BARRAS ALGAS MARINHAS 2L,32.0,239.68
DETERGENTE LIQUIDO POLY BRIL MACA 500ML,145.0,239.6
SABAO EM PO OMO LAVANDA CX 20X800G,1.0,239.6
DESINFETANTE DEALL MARINE 2L,40.0,239.6
LIMPADOR MULTIUSO VEJA CAMPESTRE 24X500ML,2.0,239.52
DESINFETANTE CASEIRO 2L,48.0,239.44
CLORO ITAIPAVA 1L,60.0,239.4
DETERGENTE LIQUIDO DEION COCO 5L,9.0,239.32
AMACIANTE DILUIDO PRINCESA CARINHO 1L,57.0,239.19
DETERGENTE LIQUIDO SHERON LIMAO 2L,33.0,238.95
LIMPA MAIS ESSENCIA CRAVO/CANELA 120ML,28.0,238.95
DETERGENTE LIQUIDO LIMPA BEM COCO 5L,12.0,238.88
SABAO LIQUIDO DA MAZA CLASSICO 1L,30.0,238.86
ALVEJANTE BRILUX 5L,12.0,238.64
DESINFETANTE BECKER LAVANDA 2L,32.0,238.38
DESINFETANTE BETEL PINHO 2L,41.0,238.32
SABAO LIQUIDO ECONOMICO 2L,21.0,238.29
DETERGENTE LIQUIDO LOURO THIN UVA 5L,10.0,238.16
AGUA SANITARIA HIPPER 1L,82.0,237.96
LIMPADOR PET POWER PETS NEUTRALIZADOR DE ODORES LAVANDA 2L,15.0,237.88
LIMPADOR PERFUMADO CENAP MARINE 490ML,44.0,237.76
AMACIANTE DILUIDO MEGA ROXO 5L,18.0,237.73
AGUA SANITARIA NATHAN FRASCO 2L,41.0,237.71
DESINFETANTE MAXLIMP LIMA TITANIC 2L,42.0,237.68
DESINFETANTE HIGEO FLORAL 5L,24.0,237.64
AMACIANTE CONCENTRADO DORIGON PRIMAVERA 1L,16.0,237.48
AMACIANTE DILUIDO FLOPS 2L,35.0,237.41
DESINFETANTE SELUQ LAVANDA 2L,41.0,237.39
DESINFETANTE ESFRELUX CITRUS VERDE 500ML,71.0,237.14
DESINFETANTE TOCK EUCALIPTO 2L,30.0,236.77
DESINFETANTE DESOLIMP JULIA 2L,47.0,236.68
AGUA SANITARIA ATRON 1L,112.0,236.52
AMACIANTE DILUIDO SHERON 2L,38.0,236.52
DETERGENTE LIQUIDO ECONOMICO NEUTRO 12X500ML,8.0,236.4
DETERGENTE LIQUIDO SPOOMA LIMAO 5L,13.0,236.38
DESINFETANTE SOL EUCALIPTO 1L,86.0,236.18
ALVEJANTE DICLORO SEM CLORO 2L,17.0,236.15
AMACIANTE DILUIDO SPOOMA CARINHO 2L,31.0,235.9
ALVEJANTE OESTE SEM CLORO 2L,15.0,235.78
DESINFETANTE CONDE LAVANDA 5L,18.0,235.62
DESINFETANTE CAMPESTRE PINHO 5L,18.0,235.62
DETERGENTE LIQUIDO RENDE BEM NEUTRO 2L,33.0,235.62
DETERGENTE LIQUIDO PEPY CLEAN 500ML,118.0,235.44
LIMPADOR PET CATDOG ELIMINADOR DE ODORES CITRONELA 2L,15.0,235.43
AGUA SANITARIA BRILHO SOLAR 1L,81.0,235.25
SABAO EM PO TIXAN YPE CX 24X500G,2.0,235.2
TIRA MANCHA ALLCHEM PARA TECIDOS 120ML,19.0,235.05
LIMPADOR PERFUMADO KICASA TROUSSEAU 500ML,105.0,234.93
SABAO LIQUIDO SEMORIN MIMO BABY 500ML,17.0,234.9
DETERGENTE LIQUIDO TAPAJOS NEUTRO 500ML,108.0,234.88
DETERGENTE LIQUIDO TAPAJOS LIMAO 500ML,108.0,234.83
SABAO LIQUIDO LIMPEZA FELIZ AZUL 3L,8.0,234.83
"LIMP HIPOCLOR 2,5KG GRANULADO",3.0,234.79
LIMPEZA PESADA VANISH KARPEX LIMPA CARPETES E TAPETES 500ML,8.0,234.34
AGUA SANITARIA SAMAR GF 1L,124.0,234.25
SABAO EM PO ACE 500G,22.0,234.07
AGUA SANITARIA CRISTAL C/CLORO 12X1L,72.0,234.0
DETERGENTE LIQUIDO YPE FRUTY 500ML,111.0,233.92
AMACIANTE CONCENTRADO MIL AZUL 500ML,70.0,233.83
SABAO LIQUIDO SILICONADO CLEAN 2L,13.0,233.74
LIMPEZA PESADA LISTAL LIMPA PEDRAS 1L,33.0,233.65
LIMPADOR PERFUMADO KIMAFLOR BAMBU DO ORIENTE 2L,15.0,233.54
SABAO LIQUIDO SEMORIN COCO 500ML,18.0,232.89
AMACIANTE CONCENTRADO ARES BLUE ESSENCE 1L,16.0,232.84
LIMPADOR PERFUMADO SEMPRE LIMPO CONCENTRADO TALCO 200ML,60.0,232.84
AGUA SANITARIA Q BRANCURA 2L,38.0,232.82
DESINFETANTE TOP CLEAR CAPIM LIMAO 2L,38.0,232.8
AGUA SANITARIA TAPAJOS 1L,79.0,232.66
DESINFETANTE DLM LIMPEZA KISS 2L,38.0,232.49
SABAO LIQUIDO TIXAN YPE MACIEZ 4X3L,2.0,232.36
DESINFETANTE ACQUA EUCALIPTO 2L,29.0,232.22
"SABAO LIQUIDO OMO RAPIDA ACAO TOTAL 6X1,4L",8.0,232.04
DETERGENTE LIQUIDO POLLUX NEUTRO 500ML,96.0,231.99
AMACIANTE DILUIDO SOFITEL 2L,31.0,231.95
AGUA SANITARIA BRILUX 2X5L,11.0,231.62
DETERGENTE LIQUIDO TRIEX NEUTRO 24X500ML,6.0,231.36
DETERGENTE LIQUIDO POLY BRIL COCO 5L,14.0,231.34
DESINFETANTE HIGEO LAVANDA 5L,24.0,231.15
AMACIANTE DILUIDO CLARILIMP 5L,13.0,231.15
CLORO ALFA 1LT,63.0,231.12
DESINFETANTE SO BRILHO PINHO 2L,11.0,231.09
TIRA MANCHA ECOMAX PARA ROUPAS BRANCAS 500G,16.0,231.05
AGUA SANITARIA SEQUINEL 2L,38.0,231.01
"AMACIANTE DILUIDO SONHO MAGIC L2P1,8 6X2L",4.0,231.0
"CLORO DICLORO MONTREAL 2,5KG",3.0,230.85
LIMPADOR PERFUMADO DESODOR BRISA 500ML,60.0,230.82
DETERGENTE LIQUIDO JOB NEUTRO 500ML,129.0,230.71
LIMPADOR DE VIDRO FACILLE TRADICIONAL 500ML,33.0,230.64
ALVEJANTE WALTRICK SEM CLORO 5L,11.0,230.61
DETERGENTE LIQUIDO CIF NEUTRO C/ CAMOMILA 420ML,26.0,230.59
DETERGENTE LIQUIDO LIMPOL TANGERINA 500ML,84.0,230.52
DESINFETANTE GAROTO LAVANDA 1L,55.0,230.5
DETERGENTE LIQUIDO TAPAJOS COCO 500ML,106.0,230.46
DETERGENTE LIQUIDO POSITIVA LAVANDA IRIS E BACURI 420ML,17.0,230.41
DESINFETANTE REAL FRESCOR LAVANDA 2L,36.0,230.32
SBPO OMO TOQUE COMFORT 2KG SEDUCTION,7.0,230.3
DETERGENTE LIQUIDO POLY BRIL LIMAO 500ML,140.0,230.27
AMACIANTE DILUIDO DAS NEVES SENSACAO 2L,33.0,230.23
DESINFETANTE ARCHOTE EUCALIPTO 500ML,72.0,230.18
AGUA SANITARIA LIPE 1L,94.0,230.16
AMACIANTE CONCENTRADO DOWNY AUTHENTIC BEAUTY 500ML,19.0,230.06
SABAO EM PO BH 1.6KG,23.0,229.77
ALVEJANTE SEMORIN SEM CLORO WHITE 2L,9.0,229.5
DESINFETANTE CANDEIAS NOITE AZUL LEITOSO 2L,28.0,229.48
DESINFETANTE FLORESTA DA SERRA PINHO 2L,27.0,229.23
DESINFETANTE MAX 1000 FLORAL 2L,34.0,229.16
DESINFETANTE LAR 2L,29.0,229.06
DESINFETANTE ACONCHEGO LAVANDA 2L,51.0,228.99
SABAO EM PO SURF LAVANDA 16X800G,2.0,228.96
DESINFETANTE LIMPEBEM VINOL 5L,18.0,228.92
DETERGENTE LIQUIDO LIMPA BEM LIMAO 5L,12.0,228.88
DETERGENTE LIQUIDO DLM NEUTRO 2L,31.0,228.78
SABAO EM PO URCA MAXX ROUPAS BRANCAS E COLORIDAS 500G,67.0,228.73
LIMPADOR PERFUMADO DORIGON CAPIM LIMAO 1L,30.0,228.65
DETERGENTE LIQUIDO DORIGON NEUTRO 500ML,81.0,228.53
DESINFETANTE DA FLORA 2L,81.0,228.51
LIMPADOR ESSENCIA BELAROMA LIMAO SICILIANO 140ML,25.0,228.25
SABAO EM PO TULY PETALAS CAMPO 500G,87.0,228.23
SABAO EM PO BEM TE VI ORGULHO PERNAMBUCANO 500G,72.0,228.1
TIRA MANCHA SEMORIN PRE-LAVAGEM AROMAS NATUREZA SQZ 500ML,15.0,228.06
LIMPADOR MULTIUSO PEROLA 500ML,14.0,227.9
LIMPADOR ESSENCIA LIMPA MAIS MIL FLORES 120ML,29.0,227.84
LIMPADOR PERFUMADO DU LAR LERTOFF LAVANDA 1L,32.0,227.72
AMACIANTE DILUIDO MEGA AZUL 2L,33.0,227.6
DETERGENTE LIQUIDO MAYOR WASH 2L,21.0,227.53
LIMPEZA PESADA SEMORIN LIMPA CARPETE 500ML,15.0,227.3
AGUA SANITARIA VANTAX 5L,22.0,227.2
DETERGENTE LIQUIDO LOOK LIMP 2L,24.0,227.13
AMACIANTE DILUIDO REAL 1L,47.0,226.86
DESINFETANTE CLARINA PINHO 3L,27.0,226.73
SABAO EM PO ARES FLORES DO CAMPO 2KG,22.0,226.68
AGUA SANITARIA LISTAL 5L,14.0,226.5
LIMPADOR ESSENCIAL ALVO EUCALIPTO 140ML,31.0,226.25
DESINFETANTE DONA CLARA LAVANDA 2L,35.0,226.21
DESINFETANTE BE LAVANDA 2L,43.0,226.2
AGUA SANITARIA QRIO 1L,68.0,226.16
"SABAO LIQUIDO ARES COCO 1,9L",13.0,226.07
LAVA ROUPAS LIQ OMO 3L LILA,5.0,226.0
TIRA MANCHA VANISH PO PODER O2 PG450G LV550G,6.0,225.96
SABAO LIQ MIL FLORES BLUE 3L,15.0,225.85
DETERGENTE LIQUIDO LIMPOL CAMOMILA 500ML,79.0,225.77
BRILHANTE LAVA ROUPA LIQ HIG TOT FR 1L,18.0,225.7
DETERGENTE LIQUIDO DAS NEVES LIMAO 500ML,111.0,225.7
LIMPADOR MULTIUSO BARBAREX 2L,22.0,225.69
DESINFETANTE LISTAL FLORAL 2L,31.0,225.65
CLORO PISCINA TABLETE HCL 800G,4.0,225.48
AMACIANTE DILUIDO POLYMIX 5L,16.0,225.37
DESINFETANTE KALIPTO FLORES DO CAMPO 2L,45.0,225.24
LIMPADOR DE VIDRO FIM DE OBRA GATILHO 1L,8.0,225.1
AMACIANTE DILUIDO SOFT 5L,13.0,224.92
SABAO PO OMO MULTI ACAO 500G ACAO PROFUNDA,15.0,224.85
DETERGENTE LIQUIDO DUVALE NEUTRO 5L,18.0,224.82
DESINFETANTE COMBATE FLORAL 1L,42.0,224.77
AMACIANTE DILUIDO BRILHO NATURAL DONY AZUL  2LT,37.0,224.73
AMACIANTE DILUIDO SPOOMA CARINHO 5L,13.0,223.95
DETERGENTE LIQUIDO JHOLIMP 5L,16.0,223.84
SABAO EM PO TIXAN YPE PRIMAVERA LV4KG PG3.6KG 4X4KG,2.0,223.84
AMACIANTE CONCENTRADO PLUSH BABY 500ML,25.0,223.7
DESINFETANTE FRANCOL CITRUS 1L,63.0,223.48
DESINFETANTE JHOLIMP FLORAL 5L,16.0,223.33
CLORO EM GEL LOOK LIMP 2L,15.0,223.14
DETERGENTE LIQUIDO LAVANDEIRA CRISTAL 500ML,152.0,223.11
SABAO EM PO IAPO TRADICIONAL 5KG,13.0,223.06
DESINFETANTE HIPER PLUS JASMIM 2L,42.0,223.04
DETERGENTE LIQUIDO IZABELLA CLEAR 500ML,106.0,223.01
DESINFETANTE CLORAL FLORANTE FLORAL 2L,52.0,222.92
LIMPADOR MULTIUSO HIGISOL LIMPEZA RAPIDA ESPUMA 400ML,8.0,222.86
LIMPADOR PET BAW WAW LAVANDA 140ML,24.0,222.76
LIMPADOR PERFUMADO LIMBEL ROSAS E ERVAS 2L,18.0,222.72
AMACIANTE DILUIDO DENGO AZUL 5L,7.0,222.62
LIMPADOR PERFUMADO NOVO BRILHO KAIAK 5L,15.0,222.5
DETERGENTE LIQUIDO LAVA BEM LIMAO 24X500ML,6.0,222.48
DESINFETANTE SPOOMA TITANIC 5L,15.0,222.36
DESINFETANTE TEIU TRADICIONAL 500ML,63.0,222.1
ALVEJANTE CATARINA COM CLORO 2L,21.0,222.09
DESINFETANTE BRILHO MIL PRIMAVERA 2L,38.0,221.52
SABAO EM PO ARES MAX COCO 500G,29.0,221.23
SABAO LIQUIDO MON BIJOU COCO 1500ML,11.0,221.1
DESINFETANTE NUTRILAR ERVA DOCE 500ML,72.0,221.08
LIMPADOR ESSENCIA PERFUMARE LAVANDA 140ML,26.0,221.07
AMACIANTE CONCENTRADO GUIMARAES BRISA DA MANHA 3L,6.0,221.04
DESINFETANTE KILIMPEX IGUATEMI 1L,53.0,220.97
LIMPADOR MULTIUSO VEJA LARANJA SQZ 500ML,33.0,220.84
LIMPADOR PERFUMADO LIMPE BEM MARINE 2L,31.0,220.8
LIMPADOR ESSENCIA AROMATEC CITRONELA 200ML,26.0,220.74
LIMPADOR MULTIUSO TOP VEGAN LAVANDA 500ML,21.0,220.69
AMACIANTE DEION AZUL MAR DE ESTRELAS 5 L,9.0,220.42
DESINFETANTE CLARINA 2L,34.0,220.36
LIMPADOR PERFUMADO ESTRELA FLOR DE CEREJEIRA 500ML,55.0,220.18
DESINFETANTE LIMP LAR KAIQUE 2L,40.0,220.14
DESINFETANTE TOP LUX LAVANDA 2L,44.0,220.07
DESINFETANTE ABA PLUS LUXO 1L,63.0,219.87
AMACIANTE CONCENTRADO LEVO BABY 500ML,70.0,219.85
DESENGORDURANTE CATARINA LIMAO 5L,8.0,219.73
LIMPADOR PERFUMADO DEOLINE AUTOSECANTE CITRICO 500ML,17.0,219.71
LIMPADOR PERFUMADO VEJA PERFUMES LAVANDA E BEM ESTAR 1L,21.0,219.49
SABAO EM PO Q LAR CLASSIC 5KG,7.0,219.43
DESINFETANTE GIRANDO SOL PINHO 6X2L,5.0,219.42
AGUA SANITARIA ILLO QUIMICA 5L,17.0,219.37
DESINFETANTE IDEAL LAVANDA 5L,21.0,219.29
SABAO LIQUIDO BRILHANTE LIMPEZA TOTAL SC 12X900ML,1.5833,219.26
ALVEJANTE BOM USO SEM CLORO 500ML,22.0,219.08
TIRA MANCHA BRILUX LIQUIDO PODER O2 ATIVO BRANQ 500ML,20.0,219.06
DETERGENTE LIQUIDO AQUA PLUS PINHO GEL 500ML,24.0,218.94
ALVEJANTE MIMO DE LAVANDA 1L,63.0,218.82
AMACIANTE DILUIDO JUMPOL TERNURA  1L,57.0,218.79
AMACIANTE DILUIDO TOP CLEAR PETALAS DE ROSA 2L,37.0,218.69
SABAO LIQUIDO BABY SOFT LAVANDA 1L,14.0,218.59
CLORO REAL CASEIRUS 5L,11.0,218.47
DESINFETANTE MAX 1000 MARINE 2L,33.0,218.39
DESINFETANTE IDEAL IGUATEMI 5L,21.0,218.29
LIMPADOR PET FIDALGOS NEUTRALIZADOR ODORES 500ML,9.0,218.22
DESINFETANTE MIL CHEIRO 5L,19.0,218.21
SABAO EM PO BRIL ODOR SACHE 800G,37.0,218.13
LIMPADOR MULTIUSO FURIA 3 EM 1 NATURALLIS 500ML,38.0,218.02
DETERGENTE LIQUIDO BARBAREX NEUTRO 2L,19.0,217.85
LIMPADOR PERFUMADO VIDA NOVA HERBAL 2L,33.0,217.28
LIMPADOR PERFUMADO DORIGON ZICS CAPIM LIMAO 5L,8.0,217.22
LIMPADOR PERFUMADO BRILHA SUL SENSUALY 1L,31.0,217.19
DESINFETANTE DESODOR PINHO CITRUS 500ML,47.0,216.86
DETERGENTE LIQUIDO POLLUX LIMAO 500ML,85.0,216.61
DETERGENTE LIQUIDO IMPERIAL MACA PLUS 2L,35.0,216.44
SABAO LIQUIDO BRILAVY LIQ BLUE 2L,24.0,216.29
DESINFETANTE EFICAZ PINHO 2L,23.0,216.14
SABAO LIQUIDO MARILUX LAVANDA E SONHOS ADVANCED 3L,15.0,216.11
AMACIANTE CONCENTRADO POSITIVA C LIMAO 1L,5.0,215.95
DETERGENTE LIQUIDO BRILHO SOLAR 5L,10.0,215.9
SABAO LIQUIDO OMO PURO CUIDADO 12X900ML,1.0,215.88
SABAO LIQUIDO QUASAR COCO 1L,28.0,215.81
DESINFETANTE CASA DA LIMPEZA TALCO 5L,12.0,215.76
SBPO OEC TIXAN CX PP 1000G C 2 DET 2000G,24.0,215.76
DESINFETANTE ALVEX 500ML,82.0,215.69
AMACIANTE DILUIDO ECONOMICO ALOE VERA 12X1L,56.0,215.64
LIMPADOR DE VIDRO UTILAR GATILHO 500ML,16.0,215.57
DESINFETANTE OYYO TALCO 5L,14.0,215.5
DESINFETANTE BOLTZ FLORAL 2L,29.0,215.43
DETERGENTE LIQUIDO ANTARES NEUTRO 5L,10.0,215.33
DESINFETANTE ARAUJO VINOLIA 2L,32.0,215.29
DESINFETANTE LAVABEM LIMAO 12X1L,6.0,215.28
AMACIANTE DILUIDO TREVO AZUL 2L,26.0,215.26
DESINFETANTE MONTE LAGOS EUCALIPTO 500ML,54.0,215.24
LIMPADOR PERFUMADO BRILHO PRATICO CITRUS 1L,62.0,215.24
AMACIANTE CONCENTRADO DOWNY NATURALS COCO E MENTA FR 900ML,15.0,215.17
DESINFETANTE POTI LAVANDA 2L,47.0,215.1
DETERGENTE LIQUIDO CRISTAL LIMAO 2L,33.0,214.85
DESINFETANTE TOTAL 2L,43.0,214.57
LIMPEZA PESADA PROVITA DESENTUPIDOR DESENTOP 500ML,12.0,214.43
SABAO LIQUIDO CATARINA COCO 2L,12.0,214.43
AMACIANTE DILUIDO CONDE LAVANDA 2L,40.0,214.2
SABAO LIQUIDO ATRON 5 L,8.0,213.83
DESINFETANTE GBEL PINHO 1L,39.0,213.78
DESINFETANTE CHEIRO BOM MARINE 1L,59.0,213.68
DESINFETANTE SUPER MAX EUCALIPTO 2L,35.0,213.67
"AMACIANTE DILUIDO MON BIJOU MAGIA LV2L PG1,8L",19.0,213.5
LIMPADOR PERFUMADO CASAFLOR BRASILIDADES ACAI 12X500ML,6.0,213.48
DETERGENTE LIQUIDO DORIGON MACA 500ML,76.0,213.08
SABAO LIQUIDO USE CONCENTRADO 2L,12.0,213.08
DETERGENTE LIQUIDO MAXLIM COCO 2L,32.0,212.94
DESINFETANTE BAK YPE LAVANDA 6X2L,4.0,212.9
SABAO LIQUIDO QUEROSENE KITLAR 2L,12.0,212.88
DETERGENTE LIQUIDO MAXLIM MACA 5L,13.0,212.57
DESINFETANTE DONA CLARA OCEANO 2L,31.0,212.47
DESINFETANTE DONA CLARA FLORAL 1L,41.0,212.29
LIMPA BORDA MONTREAL 1L,11.0,212.19
DETERGENTE LIQUIDO HIPPER NEUTRO 500ML,106.0,211.97
SABAO LIQUIDO LIMPEBEM PRIMAVERA 2L,20.0,211.66
AGUA SANITARIA CLORITO 6X2L,9.0,211.56
DESINFETANTE DONA CLARA PINHO 1L,42.0,211.52
CLORO CASA BRANCA 2L,31.0,211.47
CLORO PIQ 2L,19.0,211.41
SABAO LIQUIDO WASH PLUS 1L,17.0,211.15
SBPO OMO TOQUE DE COMFORT ENERGY CM N/IDENT PP 900 G,7.0,211.05
LIMPADOR MULTIUSO VEJA EDICAO LIMITADA DOE 500ML,42.0,210.8
AGUA SANITARIA HIPER LIMPO 2L,26.0,210.74
SABAO EM PO ARCOVERDE FLORAL 500G,69.0,210.72
DESINFETANTE Q LAR PINHO 500ML,58.0,210.72
REMOVEDOR STORK 500ML,13.0,210.6
AMACIANTE DILUIDO REAL MANHA DO CAMPO 2L,29.0,210.49
DESINFETANTE SHERON CARAVELLA 2L,46.0,210.48
AMACIANTE DILUIDO AQUAFAST FRESCOR DA MANHA 6X2L,5.0,210.42
DESINFETANTE MUNDIAL OCEANIC 2L,35.0,210.35
DESINFETANTE SUPER MAX PINHO 5L,20.0,210.35
DESINFETANTE PET PET CLEAN ELIMINADOR DE ODORES PINHO 2L,13.0,210.24
LIMPADOR PERFUMADO LIMPOL PURO ACONCHEGO 12X500ML,5.0,210.24
DESINFETANTE DESOMAX FLORAL 500ML,76.0,210.01
SABAO EM PO GIRANDO SOL OPTICAL WASH ROSA FLORAL 10X1.6KG,2.0,210.0
AMACIANTE CONCENTRADO MON BIJOU MISTERIO 12X500ML,2.0,210.0
DESINFETANTE CLARINA PLUS 5L,14.0,209.86
AMACIANTE DILUIDO MR POLO 2L,26.0,209.64
LIMPADOR PERFUMADO CASA E PERFUME BELA FLORE 12X1L,2.0,209.28
"SABAO EM PO OMO 1,6KG",7.0,209.18
DESINFETANTE AUDAX FACILITA LAVANDA 500ML,66.0,209.06
LIMPADOR PERFUMADO YZA FLORAL 1L,32.0,209.0
AMACIANTE DILUIDO YPE TERNURA ROSA SC 2L,21.0,208.99
SABAO EM PO ARES MAX SENSIT GTS100G 800G,40.0,208.88
DESINFETANTE REAL HERBAL 1L,50.0,208.87
SABAO EM PO FACAI ALCOOL 1KG,12.0,208.87
DETERGENTE LIQUIDO VIGOR NEUTRO 5L,15.0,208.49
DESINFETANTE CRISTAL FLOR DO CAMPO 2L,43.0,208.38
AMACIANTE DILUIDO CANDEIAS FLORES E FRUTOS ROSA 2L,23.0,208.37
AMACIANTE DILUIDO GUARANI FANTASIA FRASCO 2L,33.0,208.05
DETERGENTE LIQUIDO IAPO NEUTRO 5L,11.0,207.9
SABAO LIQUIDO MAJESTICT 3L,10.0,207.84
AGUA SANITARIA LIMPACT 5L,16.0,207.84
SABAO LIQUIDO OMO CONCENTRADO + GFA PURO CUIDADO 500ML,6.0,207.81
SABAO LIQUIDO MON BIJOU PUREZA 500ML,15.0,207.72
LIMPEZA PESADA SUPER LIMPA PEDRAS 5L,5.0,207.55
AMACIANTE DILUIDO QBOA MACIEZ COM HARMONIA 2L,23.0,207.52
AMACIANTE DILUIDO SOFTUS FLORAL 2L,27.0,207.33
AMACIANTE DILUIDO FOFO AZUL TRADICIONAL 2L,23.0,206.88
AMACIANTE DILUIDO ECONOMICO ALOE VERA 24X500ML,94.0,206.78
CLORO GRANULADO CONCENTRADO CLEAN VALE 1KG,5.0,206.68
LIMPADOR PERFUMADO LIMPA JA FLORES DO SERTAO 2L,37.0,206.56
DESINFETANTE RENKO KLYO MAX 1L,7.0,206.49
LIMPADOR PERFUMADO VEJA PERFUMES FLORES E SONHOS 2L,11.0,206.47
LIMPADOR MULTIUSO VEJA 3 EM 1 SPRAY 500ML,40.0,206.4
AMACIANTE DILUIDO MON BIJOU REG PERFUME 24X500ML,2.0,206.39
AMACIANTE CONCENTRADO FOFO AZUL TUDAO 12X900ML,1.0,206.28
LIMPADOR ESSENCIA MARINA LAVANDA 140ML,26.0,206.11
DESINFETANTE BOM USO KAIAK 2L,31.0,206.01
SABAO BRILHANTE LIQ. LV5LT/PG4LT,6.0,205.94
SABAO LIQUIDO ROUPA E CARINHO LAVANDA 500ML,23.0,205.91
AGUA SANITARIA JJ GUIMARAES 5L,13.0,205.87
DETERGENTE LIQUIDO PRINCESA DUVALE MACA 500ML,109.0,205.85
LIMPADOR PERFUMADO CASA PERFUMADA COM ALCOOL MANDARINE 500ML,23.0,205.84
SABAO EM PO BREEZE MULTIACAO 4KG,10.0,205.82
LIMPADOR MULTIUSO AZULIM CONCENTRADO GEL FLORAL 5L,4.0,205.77
LIMPADOR PERFUMADO CASA PERFUMADA LAVANDA 500ML,20.0,205.72
CLORO 2L BRILHO SOLAR,20.0,205.64
LIMPADOR PERFUMADO REAX ORIGINAL 500ML,29.0,205.25
DESINFETANTE ALICE TALCO 500ML,93.0,205.17
DETERGENTE LIQUIDO SPA CLEAR 1L,45.0,205.15
"LIMPADOR PERFUMADO CASAFLOR POWER C/BACTERIC CIELO 1,75L",38.0,205.12
AMACIANTE DILUIDO SOLIMPE SOFT 2L,38.0,205.02
LIMPEZA PESADA CLORAX LIMPA PEDRA 2L,8.0,204.88
AMACIANTE DILUIDO URCA FLORAL 12X1L,28.0,204.82
DESINFETANTE BABY BETTY LAVANDA 2L,41.0,204.59
AGUA SANITARIA UNICA 2L,39.0,204.57
AMACIANTE CONCENTRADO DOWNY PERF COLLEC ELLEGANCE 1L,8.0,204.29
DESINFETANTE NASCENTE FLORAL 5L,11.0,204.19
DESINFETANTE LIRIO LAVANDA 2L,19.0,204.17
SABAO EM PO AMACITEL ALEGRES ENCANTOS 16X800G,2.0,204.16
SABAO LIQUIDO BEIRA RIO SABAO LIQUIDO AZUL 5L,9.0,204.11
LIMPADOR MULTIUSO DA MAZA 500ML,51.0,204.04
"DETERGENTE LIQUIDO EDLIMP MACA 3,8L",16.0,203.98
LIMPADOR PERFUMADO YSO FLORES 500ML,81.0,203.97
VIMAK REMOVEDOR LAVANDA 500ML,12.0,203.88
TIRA MANCHA BRILHANTE S/CLORO FRESH EM SACHE 450ML,18.0,203.69
DETERGENTE LIQUIDO VIP CLEAN CRISTAL 2L,20.0,203.59
LIMPADOR PERFUMADO ME USE CARAVELA 2L,32.0,203.58
SABAO EM PO COQUEL NATUREZA LIMPA 1KG,16.0,203.53
DESINFETANTE LAVANDA PLUS 2L,38.0,203.36
AMACIANTE DILUIDO UAU ACONCHEGO 2L,21.0,203.18
DETERGENTE LIQUIDO SEMPRE LIMPO GG MACA 500ML,37.0,203.13
LIMPADOR PERFUMADO RICLEY LAVANDA 2L,28.0,203.12
LIMPADOR PET CENAP ELIMINADOR ODORES SPRAY HERBAL 500ML,17.0,202.83
LIMPADOR ESSENCIA ALOP CONCENTRADO FRESH 140ML,20.0,202.71
AMACIANTE DILUIDO SPOOMA TERNURA 2L,11.0,202.43
DETERGENTE LIQUIDO AGEX MACA 2L,15.0,202.35
DETERGENTE LIQUIDO DUVALE LAVANDA 500ML,110.0,202.25
AGUA SANITARIA LIMPBRAS 2L,27.0,202.23
DESINFETANTE TOP LUX CONDESSA 2L,40.0,202.15
LIMPADOR PERFUMADO LIMPA TUDO LAVANDA 2L,36.0,202.06
DESINFETANTE BE PINHO 2L,38.0,202.04
DETERGENTE LIQUIDO LIMPA TUDO NEUTRO 2L,29.0,202.02
DETERGENTE LIQUIDO PAMPY MACA 5L,15.0,201.85
AMACIANTE DILUIDO SANY INTENSO2L,34.0,201.8
AMACIANTE DILUIDO BABY SENSACOES ALOE VERA 5L,11.0,201.71
DESINFETANTE MINUANO EUCALIPTO 6X2L,6.0,201.65
LIMPADOR PET BAW WAW PINHO 140ML,19.0,201.63
AGUA SANITARIA D VISAO 2L,26.0,201.44
LIMPADOR ESSENCIA ALOP CITRONELA 140ML,20.0,201.32
LIMPADOR ESSENCIA UAU FRESH CONCENTRADO 130ML,14.0,201.12
DESINFETANTE REAL SILVETRE 1L,49.0,200.83
DESINFETANTE DESODOR PINHO FLORES 1L,36.0,200.81
LIMPADOR PERFUMADO ATRON NATURAX 2L,39.0,200.36
DETERGENTE LIQUIDO MIL FLORES MACA 1L,47.0,200.23
DESINFETANTE PURILIMP PALMOLIVE 2L,29.0,200.23
ALVEJANTE CLARO E FORTE 1L,52.0,200.2
AMACIANTE CONCENTRADO COMFORT PURO CUIDADO FRASCO 12X900ML,1.0,200.16
AMACIANTE DILUIDO CAMPESTRE AZUL 1L,48.0,200.04
AMACIANTE DILUIDO QIT AZUL 1L,25.0,200.0
SABAO LIQ OMO 3LT PURO CUIDADO GTS 500ML,4.0,199.96
SABAO LIQUIDO OPA ACTIVE 3L,10.0,199.9
DESINFETANTE BOM DA REDE CAMPESTRE 2L,20.0,199.8
AMACIANTE DILUIDO BY KIM 2L,20.0,199.8
DESINFETANTE BAH LAVANDA 2L,24.0,199.72
AMACIANTE DILUIDO TANLUX 5L COMFORT .,12.0,199.68
AMACIANTE DILUIDO URCA PAIXAO SEDUTORA 3L,21.0,199.67
LIMPADOR PERFUMADO GEO PORCELANATO GEO 1L,16.0,199.37
SABAO LIQUIDO CLARIN MULTIACAO 1L,23.0,199.29
DESINFETANTE DEYSSI FRAGANCIAS 2L,38.0,199.24
ATCLLORO CLORO PISCINA 10KG,1.0,199.0
AGUA SANITARIA INCOLIMP 2L,31.0,198.92
DESINFETANTE POLYMIX EUCALIPTO 2L,35.0,198.8
SABAO LIQUIDO OMO SUPER CONCENTRADO 315ML,12.0,198.68
DETERGENTE LIQUIDO FUZETTO CLEAR 500ML,84.0,198.66
LIMPADOR PET REX ELIMINADOR DE ODORES FLORES DO CAMPO 2L,13.0,198.43
DESINFETANTE LOURO LAVANDA 2L,19.0,198.12
CLORO ATIVO UNICA 2L,15.0,198.09
CLORO ATIVO AR 5L,11.0,197.89
DESINFETANTE 5L,18.0,197.82
DESINFETANTE MULT FACIL IGUATEMI 1L,40.0,197.8
DESINFETANTE SANIBEL PARA AGUA PASTILHAS 1KG,3.0,197.64
LIMPADOR PET AQUAFAST NEUTRALIZADOR DE ODORES FRESH 2L,15.0,197.57
AMACIANTE DILUIDO MON BIJOU MAGIA 5L,10.0,197.57
DESINFETANTE CHEIRO BOM FLORAL 5L,13.0,197.57
LIMPADOR PERFUMADO DU LAR LERTOFF BUQUE DE FLORES 1L,28.0,197.54
LIMPADOR MULTIUSO SOL CITRUS LAVANDA 500ML,68.0,197.54
DETERGENTE LIQUIDO STARLUX NEUTRO 2L,33.0,197.49
DESINFETANTE FRANCOL BRISA MARINHA 1L,54.0,197.48
SABAO LIQUIDO BECKER GALAO 4X3L,3.0,197.48
SULFATO DE ALUMINIO SUALL 2KG,10.0,197.22
AMACIANTE CONCENTRADO BRILHA SUL DOCE TERNURA 500ML,24.0,197.18
AGUA SANITARIA HF 5L,9.0,197.1
LIMPADOR MULTIUSO KIMAFLOR SILV SPRAY 500ML,45.0,197.03
DETERGENTE LIQUIDO AZULIM CLEAR 24X500ML,4.0,196.92
AMACIANTE DILUIDO CLASSIC NATURE FLORAL 5L,13.0,196.75
AMACIANTE DILUIDO LIMPE BEM CARINHOSO 2L,28.0,196.7
AMACIANTE DILUIDO PLUSH 5L,11.0,196.69
LIMPADOR MULTIUSO LAVANDEIRA 500ML,53.0,196.61
DESINFETANTE NOVO LAR ALEGRIA 500ML,48.0,196.52
DETERGENTE LIQUIDO HIPER PLUS LIMAO 500ML,71.0,196.51
LIMPADOR MULTIUSO CANDEIAS CAMPESTRE 550ML,43.0,196.33
AMACIANTE DILUIDO ORIENTAL CARINHO 500ML,63.872,196.25
ALVEJANTE CIRIO SEM CLORO 2L,18.0,196.23
DESINFETANTE SANOL FLORES E FRUTAS 2L,30.0,196.13
LIMPEZA PESADA MAYOR PROFUNDA CLEAN 1L,16.0,196.1
AMACIANTE DILUIDO BAH TERNURA  2L,24.0,195.95
AMACIANTE CONCENTRADO DOWNY BRISA VERAO GTS100ML 12X1L,7.0,195.65
DESINFETANTE LIMBEL JASMIM 2L,22.0,195.54
LIMPADOR ESSENCIA ALOP CAPIM LIMAO 140ML,21.0,195.53
DESINFETANTE MAX 1000 EUCALIPTO 2L,29.0,195.53
DESINFETANTE OMO PINHO 500ML,27.0,195.45
AGUA SANITARIA ANTARES 5L,12.0,195.21
DESINFETANTE LYSOFORM ORIGINAL 12X1L,1.0,195.0
ALGICIDA DE FIBVINIL CRIS AGUA  1L,9.0,194.91
DESINFETANTE PEPY LAVANDA 5L,9.0,194.67
LIMPADOR PERFUMADO SAIF 5L SENSACAO,6.0,194.67
LIMPADOR PERFUMADO KICASA FLOR 1L,54.0,194.54
SABAO LIQUIDO DESOMAX DINAMO 2L,12.0,194.51
DESENGORDURANTE ACTION TANGERINA GATILHO 500ML,16.0,194.42
DESINFETANTE RONDOJET CAMPESTRE 5L,10.0,194.38
DESINFETANTE YE PINHO GEL 2KG,6.0,194.34
AMACIANTE DILUIDO SONHO AZUL PROFUNDO GARRAFA 6X2L,3.0,194.28
DESINFETANTE GBEL ORQUIDEA 1L,36.0,194.26
DESINFETANTE ITA LAVANDA 5L,7.0,194.21
AMACIANTE DILUIDO ROSAMAX 2L,20.0,194.18
LIMPADOR MULTIUSO AZULIM 2L,8.0,194.08
"TIRA MANCHA VANISH PO S/CLORO OXI ACTION PACK REFIL 2,5KG",2.0,193.96
AGUA SANITARIA OLIMPO 2X5L,14.0,193.85
DESINFETANTE DESODOR PINHO MARINE 1L,28.0,193.8
DESINFETANTE DONA CLARA FLORAL 2L,29.0,193.77
LIMPADOR ESSENCIA QUIM AROMA MIL FLORES 100ML,25.0,193.74
AMACIANTE DILUIDO BIG BABY SEDUCAO 2L,22.0,193.55
AGUA SANITARIA MAXXI 1L,40.0,193.53
LIMPADOR PERFUMADO IAPO KAIAK 2L,28.0,193.02
SABAO LIQUIDO CLARIN MULTIACAO 3L,10.0,192.9
DESINFETANTE GLORIA EUCALIPTO 1L,41.0,192.87
SABAO LIQUIDO MUNDIAL QUEROSENE 2L,18.0,192.87
ALVEJANTE DONA CLARA SEM CLORO WHITE 1L,21.0,192.49
DESINFETANTE CANDEIAS MARINE 1L,40.0,192.43
DETERGENTE LIQUIDO MINUANO 3000 NEUTRO 500ML,69.0,192.36
AGUA SANITARIA ANTARES 1L,38.0,192.08
CLORO VIPCLEAN 1 LITRO,30.0,192.06
LIMPADOR PERFUMADO PURA MAGIA LAVANDA 500ML,42.0,191.95
DETERGENTE LIQUIDO IDEAL NEUTRO 2L,32.0,191.88
AMACIANTE CONCENTRADO SONHO NATURAL 500ML,29.0,191.85
SABAO EM PO ABSOLUTO TRADICIONAL 500G,93.0,191.79
AGUA SANITARIA CLOROFINA 6X2L,4.0,191.76
FLOCULANTE MONTR. 900G,12.0,191.76
AMACIANTE DILUIDO GLORIA ALGODAO 1L,39.0,191.75
DESINFETANTE JUMPOL SOFT 2L,25.0,191.71
AMACIANTE DILUIDO MACIEZ BRISA 2L,38.0,191.5
DESINFETANTE ESFRELUX EUCALIPTO 500ML,57.0,191.32
TIRA MANCHA ECOMAX PARA ROUPAS COLORIDAS 500G,13.0,191.14
DESINFETANTE MIL LAVANDA 500ML,67.0,191.1
LIMPADOR DE VIDRO LAVANDEIRA 500ML,50.0,191.07
DETERGENTE LIQUIDO ATRON LIMAO 5L,10.0,191.05
AGUA SANITARIA CHEMIX 12X1L,8.0,191.04
LIMP.VEJA 500ML LIMPEZA PESADA FLORAL CAMP.  - 213942,12.0,190.8
DESINFETANTE LIMBEL EUCALIPTO 2L,20.0,190.79
TIRA MANCHA ECOMAX PARA ROUPAS COLORIDAS 450G,9.0,190.71
LIMPADOR PERFUMADO URCA MOMENTO ESTIMULANTE 500ML,33.0,190.53
"AMACIANTE DILUIDO YPE ACONCHEGO 4XLV5 PG4,5L 20L",3.0,190.52
CLORO EM GEL VIM ADITIVADO ORIGINAL 300ML,13.0,190.49
DESINFETANTE INDUPROL TALCO 2L,7.0,190.34
LIMPADOR PERFUMADO FORTT JASMIM 2L,33.0,190.24
AMACIANTE DILUIDO ACQUA PINK 2L,26.0,190.19
ALVEJANTE LIMBEL PERFUMADO 1L,48.0,190.04
LIMPADOR PET TOP VET ELIMINADOR ODORES LAVANDA 500ML,9.0,190.01
SABAO LIQ OMO LAVANDERIA 7L,1.0,189.9
LIMPADOR PERFUMADO VALOR NOVO DIA 500ML,32.0,189.86
DETERGENTE LIQUIDO GIRANDO SOL ACEROLA 1L,38.0,189.62
LIMPADOR PERFUMADO VEJA PERFUMES AROMA SENSE BEM ESTAR 2L,7.0,189.43
DESINFETANTE YZA EUCALIPTO 2L,31.0,189.38
DESINFETANTE MIL CHEIROS 2L,36.0,189.3
LIMPEZA PESADA START DETERGENTE ATIVADO FX 4000 20L,1.0,189.04
"DESINFETANTE EDILIMP FLOR DO ORIENTE 3,75L",15.0,189.03
SABAO EM PO GIRANDO SOL OPTICAL WASH CUIDA PROTEGE 10X1.6KG,2.0,189.01
SABAO EM PO LUME MAXX FLORAL 5KG,9.0,188.82
SABAO EM PO AMACITEL TOQUE DE POESIA 16X800G,2.0,188.8
DETERGENTE LIQUIDO IAPO NEUTRO 2L,21.0,188.79
LIMPADOR PERFUMADO BECKER FLORES DO CAMPO 500ML,39.0,188.77
AGUA SANITARIA ZOMAX 5L,11.0,188.56
DETERGENTE LIQUIDO DLM LIMAO 5L,10.0,188.44
AMACIANTE DILUIDO BILHO MIL 2L,31.0,188.39
DESINFETANTE DEION TALCO 5L,7.0,188.3
SABAO EM PO ASSIM TRIPLACAO FLORAL 1KG,20.0,188.0
DESINFETANTE UTIL PINHO TALCO 2L,36.0,187.9
AMACIANTE DILUIDO ALICE SO PINK ROSA 3L,16.0,187.84
LIMPADOR ESSENCIA ALVO FLORAL 140ML,25.0,187.75
AMACIANTE DILUIDO UTILAR CONFORTO 2L,21.0,187.68
SABAO LIQUIDO USE 2L,11.0,187.64
DETERGENTE LIQUIDO DAS NEVES MACA 500ML,89.0,187.59
DETERGENTE LIQUIDO ELLY COCO 500ML,108.0,187.18
LIMPADOR PERFUMADO KIN LIMP LIRIO VERDE 500ML,39.0,187.05
REMOV.VIMAK 500ML FLOR.,11.0,186.89
DESINFETANTE DONA CLARA OCEANO 1L,37.0,186.86
SABAO LIQUIDO VIDA NOVA LIQUIDO 5L,7.0,186.83
DESINFETANTE PINHO SOL FLORAL 12X500ML,2.0,186.72
DESINFETANTE GBEL PINHO 500ML,47.0,186.68
DESINFETANTE MAXIMO JASMIM 2L,32.0,186.66
AMACIANTE DILUIDO SOLIMPE FLORAL ROSA 500ML,35.0,186.6
DETERGENTE LIQUIDO CRISTAL COCO 2L,29.0,186.53
DESINFETANTE CLORAX FLORAL 5L,12.0,186.51
DESINFETANTE CLORAX TALCO 5L,12.0,186.3
LIMPEZA PESADA MAXIMO LIMPA PEDRAS 5L,9.0,186.21
LIMPADOR PERFUMADO SAIF FLORES DA SERRA 3L,9.0,186.18
AMACIANTE DILUIDO KILIMPEX 2L,18.0,186.15
"AMACIANTE DILUIDO TOT PROFUNDO 1,8L",33.0,186.1
DESINFETANTE LISTAL TALCO 2L,26.0,186.05
SABAO LIQUIDO SEMORIN TRADICIONAL 1L,8.0,186.05
LIMPADOR PERFUMADO CASAFLOR SERENE 12X1L,3.0,186.0
DESENGORDURANTE CLINEZA COCO 1L,15.0,185.66
LAVA ROUPAS INTIMAS BLEACH 500ML ADULTO,14.0,185.66
LIMPADOR ESSENCIA COALA CONCENTRADO TALCO 3X120ML,320.0,185.62
DESINFETANTE TIA LICA FLORAL 2L,38.0,185.56
DESINFETANTE ALVEX TALCO 2L,34.0,185.46
LIMPADOR PERFUMADO UTIL AROMA DAS PRIMAVERAS 1L,33.0,185.41
TIRA MANCHA SEMORIN 2X100ML+SABAO DE COCO 200ML,7.0,185.37
AGUA SANITARIA DINO 5L,15.0,185.25
SABAO LIQUIDO RICLEY COCO 2L,20.0,185.14
DETERGENTE LIQUIDO LIMPOL CALENDULA CONCENTRADO 511ML,19.0,185.09
"DESINFETANTE PROVITA LAVANDA 1,8L",41.0,184.99
LIMPADOR ESSENCIA DAYLA SOLUVEL CANELA 140ML,17.0,184.98
DESINFETANTE PINHO SOL LAVANDA 3800ML,4.0,184.86
DESINFETANTE NOVO BRILHO LAVANDA 5L,12.0,184.8
DESINFETANTE LISTAL EUCALIPTO 2L,26.0,184.79
DESINFETANTE ATRON EUCALIPTO 2L,39.0,184.76
"SABAO LIQUIDO MIL FLORES 1,5L",13.0,184.64
AGUA SANITARIA ENCOPEL 1L,37.0,184.63
DESINFETANTE GBEL ORQUIDEA 500ML,46.0,184.44
DESINFETANTE MIL TALCO 500ML,66.0,184.42
DESINFETANTE IDEAL LAVANDA 2L,32.0,184.38
AMACIANTE DILUIDO DORIGON BABY SOFT 5L,11.0,184.37
DETERGENTE LIQUIDO JUMPOL NEUTRO 500ML,90.0,184.07
AMACIANTE CONCENTRADO FOFO EXPLOSAO DE PERFUME FRASCO 1L,9.0,183.63
DETERGENTE LIQUIDO POLYMIX NEUTRO 500ML,36.0,183.48
SABAO EM PO ECONOMICO PERFUME DO CAMPO 200G,118.0,183.42
LIMPEZA PESADA AROMA LIMPA PEDRA 2L,10.0,183.39
SABAO EM PO CLASSIC PLUS 1KG,36.0,183.14
DESINFETANTE JUMPOL JUMPOL 2L,24.0,183.0
AMACIANTE DILUIDO MEU LAR SONHOS COM PERFUME 6X2L,21.0,182.89
DESINFETANTE SUPER LIMPO PINHO 5L,12.0,182.88
SABAO LIQUIDO WOOLITE COCO 450ML,6.0,182.83
LIMPADOR PERFUMADO SUPREMA DELICATO 500ML,37.0,182.75
DESINFETANTE BUFALO EUCALIPTO 6X2L,7.0,182.7
DESINFETANTE GLOBO EUCALIPTO 1L,41.0,182.68
DETERGENTE LIQUIDO BOM Q LIMPA NEUTRO 2L,23.0,182.68
DESINFETANTE GBEL LAVANDA 1L,33.0,182.28
SABAO EM PO TIXAN YPE FLOR DE SOL SC 500G,28.0,182.13
SABAO LIQUIDO DESORA 500ML,105.0,182.05
LIMPADOR ESSENCIA ALVO LAVANDA 140ML,26.0,181.74
ALVEJANTE BRILHO SOLAR SEM CLORO 5L,9.0,181.47
ALVEJANTE EVIDENCE SEM CLORO 2L,9.0,181.41
AMACIANTE DILUIDO MACIEZ ACONCHEGO 2L,36.0,181.26
LIMPADOR PERFUMADO CASAFLOR BRASILIDADES GRAVIOLA 12X500ML,5.0,181.25
DETERGENTE LIQUIDO PURILIMP LIMAO 2L,16.0,181.15
ALVEJANTE YPE C/CLORO ATIVO 6X2L,4.0,181.01
LIMPEZA PESADA LOOK LIMP LIMPA PEDRA 2L,14.0,180.96
TIRA MANCHA Q LAR EM PO OXIBLEACH 450G,8.0,180.81
DESINFETANTE FLORESTA DA SERRA RASTRO 2L,22.0,180.78
DESINFETANTE TEIU FLORAL 12X1L,4.0,180.73
AMACIANTE DILUIDO MAX AZUL 2L,29.0,180.65
SBP BRILHANTE ANTIBAC 2000G,10.0,180.64
DETERGENTE LIQUIDO ATRON NEUTRO 5L,9.0,180.62
DESINFETANTE MAXXI LAVANDA 2L,20.0,180.58
DESINFETANTE FORTT PINHO 5L,13.0,180.47
DESINFETANTE BECKER TALCO 2L,21.0,180.38
DETERGENTE LIQUIDO LIMPLEX 5L,8.0,180.29
DESINFETANTE ASTOLLI LIMAO 2L,30.0,180.2
LIMPADORES PISCINA ELEVADOR DE PH SUALL PISCINAS 1KG,10.0,180.0
AGUA SANITARIA LIRIO DO CAMPO 5L,5.0,179.95
SABAO LIQUIDO MINA ROUP DELICAD COCO 2L,10.0,179.92
AMACIANTE DILUIDO JHOLIMP FLOWER 5L,12.0,179.88
AMACIANTE DILUIDO USELIMP ROSA 5L,17.0,179.83
DETERGENTE LIQUIDO SPOOMA MACA 5L,10.0,179.8
DESINFETANTE VIM CLORO GEL ADITIVADO FLORAL 12X700ML,2.0,179.76
AMACIANTE CONCENTRADO GIRANDO SOL COCO BAUNILHA 12X500ML,2.0,179.76
DESINFETANTE MIL JASMIN 500ML,64.0,179.61
AMACIANTE DILUIDO CANDEIAS LAVANDA LILAS 1L,35.0,179.26
AMACIANTE DILUIDO YPE TERNURA ROSA 2L,17.0,179.22
DETERGENTE LIQUIDO UZU CLEAN CLEAR 500ML,77.0,178.94
TIRA MANCHA ECOMAX PARA ROUPAS BRANCAS 450G,7.0,178.84
DESINFETANTE GLORIA MIL FLORES 1L,39.0,178.83
ALVEJANTE ECONOMICO PERFUMADO MULTI 1L,60.0,178.8
DESINFETANTE RONDOJET EUCALIPTO 2L,22.0,178.78
DETERGENTE LIQUIDO OESTE PREMIUM COCO 500ML,77.0,178.71
DESINFETANTE DEOLINE ASSENTO SEGURO FEMME 140ML,16.0,178.69
AMACIANTE DILUIDO ASTOLLI LAVANDA 500ML,61.0,178.65
DETERGENTE LIQUIDO KOKINOS COCO 500ML,95.0,178.65
DESENGORDURANTE UAU 4 EM 1 TECH COZ/DESENG REFIL 500ML,12.0,178.61
AMACIANTE CONCENTRADO COMFORT  ORIGINAL 500ML,12.0,178.6
TIRA MANCHA ANIL IMPERIAL BARRA 44G,9.0,178.55
DESINFETANTE AUDAX FACILITA EUCALIPTO 2L,28.0,178.32
DETERGENTE LIQUIDO CASA CLEAN MACA REFIL 1L,24.0,178.24
SABAO EM PO AMACITEL TOQUE DE POESIA 1KG,22.0,178.21
SABAO EM PO AMACITEL ALEGRES ENCANTOS 1KG,20.0,178.13
LIMPADOR PERFUMADO BRILUX PERFUMES BRISA 12X500ML,3.0,177.96
SABAO EM PO URCA MAXX ROUPAS BRANCAS E COLORIDAS 3KG,10.0,177.9
AMACIANTE DILUIDO BABY SOFT TOQUE DE ALEGRIA 2L,20.0,177.72
DESINFETANTE BRISA LAR TALCO 2L,32.0,177.7
LIMPADOR MULTIUSO ECONOMICO TRADICIONAL 24X500ML,2.0,177.6
DETERGENTE LIQUIDO CANDEIAS NEUTRO 500ML,94.0,177.6
SABAO LIQUIDO DENGO SOFT 2L,9.0,177.55
DESINFETANTE BECKER EUCALIPTO 2L,20.0,177.48
LIMPADOR PERFUMADO NOVO LAR SONHO BOM 1L,22.0,177.45
REFIL LIMPA AZULEJO BRICS,9.0,177.44
AMACIANTE DILUIDO LIMPEX CLASSICO 2L,32.0,177.38
AMACIANTE CONCENTRADO MON BIJOU MAGIA 12X500ML,2.0,177.36
LIMPADOR PERFUMADO SEMPRE LIMPO KAIAK 200ML,46.0,176.82
DESINFETANTE ACQUA FLORAL 2L,24.0,176.56
DETERGENTE LIQUIDO COOPCLEAN COCO 500ML,78.0,176.52
AMACIANTE DILUIDO ATTO AMORES 2L,24.0,176.14
LIMPADOR ESSENCIA NOGUEIRA AROMA BEBE 250ML,12.0,176.07
AMACIANTE DILUIDO ECONOMICO SOFT YELLOW 24X500ML,82.0,176.04
ALVEJANTE BRILUX 2L,26.0,176.03
DESINFETANTE BRISA LAR LAVANDA 2L,31.0,175.92
DESINFETANTE QLIMPO EUCALIPTO 2L,22.0,175.91
LIMPADOR PERFUMADO HR 5L EUCALIPTO,9.0,175.91
REMOVEDOR FLOPS 900ML,11.0,175.86
DESINFETANTE Q OTIMO LAVANDA 5L,14.0,175.73
SABAO EM PO ESPUMAIS MULTIACAO 800G,38.0,175.62
DESINFETANTE MAE MARIA LAVANDA 2L,38.0,175.62
AMACIANTE CONCENTRADO DOWNY NATURALS FLOR ROMA E BAUN 450ML,12.0,175.47
LIMPADOR DE VIDRO IMPERIAL GATILHO 500ML,10.0,175.4
DESINFETANTE CLINEZA ACAO BACTERICIDA 2L,11.0,175.39
AGUA SANITARIA OLIMPO 6X2L,7.0,175.38
AMACIANTE DILUIDO QUALYBRILL CARINHO 2L,38.0,175.25
AMACIANTE DILUIDO TEIU AZUL 500ML,31.0,175.2
SABAO LIQUIDO YPE POWER ACT RF 12X900G,1.0,175.2
DESINFETANTE GIRANDO SOL LAVANDA 4X5L,2.0,175.2
LIMPADOR PERFUMADO BRILHOLAC COM ALCOOL FRESH 1L,15.0,175.13
DESINFETANTE POP LIMP LAVANDA 2L,30.0,175.0
AMACIANTE CONCENTRADO DORIGON  INVERNO 1L,12.0,174.92
DESINFETANTE TOP LUX PALMOLIVE 2L,34.0,174.76
LIMPADOR PERFUMADO LIMPA JA FLORES DO CAMPO 500ML,85.0,174.72
LIMPADOR PET REAX PET ELIMINADOR DE ODORES TRADICIONAL 2L,9.0,174.59
DETERGENTE LIQUIDO MM QUIMICA NEUTRO 5L,8.0,174.5
DESINFETANTE TOP LUX NATURA 2L,35.0,174.4
DETERGENTE LIQUIDO FC PET NEUTRO 24X500ML,4.0,174.12
SABAO LIQUIDO LOURO MAXI SOFT 2L,11.0,174.12
DETERGENTE LIQUIDO POLY BRIL NEUTRO 500ML,106.0,174.0
DETERGENTE LIQUIDO QUIMITOL INTERTOL ACIDO 1L,12.0,173.72
LIMPADOR PERFUMADO LIMPEX MACA 2L,31.0,173.49
LIMPADOR MULTIUSO DEION DETERGENTE AMONIACAL 5L,5.0,173.41
SABAO EM PO ALICE  FRESH SACHET 500G,87.0,173.37
DESINFETANTE LIMPLEX FLORES DO CAMPO 2L,26.0,173.21
SABAO EM PO BRASITALIA 1KG,9.0,173.08
DETERGENTE LIQUIDO BRILUX LAVANDA 24X500ML,3.0,173.04
LIMPADOR PERFUMADO RICLEY TALCO 5L,11.0,172.92
AMACIANTE DILUIDO SOFITEL LAVANDA 2L,23.0,172.83
LIMPEZA PESADA DEOLINE LIMPA PEDRA/POS OBRA 1L,9.0,172.78
DETERGENTE LIQUIDO ODD LIMAO 500ML,85.0,172.57
LIMPADOR ESSENCIA AROMAX PINHO 100ML,23.0,172.37
DESINFETANTE RETIRO EUCALIPTO 1L,56.0,172.18
LIMPADOR PERFUMADO ATTO EUCALIPTO 5L,12.0,172.08
DESINFETANTE ITO FLORAL 2L,17.0,172.05
DESINFETANTE CHEIRO DO LAR PALMOLIVE 2L,32.0,172.0
LIMPADOR ESSENCIA NOVO FRESCOR PREMIUM EUCALIPTO 140ML,8.0,172.0
SABAO LIQUIDO LIMP PERF CLEAN VALE 1L,13.0,171.96
DESINFETANTE URCA CITRONELA 500ML,55.0,171.95
"AMACIANTE CONCENTRADO FLOM SENSITIVE HIPOALERGENICO 1,8L",5.0,171.95
LIMPADOR PERFUMADO BELLA CASA FOFURA 500ML,29.0,171.88
DESINFETANTE CONDE TALCO 5L,13.0,171.87
AMACIANTE DILUIDO TUPA 2L,22.0,171.84
DETERGENTE LIQUIDO SUPER LIMPO LIMAO 500ML,88.0,171.83
LIMPADOR PERFUMADO UAU PERFUMES LEMBRANCAS CARINHO 500ML,37.0,171.77
DESINFETANTE PURILIMP PINHO 2L,25.0,171.71
AMACIANTE CONCENTRADO BRILHA SUL PAIXAO 500ML,19.0,171.59
DESINFETANTE OMO LAVANDA 500ML,25.0,171.19
DESINFETANTE LINTAX PINHO 2L,31.0,171.17
DESINFETANTE DLM PALMOLIVE 2L,28.0,171.08
DESINFETANTE ALICE FLORAL 500ML,73.0,171.07
DETERGENTE LIQUIDO BRILHO MIL TUTTI FRUTTI 2L,38.0,171.0
DESINFETANTE DESODOR PINHO CITRUS 1L,30.0,171.0
DETERGENTE LIQUIDO PURILIMP NEUTRO 5L,6.0,170.94
AMACIANTE DILUIDO MON BIJOU NETUNO 2L,9.0,170.91
SABAO EM PO IRIS MULTIACAO 800G,35.0,170.87
ALVEJANTE ATTIVO 5L,10.0,170.62
DESINFETANTE EFICAZ EUCALIPTO 2L,18.0,170.6
LIMPADOR PERFUMADO VALOR VIDA VIVA 500ML,35.0,170.57
DESINFETANTE PINHO SOL ULTRA ACAO 500ML,21.0,170.55
DESINFETANTE ALICE MARINE 5L,15.0,170.35
LIMPADOR PET CAT DOG ELIMINADOR DE ODORES EUCALIPTO 2L,12.0,170.15
DESINFETANTE LIPON PINHO 2L,24.0,170.02
LIMPADOR MULTIUSO SURIA DETERGENTE CONCENTR CAPIM LIMAO 2L,6.0,169.94
AMACIANTE DILUIDO MAXIMO BRILHO LAVANDA  2L,28.0,169.88
LIMPADOR PERFUMADO ESTRELA BAMBU 500ML,40.0,169.71
SABAO LIQUIDO MAXLIM ETERNETY 2L,11.0,169.69
DETERGENTE LIQUIDO COMBATE NEUTRO 500ML,61.0,169.65
DESENGORDURANTE CASA CLEAN COZINHA GT 910ML + RF 910ML 1.82L,8.0,169.65
DESINFETANTE VIOL ZIKS 2L,25.0,169.65
ALVEJANTE BRILHANTE FRESH FRASCO 2L,11.0,169.58
DETERGENTE LIQUIDO FC PET MACA 24X500ML,4.0,169.44
DESINFETANTE FUZETTO FLORAL 500ML,44.0,169.41
DESINFETANTE CLORAX PINHO 5L,11.0,169.31
SABAO EM PO QUASAR TRADICIONAL SACHE 500G,58.0,169.21
DESINFETANTE AGEX LAVANDA 5L,22.0,169.18
DESINFETANTE LIDER EUCALIPTO 2L,27.0,169.17
ALVEJANTE MIMO PERFUMADO COM FLORAL 1L,50.0,169.07
DESINFETANTE CASA CRUZ TALCO 2L,32.0,168.96
AMACIANTE DILUIDO INCOLIMP AZUL 5L,11.0,168.75
LIMPADOR PERFUMADO UAU LIRIO LV500ML PG400ML 500ML,28.0,168.72
AMACIANTE CONCENTRADO BRILHA SUL AZUL 500ML,22.0,168.49
REMOVEDOR LIMPA MAIS LAVANDA 1L,7.0,168.48
SABAO LIQUIDO OLA DELICADAS COCO PG400ML LV500ML,10.0,168.33
DETERGENTE LIQUIDO POP LIMP NEUTRO 500ML,92.0,168.24
AMACIANTE DILUIDO CAMPESTRE BABY 1L,39.0,168.17
DESENGORDURANTE BLIMP 500ML,42.0,168.13
DETERGENTE LIQUIDO MIL FLORES CLASSIC 1L,40.0,168.12
LIMPADOR ESSENCIA SALUTAR JASMIIN 100ML,23.0,168.09
DESENGORDURANTE VOFSI 5L,2.0,168.0
DESINFETANTE BARRIGA VERDE TALCO 2L,12.0,168.0
DETERGENTE LIQUIDO NACIONAL ALCALINO CLORADO 5L,3.0,168.0
AMACIANTE DILUIDO CENAP FLORAL 5L,7.0,167.93
DESINFETANTE SANOL GIRASOIS E GENGIBRE 2L,19.0,167.89
"SABAO EM PO OMO LAVAG PERF SC 6X2,4KG",1.0,167.88
"AMACIANTE CONCENTRADO DOWNY BRISA DE VERAO GALAO 1,8L",4.0,167.87
LIMPEZA PESADA AJAX FRESH LEMON 3X500ML,14.0,167.72
AMACIANTE DILUIDO VIDA MACIA GLICERINA E AMENDOA 1L,13.0,167.7
CLORO CLEAN VALE GRANULADO MULTIPLA ACAO 1KG,6.0,167.45
SABAO LIQUIDO SEMORIN TRADICIONAL 500ML,14.0,167.11
TIRA MANCHA QBOA S/CLORO CORES 12X500ML,3.0,167.04
LIMPADOR PERFUMADO CASA PERFUMADA COM ALCOOL NATURE 500ML,15.0,166.99
AMACIANTE DILUIDO LISA TERNURA  2L,19.0,166.91
DETERGENTE LIQUIDO JUA MACA 24X500ML,5.0,166.8
DETERGENTE LIQUIDO BARRIGA VERDE MULTIUSO 2L,8.0,166.74
DESINFETANTE G.POL KAIAK 2L,29.0,166.72
SABAO EM PO ESPUMIL LAVANDA SC 1KG,35.0,166.65
DESINFETANTE DESODOR PINHO LIMAO 1L,29.0,166.64
LIMPADOR MULTIUSO ZAP CLEAN TRADICIONAL SQUEEZE 500ML,35.0,166.52
AMACIANTE CONCENTRADO DEOLINE FLOR DE PRIMAVEIRA 500ML,28.0,166.44
DETERGENTE LIQUIDO DENGO LOUCA CONC NEUTRO 5L,5.0,166.35
LIMPADOR PERFUMADO LOURO CITRUS 5L,9.0,166.03
DESINFETANTE DLM TICIA 2L,29.0,166.0
AMACIANTE DILUIDO MAGIC CLASSICO SONHO 2L,20.0,166.0
DESINFETANTE SUPER BRILHO LAVANDA 1L,41.0,166.0
SABAO EM PO TULY TRADICIONAL SACHE 500G,67.0,165.95
AMACIANTE DILUIDO BABY SOFT TOQUE CARINHO 2L,19.0,165.85
AMACIANTE DILUIDO CATARINA PERFEICAO 2L,13.0,165.8
AMACIANTE DILUIDO NOVO LAR BEBE 2L,21.0,165.79
AMACIANTE DILUIDO LIMPA FACIL CARINHO 2L,27.0,165.69
SABAO EM PO TUFF MULTICORES 5KG,3.0,165.68
DESINFETANTE MULT FACIL AMAZONAS 1L,34.0,165.66
LIMPADOR PERFUMADO LIMPEX MORANGO 2L,29.0,165.61
SABAO PO INVICTO SUPERACAO,2.0,165.6
LIMPADOR PERFUMADO LIMPA TUDO FLOR DO CAMPO 2L,29.0,165.59
DESINFETANTE BRISA LAR PINHO 2L,22.0,165.33
DESENGORDURANTE LIMPE BEM 5L,9.0,165.07
SABAO EM PO PROEZA 5KG,5.0,164.95
DESINFETANTE JHOLIMP KAIAK 5L,11.0,164.89
AGUA SANITARIA PROLAR 5L,11.0,164.78
LIMPADOR PERFUMADO CASA E PERFUME SENSUALIDADE ROXO 500ML,26.0,164.72
LAVA ROUPAS PO COMFORT 800G FIBER PROTECT,13.0,164.67
DESINFETANTE NUTRILAR FLORAL 500ML,56.0,164.49
AMACIANTE CONCENTRADO ZAVASKI DELICATE 500ML,35.0,164.45
DESINFETANTE REAL LAVANDA 5L,13.0,164.34
SABAO EM PO APYCE MULTIACAO SACHE 50X400G,69.0,164.31
AMACIANTE DILUIDO ROUPAS MAX ROSA 2L,27.0,164.31
SABAO LIQUIDO BIOZ GREEN BABY 1L,7.0,164.07
DESINFETANTE MULT FACIL IGUATEMI 2L,19.0,163.95
DESINFETANTE RISO LAVANDA 5L,8.0,163.8
AMACIANTE DILUIDO CLASSIC FLORAL 2L,23.0,163.73
DESINFETANTE MOURA LAVANDA 2L,24.0,163.69
DESINFETANTE LIMPA BEM FLORAL 5L,12.0,163.48
DETERGENTE LIQUIDO DAS NEVES NERY 2L,23.0,163.43
AMACIANTE DILUIDO YZA ACONCHEGO 2L,20.0,163.31
DESINFETANTE TOP LUX FREE 2L,32.0,163.25
SABAO LIQUIDO OMO ROUPAS DELICADAS ORIGINAL 12X900ML,1.0,163.2
DESINFETANTE ALE LAVANDA 2L,32.0,163.08
DESINFETANTE REAL NATURAL FRESH 1L,41.0,163.07
LIMPEZA PESADA K LUSTRA CERA 1L,21.0,162.99
DETERENTE EM PO BRILHANTE MULTI SACHE P18 LV2K,6.0,162.9
LIMPADOR PERFUMADO MAX CLEAR LAVANDA 5L,12.0,162.88
SPRAY PET CLEAN CITRICO 120ML,10.0,162.76
DESINFETANTE SAO SEBASTIAO CREOBOA 500ML,25.0,162.75
LIMPADOR PERFUMADO OESTE CARINHO 1L,28.0,162.7
DESINFETANTE LIMPA BEM MARINE 5L,12.0,162.68
DETERGENTE LIQUIDO JUMPOL MACA 500ML,83.0,162.63
DESINFETANTE LAR LAVANDA 2L,18.0,162.51
DESINFETANTE REAL LAVANDA 2L,30.0,162.35
DESINFETANTE LIMP LAR EUCALIPTO 2L,29.0,162.31
DETERGENTE LIQUIDO IMPERIAL 2L,18.0,162.26
DESINFETANTE BE FLOR LARANJEIRA 2L,31.0,162.19
SABAO LIQUIDO MARILUX FLORES DE HORTENSIA 3L,10.0,161.99
DETERGENTE LIQUIDO ATIVUS 5L,9.0,161.91
DESINFETANTE FORTT EUCALIPTO 2L,26.0,161.68
DESINFETANTE SARITA FLORAL 2L,19.0,161.64
DESINFETANTE ESFRELUX PINHO 500ML,50.0,161.55
AGUA SANITARIA BUFALO 1L,42.0,161.48
LIMPADOR MULTIUSO AMPERFLIM IGUATEMI SPRAY 250ML,5.0,161.27
DETERGENTE LIQUIDO CASA CRUZ LIMAO 500ML,102.0,161.16
LIMPADOR MULTIUSO UAU KIT LV4 PG3 4X500ML,30.0,161.11
DESINFETANTE LIMPLEX LAVANDA 5L,11.0,160.89
DESINFETANTE REAL HERBAL BACTERICIDA 2L,25.0,160.79
DESINFETANTE LIMPA MAIS LAVANDA 2L,36.0,160.75
LIMPADOR DE VIDRO ITO REFIL 500ML,19.0,160.69
SABAO LIQUIDO DICLORO LIQ BRANCAS E COL 2L,8.0,160.67
DETERGENTE LIQUIDO BRIIZ LIMAO 5L,9.0,160.65
LIMPADOR MULTIUSO BIOZ GREEN VERBENA 470ML,15.0,160.46
ALVEJANTE RCD SEM CLORO 2L,10.0,160.4
DESINFETANTE LISA EUCALIPTO 2L,22.0,160.38
LIMPADOR MULTIUSO URCA MAXX LAVANDA 12X500ML,5.0,159.96
DETERGENTE LIQUIDO UNICA NEUTRO 500ML,64.0,159.96
SABAO LIQUIDO TEIU COCO DELICATE 4X3L,8.0,159.92
AMACIANTE DILUIDO RONDONIA CONFORTO AZUL 5L,8.0,159.92
CLORO LIMPACT 5 LT,10.0,159.9
AMACIANTE DILUIDO PURE FRESH AZUL 5L,11.0,159.89
"SABAO EM PO APYCE MULTIACAO ROSA 13X1,6KG",16.0,159.84
DESINFETANTE BE FLORAL 2L,28.0,159.82
ALGICIDA MANUNTENCAO HIDROAZUL  5L,2.0,159.8
SABAO EM PO BRILHANTE HIGIENE TOTAL 20X800G,1.0,159.8
SABAO EM PO BRILHANTE CUIDADO TOTAL 20X800G,1.0,159.8
AMACIANTE DILUIDO KEDNA SONHO BEBE 2L,18.0,159.74
DESINFETANTE REAL MIX DE FLORES BACT 5L,12.0,159.74
DESINFETANTE SOLIMP PINHO 2L,27.0,159.73
DESINFETANTE TOP LUX OMO 2L,32.0,159.68
DETERGENTE LIQUIDO MAXLIM NEUTRO 5L,10.0,159.6
LIMPADOR ESSENCIA WARLIKE SPAR 250ML,20.0,159.6
REMOVEDOR DE TINTAS IQUINE 1LT,4.0,159.5
DESINFETANTE REAL PALMOLIVE 2L,30.0,159.35
DETERGENTE LIQUIDO PURILIMP COCO 2L,14.0,159.11
AGUA SANITARIA UNIMIX 5L,10.0,159.0
DESINFETANTE DENGO LAVANDA 5L,5.0,159.0
DETERGENTE LIQUIDO CANDEIAS MACA 500ML,85.0,158.91
DESINFETANTE DONA CLARA PINHO 2L,24.0,158.86
SABAO LIQUIDO DENGO COCO 2L,8.0,158.8
DESINFETANTE BRISA LAR HERBAL 2L,27.0,158.78
DETERGENTE LIQUIDO CLASSIC MACA 500ML,84.0,158.66
ALVEJANTE MINA SEM CLORO 2L,10.0,158.4
DETERGENTE LIQUIDO CONDE LIMAO 500ML,91.0,158.09
LIMPADOR PERFUMADO CASA LIMPA FLASH 1L,18.0,158.02
AMACIANTE DILUIDO GUARANI FANTASIA 500ML,48.0,157.98
LIMPADOR PERFUMADO AJAX LAVANDA NATURAL ESSENTIALS 1L,9.0,157.89
DESINFETANTE MEGA CLEAN FLORAL 5L,12.0,157.81
AMACIANTE DILUIDO GIRANDO SOL ROSA 4X5L,2.0,157.74
DETERGENTE LIQUIDO MAZA COCO 500ML,66.0,157.5
LIMPADOR PERFUMADO BRILUX TERNURA 12X500ML,3.0,157.44
SABAO EM PO COMFORT HYDRA SERUM 800G,11.0,157.38
LIMPADOR PERFUMADO BECKER BAMBOO 500ML,33.0,157.3
LIMPADOR MULTIUSO CLINEZA 500ML,40.0,157.26
LIMPADOR ESSENCIA NOGUEIRA TALCO 250ML,9.0,157.24
LIMPEZA PESADA VEJA ORIGINAL L600ML P500ML,15.0,157.2
AMACIANTE DILUIDO CANDURA CLASSICO GARRAFA 6X2L,4.0,157.14
DETERGENTE LIQUIDO SOLIMPE 5L,10.0,157.08
REMOVEDOR PASTOSO 900ML 4292.04,2.0,157.08
DESINFETANTE MAIS COTE ELIMINADOR DE ODORES PINHO 2L,7.0,156.72
DESINFETANTE BRISA LAR MARINE 2L,25.0,156.69
DESINFETANTE SUPER LIMPO TALCO 2L,22.0,156.68
AGUA SANITARIA CANDURA 2X5L,6.0,156.68
DETERGENTE LIQUIDO LAVANDEIRA CRISTAL 2L,26.0,156.53
AMACIANTE DILUIDO COMBATE PETALA 500ML,47.0,156.53
LIMPADOR PERFUMADO BECKER OCEAN 500ML,32.0,156.48
SABAO LIQUIDO BOM USO 1 L,14.0,156.39
SABAO LIQUIDO BABY SOFT FINAS E DELICADAS ORIG 1L,10.0,156.26
DETERGENTE LIQUIDO LIMPOL CRISTAL PAGUE MENOS 4X3L,3.0,156.12
DESINFETANTE TOCK ZIKS PERFUMADO 5L,9.0,156.09
SABAO EM PO MAXISSO COCO 500G,79.0,155.94
AMACIANTE DILUIDO IMBA QUIMICA AZUL 5L,7.0,155.93
AMACIANTE DILUIDO AMACITEL SONHOS ENCANTADOS 6X2L,3.0,155.88
SABAO EM PO BRILHANTE  6X2.4KG,1.0,155.88
LIMPEZA PESADA ALL TRAT LIMPA CAIXA DE GORDURA 90G,4.0,155.81
ALVEJANTE REAL SEM CLORO 2L,14.0,155.59
LIMPADOR DE VIDRO BLIMP 500ML,36.0,155.56
DESINFETANTE MULT FACIL AMAZONAS 5L,9.0,155.51
DESINFETANTE MAGICO LAVANDA 1L,28.0,155.38
SABAO EM PO OMO LAVANDA LAVAGEM PERFEITA 800G,11.0,154.89
DESINFETANTE UTILAR LAVANDA 2L,13.0,154.83
LIMPEZA PESADA PIQ LIMPA PEDRA 1L,17.0,154.83
DESINFETANTE ARAUJO DAMA DA NOITE 2L,21.0,154.77
LIMPADOR MULTIUSO BIANCOLL EUCALIPTO 1L,15.0,154.71
AMACIANTE DILUIDO LIMPEBEM INVERNO 5L,9.0,154.5
DESINFETANTE POLYMIX FLORAL 2L,26.0,154.4
LIMPADOR MULTIUSO CIF GEL GRATIS 20% 475G,12.0,154.4
TIRA MANCHA AQUA PLUS EM PO POWER 450G,7.0,153.93
DETERGENTE LIQUIDO BRILHA SUL MARINE 500ML,76.0,153.93
ALVEJANTE KIMAFLOR EM PO SEM CLORO GENTILE 900G,8.0,153.9
DESINFETANTE MAX CLEAR LIMAO 5L,11.0,153.89
ALVEJANTE VELIMP SEM CLORO 2L,12.0,153.76
DESINFETANTE PINHO SOL GERAL 750ML,6.0,153.75
DESENGORDURANTE NOBRE MULTIUSO UP PRO 500ML,37.0,153.73
DESINFETANTE KALIPTO LAVANDA 6X2L,4.0,153.6
DESENGORDURANTE SUPER BRANCO COZINHA GATILHO 500ML,10.0,153.46
ALVEJANTE BRILHANTE UTILE FLORAL 2L,6.0,153.45
DESINFETANTE GBEL FLORAL 500ML,39.0,153.44
DESINFETANTE LOOK LIMP FABULOSO 2L,24.0,153.43
DESINFETANTE G.POL TALCO 2L,29.0,153.37
LIMPADOR ESSENCIA ALOP CONCENTRADO EUCALIPTO 140ML,17.0,153.36
AMACIANTE DILUIDO IDEAL BRANCO AZUL 5L,11.0,153.29
REMOVEDOR LIMPA MAIS 500ML LAVANDA,10.0,153.26
DESINFETANTE KI JOIA TRANSPARENTE FLORAL 5L,12.0,153.24
DESINFETANTE MAIS LIMPEZA ESTILETO 2L,37.0,153.21
DESINFETANTE DESODOR PINHO LIMAO 500ML,34.0,153.1
LIMPADOR PET ACAO PET ELIMINADOR DE ODORES ROSA 2L,10.0,152.79
DESINFETANTE MOURA FLORES DO CAMPO 2L,22.0,152.78
DETERGENTE LIQUIDO OESTE MACA 24X500ML,4.0,152.64
DESINFETANTE BUFALO LAVANDA 6X2L,6.0,152.64
DESINFETANTE MEGA CLEAN DAMA DA NOITE 2L,24.0,152.5
ALVEJANTE HIGILAR SEM CLORO 1L,22.0,152.4
SABAO LIQUIDO MAZA 2L,9.0,152.22
LIMPADOR MULTIUSO SANOL DESENG/TIRA LIMO/ LIMPA VID 3X500ML,9.0,152.21
AMACIANTE DILUIDO SONHO LAVANDA SACHE 1L,23.643,152.21
DESINFETANTE CANDEIAS LAVANDA 5L,8.0,152.15
DESINFETANTE LIMP LAR FLORAL 2L,28.0,152.03
DESINFETANTE CLORAX PARA USO GERAL 5L,10.0,151.9
SABAO EM PO KLIP ALOE VERA SACHE 500G,47.0,151.85
ALA SABAO EM PO FRUTA TROP 500G,31.0,151.84
AMACIANTE CONCENTRADO UAU CARINHO E CONFORTO 12X1L,1.0,151.8
DESINFETANTE TALIMPO FLORAL 2L,16.0,151.64
SABAO LIQUIDO OMO SPORTS 900ML,9.0,151.62
DESINFETANTE LISTAL MARINE 2L,21.0,151.53
AGUA SANITARIA TRIEX VERDE 6X2L,6.0,151.44
DETERGENTE LIQUIDO LIMPA MAIS NEUTRO 2L,30.0,151.41
LIMPADOR ESSENCIA NOVO FRESCOR PREM LAVANDA 140ML,12.0,151.38
DETERGENTE LIQUIDO DLM LIMPEZA MACA 1L,27.0,151.3
DESINFETANTE LIMPLEX LAVANDA 2L,22.0,151.27
ALVEJANTE DENGO SEM CLORO 2L,8.0,151.2
AGUA SANITARIA START GF 12X1L,4.0,151.12
SABAO LIQUIDO SAIF SACHE GLICERINA 1L,10.0,151.12
SABAO LIQUIDO CONFORT LOWEST 5L,8.0,150.84
SABAO EM PO AMACITEL TOQUE DE POESIA 500G,33.0,150.82
AGUA SANITARIA COTTONY 2L,35.0,150.15
LIMPADOR PISCINA GEL CLARIFICANTE CLEAR GEL 4UN,5.0,150.08
SABAO LIQUIDO BRILHASSIM 2 LITROS,59.0,150.07
CLORO MULTIACAO HIDROAZUL SACOLA 5KG,1.0,149.98
ALVEJANTE SEMPRE VIVA SEM CLORO WHITE 5L,3.0,149.94
SBP SURF BANHO DE BLANQURA 1000G,15.0,149.85
DESINFETANTE GOTA FORTE EUCALIPTO 5L,10.0,149.8
AMACIANTE DILUIDO FENIX CARINHO MATERNO 500ML,25.0,149.75
LIMPADOR ESSENCIA BELAROMA JASMIM 140ML,17.0,149.51
LIMPADOR DE VIDRO HIGILAR 2L,10.0,149.48
AGUA SANITARIA SUMMER 1L,60.0,149.4
LIMPADOR PERFUMADO SOLIMPE TALCO 2L,25.0,149.38
DET PO OMO 900G SPORTS,10.0,149.0
LIMPADOR PERFUMADO NOVO LAR MINHA INFANCIA 500ML,29.0,148.99
SABAO LIQUIDO HIGILAR 5L,5.0,148.95
"SABAO EM PO ACE CAIXA 2,2KG",6.0,148.94
LIMPADOR PERFUMADO ATTIVO FLORAL 5L,8.0,148.83
DETERGENTE LIQUIDO MOURA NEUTRO 2L,18.0,148.82
DESINFETANTE AGIFACIL CAMPESTRE 500ML,47.0,148.81
AMACIANTE DILUIDO GIRANDO SOL TALCO 2L,16.0,148.73
SABAO LIQUIDO DLM 1L,19.0,148.67
DESINFETANTE REAL TALCO 2L,29.0,148.64
LIMPADOR ESSENCIA CAMPO BELO CAMPESTRE 100ML,35.0,148.46
LIMPADOR PERFUMADO BECKER BAMBOO 1L,23.0,148.43
LIMPEZA PESADA DETERTREX DESINCRUSTANTE ALCALINO 5L,1.0,148.4
DETERGENTE LIQUIDO PAMPY NEUTRO 5L,11.0,148.39
SABAO LIQUIDO TANLUX 5L,8.0,148.32
DESINFETANTE PINHO SOL FLORAL LV1L PG900ML 1L,9.0,148.31
DESINFETANTE START TALCO 5L,3.0,148.17
DESINFETANTE LIDER PINHO 2L,23.0,148.11
CLORO TRAD LIMPAJA 1L,38.0,147.99
DESINFETANTE CAMPESTRE EUCALIPTO 1L,37.0,147.95
REMOVEDOR MULTISSUPERFICIES DA ILHA 900ML,16.0,147.82
DETERGENTE LIQUIDO GIRANDO SOL NATURAL 24X500ML,2.8749000000000002,147.78
DESINFETANTE CHEIRO BOM EUCALIPTO 1L,41.0,147.75
DESINFETANTE ECONOMICO LAVANDA 2X5L,4.0,147.46
LIMPADOR PERFUMADO ESFRELUX EMOCAO 500ML,29.0,147.45
DETERGENTE LIQUIDO ARAUJO COCO 2L,19.0,147.36
DESINFETANTE DLM FLORAL 1L,41.0,147.31
DETERGENTE LIQUIDO SELUQ NEUTRO 2L,22.0,147.28
DETERGENTE LIQUIDO COOPCLEAN PITANGA 500ML,67.0,146.83
LIMPADOR PERFUMADO HR LAVANDA/SENSACAO 5L,8.0,146.83
AGUA SANITARIA BRASIL 5L,21.0,146.79
LIMPADOR ESSENCIA ALVO DAMA DA NOITE 140ML,21.0,146.79
DETERGENTE LIQUIDO FONTANA MACA 500ML,82.0,146.78
DETERGENTE LIQUIDO TOP VEGAN CITRUS 500ML,11.0,146.69
SABAO LIQUIDO K LUSTRA 1 L,16.0,146.64
LIMPADOR PERFUMADO KIMAFLOR BAMBU ORIENTE 5L,5.0,146.45
SABAO EM PO SURF CAMINHANDO SOBRE PETALAS 1KG,3.0,146.44
DETERGENTE LIQUIDO AYLAG LIMAO 500ML,66.0,146.36
LIMPADOR DE VIDRO SAIF SECAGEM RAPIDA 500ML,11.0,146.34
LIMPADOR DE VIDRO POLITRIZ SPRAY 12X500ML,4.0,146.34
SABAO LIQUIDO MON BIJOU HARMONIA 500ML,10.0,146.3
DESINFETANTE TUPA NATURA 2L,20.0,146.17
DESENGORDURANTE DEOLINE 5L,3.0,146.17
DESINFETANTE LIMBEL FRESH 2L,16.0,146.1
AGUA SANITARIA HF 2L,15.0,146.06
SABAO LIQUIDO BRILLANO PEROL ERVA DOCE 5L,5.0,145.99
DESINFETANTE YPE PINHO LAVANDA 2L,8.0,145.92
DETERGENTE LIQUIDO VIDA LIMAO 24X500ML,4.0,145.92
SABAO LIQUIDO CLARIN COCO 1L,17.0,145.6
DETERGENTE LIQUIDO ELLY MACA 500ML,77.0,145.2
DESINFETANTE AYLAG LAVANDA 5L,12.0,145.1
DETERGENTE LIQUIDO BECKER LIMAO 500ML,81.0,144.99
DESINFETANTE UNICA LAVANDA 5L,12.0,144.93
DESINFETANTE DORIGON EUCALIPTO 5L,8.0,144.87
AMACIANTE DILUIDO CANDEIAS FLOR LAVANDA 5L,7.0,144.85
DESINFETANTE UNICA ALGAS MARINHA 5L,12.0,144.72
AMACIANTE CONCENTRADO SEMORIN EXPL INTENSA 900ML,8.0,144.68
DESINFETANTE ARAUJO EUCALIPTO 2L,19.0,144.55
AMACIANTE DILUIDO LIMBEL FLORAL 2L,14.0,144.47
SABAO LIQUIDO JAGUAR ESPECIAL LIQ ROUPA 5L,7.0,144.43
DETERGENTE LIQUIDO CIF CLEAR LIMAO 420ML,14.0,144.35
LIMPADOR ESSENCIA AROMATEC LAVANDA 200ML,17.0,144.33
DESINFETANTE IDEAL FLORAL 2L,28.0,144.22
AMACIANTE DILUIDO LIMP LAR 2L,20.0,144.09
DESINFETANTE OYYO CAPIM LIMAO 5L,9.0,143.97
DESINFETANTE STORK FR FLORAL 5L,11.0,143.93
AMACIANTE CONCENTRADO DOWNY JARDIM DAS ROSAS 500ML,9.0,143.91
DESINFETANTE ALICE CITRUS 500ML,65.0,143.64
DESINFETANTE LIMPA LIDER LAVANDA 2L,4.0,143.6
DESINFETANTE LIMPEBEM IGUATEMI 1L,37.0,143.53
DESINFETANTE ATRON PRIMAVERA 2L,29.0,143.41
SABAO EM PO ACE COCO SC 1KG,19.0,143.41
AMACIANTE DILUIDO URCA PAIXAO 12X1L,19.0,143.27
LIMPADOR PERFUMADO RICLEY KAIAQUE 2L,19.0,143.19
AMACIANTE DILUIDO ECONOMICO SOFT ROSE 6X2L,3.0,143.04
LIMPEZA PESADA ALLCHEM SOLUCAO ACIDA 950ML,8.0,142.96
SABAO LIQUIDO SAO MARCOS SPORTS 3L,11.0,142.89
AMACIANTE CONCENTRADO SEMORIN EXPL INTENSA 450ML,15.0,142.83
LIMPADOR DE VIDRO KLARIANA GATILHO 500ML,9.0,142.82
LIMPEZA PESADA RODO QUIMICA DESENTUP LIQ LIMPA KANO 950ML,6.0,142.76
DETERGENTE LIQUIDO IDEAL LIMAO 2L,24.0,142.76
DESINFETANTE PINHO SOL MULTIUSO 2X POD 500ML,16.0,142.72
CLORO ATIVO SO BRILHO 1L,27.0,142.7
LIMPADOR PERFUMADO SOLIMPE LIRIO 2L,22.0,142.69
DESINFETANTE SPOOMA FLORAL 5L,10.0,142.61
AMACIANTE DILUIDO LIMBEL COLAGENO 2L,14.0,142.58
SABAO EM PO LIMPA MAIS FLORES 500G,58.0,142.54
CLORO LIMP LAR 5L,5.0,142.5
DESINFETANTE MARILUX CAMPESTRE 1L,47.0,142.44
TIRA MANCHA VIVA MULTICOLORS 450G,6.0,142.34
AMACIANTE DILUIDO BLIMP PUREZA 2L,18.0,142.33
DESINFETANTE TRES BARRAS CAMPESTRE 2L,19.0,142.31
DESINFETANTE QUASAR TALCO 1L,33.0,142.21
DESINFETANTE AQUAFAST MARINE 5L,7.0,142.15
LIMPADOR PERFUMADO MAXIMO BRILHO BABY CONCENTRADO 200ML,35.0,142.05
SABAO LIQUIDO TOP VEGAN 1L,7.0,141.96
LIMPADOR PET FIDALGOS LIMPA CANIL LAVANDA 140ML,16.0,141.95
TIRA MANCHA BRILHANTE S/CLORO ANTIBACTERIANO 2L,7.0,141.89
DESINFETANTE PET CAT ZONE XO BACTERIAS CITRONELA 2L,8.0,141.74
SABAO EM PO AMACITEL ALEGRES ENCANTOS 500G,33.0,141.73
DESINFETANTE BECKER LAVANDA 6X3L,2.0,141.6
DESINFETANTE BECKER TALCO 6X3L,2.0,141.6
DESINFETANTE BECKER FLORAL 6X3L,2.0,141.6
DETERGENTE LIQUIDO IDEAL MACA 2L,24.0,141.56
AMACIANTE DILUIDO QBOA MACIEZ COM CARINHO 6X2L,3.0,141.54
LIMPADOR ESSENCIA UTIL CONCENTRADO FEMME 150ML,15.0,141.31
DETERGENTE LIQUIDO BIANCOLL LIMAO 2L,15.0,141.31
DESINFETANTE DONA CLARA EUCALIPTO 1L,28.0,141.12
AMACIANTE DILUIDO ILLO DUO  5L,7.0,140.98
DESINFETANTE GUIMARAES PINHO 500MIL,57.0,140.91
LIMPADOR PET DALU ELIMINADOR DE ODORES TRADICIONAL 2L,12.0,140.85
DESINFETANTE DESODOR PINHO TRADICIONAL 500ML,31.0,140.74
AMACIANTE DILUIDO RONDONIA CONFORTO AZUL 2L,15.0,140.65
DESINFETANTE SUPER LIMPO EUCALIPTO 2L,18.0,140.62
DESENGORDURANTE SEMORIN GORDURA A SECO 400ML,3.0,140.48
LIMPADOR ESSENCIA GITANES EUCALIPTO 140ML,11.0,140.39
DESINFETANTE GBEL FLORAL 1L,25.0,140.31
LIMPADOR MULTIUSO ZUPP POWER TRADICIONAL 5L,5.0,140.25
AMACIANTE DILUIDO LIMP 2L,18.0,140.04
AMACIANTE DILUIDO TEIU ROSAS AMOR 2L,14.0,140.0
DESINFETANTE NOVO LAR HARMONIA 500ML,33.0,139.91
DETERGENTE LIQUIDO LIMPOL YLANG YLANG CONCENTRADO 511ML,15.0,139.88
CLORO ARAUJO 1L,21.0,139.79
DESINFETANTE LIMPEBEM FLORAL 1L,35.0,139.75
AMACIANTE DILUIDO BEM ESTAR 2L,17.0,139.53
DESINFETANTE LIMPA MAIS KAYAK 2L,29.0,139.51
AMACIANTE CONCENTRADO COPAIBA CALOS 500ML,5.0,139.48
DESINFETANTE CANDEIAS MARINE 5L,7.0,139.44
SABAO EM PO BIG SOFT SH 2KG,8.0,139.37
DESENGORDURANTE KITLAR MAX 2LT,16.0,138.76
DESINFETANTE DORIGON PINHO 5L,8.0,138.67
SABAO EM PO BRANMIX COCO 1.6KG,15.0,138.65
DETERGENTE LIQUIDO RICLEY NEUTRO 2L,15.0,138.65
DESINFETANTE KEDNA ALFAZEMA 2L,16.0,138.62
DESINFETANTE BATUTA LAVANDA 5L,6.0,138.6
AGUA SANITARIA ECONOMICA 3X5L,10.0,138.6
LIMPADOR ESSENCIA CITROMAX TALCO 100ML,26.0,138.55
DETERGENTE LIQUIDO CHEIRO BOM NEUTRO 1L,38.0,138.44
LIMPADOR PERFUMADO AR PITANGA 2L,22.0,138.38
"AMACIANTE DILUIDO TOT EXUBERANTE 1,8L",24.0,138.26
DESINFETANTE FEROZ FLORAL 5L,10.0,138.18
TIRA MANCHA VANISH GEL CRYSTAL WHITE 20% DESC 1500ML,4.0,138.17
DESINFETANTE DESODOR PINHO FLORES 500ML,32.0,138.11
AGUA SANITARIA GIRANDO SOL VERDE 4X5L,2.75,138.08
SABAO LIQUIDO PLUSH REVOLUTION 1L,8.0,138.01
DETERGENTE LIQUIDO DORIGON LIMAO 500ML,50.0,137.93
AMACIANTE DILUIDO OTIMO BRILHO TOQUE DE AMOR 500ML,54.0,137.86
DESINFETANTE DLM LIMPEZA JASMIM 1L,39.0,137.86
DESINFETANTE LIMPA MAIS FREE 2L,29.0,137.85
DESENGORDURANTE UTIL COZINHA 500ML,32.0,137.81
SABAO EM PO CLASSIC COCO 4KG,8.0,137.78
AMACIANTE DILUIDO MON BIJOU INTENSE 2L,16.0,137.76
SABAO LIQUIDO LIMPA JA VERDE 2L,15.0,137.65
LIMPADOR PERFUMADO SAO JOSE TALCO 2L,26.0,137.63
DETERGENTE LIQUIDO FUZETTO LIMAO 500ML,57.0,137.63
DESINFETANTE STORK OCEANICO 2L,20.0,137.5
LIMPADOR PERFUMADO BRINORT ALEGRIA 6X2L,5.0,137.4
DETERGENTE LIQUIDO FLOPS LIMAO 500ML,62.0,137.34
DESINFETANTE SHERON LAVANDA 2L,29.0,137.28
AMACIANTE DILUIDO IMBA QUIMICA PERFUME DAS FLORES 2L,13.0,137.27
LIMPADOR PERFUMADO CASAFLOR SERENE 12X500ML,4.0,137.26
LIMPADOR ESSENCIA COALA CAPIM LIMAO 140ML,10.0,137.23
LIMPEZA PESADA AJAX USO GERAL FRESH CITRONELA 500ML,13.0,136.99
DESINFETANTE LIPON FLORAL 2L,18.0,136.73
LIMPADOR ESSENCIA LIMPA MAIS CAMPESTRE 120ML,16.0,136.66
LIMPADOR MULTIUSO AJA TRADICIONAL 500ML,52.0,136.52
DESINFETANTE SUPER CLEAN EUCALIPTO 5L,9.0,136.38
LIMPADOR PET REX ELIMINADOR DE ODORES CITRUS 2L,8.0,136.37
LIMPADOR DE VIDRO AZULIM 5L,4.0,136.36
DESINFETANTE CHEIRO BOM MARINE 5L,9.0,136.35
LIMPADOR MULTIUSO MUI BOM TRADICIONAL SQUEEZE 500ML,34.0,136.34
DESINFETANTE DEOLINE SENSACOES 5L,3.0,136.33
"SABAO EM PO BRILHANTE LIMP TOTAL CX 9X1,6KG",1.0,136.25
AMACIANTE DILUIDO MON BIJOU MAIS PROTECAO 4X5L,2.0,136.24
DESINFETANTE DLM AROMATIZANTE IGUATEMI 1L,38.0,136.2
SABAO EM PO ESPUMIL LAVANDA 500G,58.0,136.19
AMACIANTE CONCENTRADO DOWNY PERF COLLEC LIBERDADE 900ML,5.0,136.08
SABAO LIQUIDO ALVEX GLICERINA 1L,9.0,136.07
AMACIANTE DILUIDO KILEVE CARISMA 2L,16.0,136.0
TIRA MANCHA MIL SEM CLORO 450G,8.0,135.92
DETERGENTE LIQUIDO BIO COCO 500ML,78.0,135.92
SABAO EM PO IAPO FLOR DE MARACUJA E MARGARIDA 500G,71.0,135.91
SABAO EM PO BEM TE VI LAVANDA SACHE 5000G,6.0,135.9
LIMPADOR ESSENCIA GEO CONCENTRADO CITRONELA 120ML,11.0,135.89
REMOVEDOR FIM DE OBRA EXTRA FORTE 1L,5.0,135.86
LIMPADOR ESSENCIA ALPES TALCO 140ML,10.0,135.85
AMACIANTE CONCENTRADO TAKLIM MEMORIES 3L,5.0,135.84
DETERGENTE LIQUIDO BECKER LAVA LOUCAS MACA 2L,17.0,135.83
AMACIANTE DILUIDO BECKER ACONCHEGO 2L,17.0,135.83
LIMPADOR MULTIUSO AJAX NATURAL ESSENTIALS EUCALIPTO 1L,7.0,135.83
LIMPADOR PERFUMADO LIMPA TUDO JASMIM 2L,23.0,135.65
ALVEJANTE SEMORIN SEM CLORO WHITE 900ML,11.0,135.65
LIMPEZA PESADA ALVEX POWER 500ML,17.0,135.63
DETERGENTE LIQUIDO POLIAL COCO 24X500ML,4.0,135.6
DETERGENTE LIQUIDO BRILUX CRISTALINO 24X500ML,3.0,135.6
DESINFETANTE PANTER FLORAL 750ML,34.0,135.49
LIMPADOR ESSENCIA UTIL CONCENTRADO CAMPOS DE LAVANDA 150ML,14.0,135.41
DESINFETANTE START HIPOCLORITO DE SODIO 5L,7.0,135.25
REDUTOR PH MONTREAL 1L,5.0,135.23
AGUA SANITARIA TUFF GALAO 4X5L,3.0,135.16
DESINFETANTE FUZETTO LAVANDA 500ML,41.0,135.12
LIMPADOR DE VIDRO FEEL CLEAN HOME MULTISSUPERFICIES 30UN,10.0,135.12
CLARIFICANTE HIDROAZUL FLOC GEL 90G,3.0,134.97
TIRA MANCHA MEMBERS MARK GEL MULTIUSO 3L,3.0,134.97
LIMPEZA PESADA QBOA CLORO GEL LAVANDA 12X1L,1.0,134.88
AMACIANTE DILUIDO CONFORTEX SOLIMP 2L,22.0,134.88
AMACIANTE CONCENTRADO ZAVASKI NATURALE 500ML,24.0,134.86
SABAO EM PO ALLE MACIEZ PCT 1KG,27.0,134.73
AMACIANTE DILUIDO LILY HARMONY 2L,22.0,134.69
DESINFETANTE GIRANDO SOL JASMIM 6X2L,3.0,134.64
LIMPADOR DE VIDRO RADNAQ 100ML,9.0,134.64
AMACIANTE DILUIDO UNIMAX LAVANDA 2L,18.0,134.63
SABAO LIQUIDO MAXLIM AZUL 2L,9.0,134.51
DETERGENTE LIQUIDO JUA NEUTRO 24X500ML,3.0,134.4
DESINFETANTE KOKINOS LAVANDA 2L,20.0,134.3
LIMPADOR DE VIDRO ALVEX GATILHO 500ML,12.0,134.25
AMACIANTE CONCENTRADO DOWNY BRISA DE VERAO SACHE 12X750ML,7.0,134.16
DESINFETANTE QUASAR ORVALHO LAVA PISOS 1L,20.0,134.05
LIMPADOR ESSENCIA ALVO QUARTO DE BEBE 140ML,19.0,134.03
DETERGENTE LIQUIDO SANISAFE NEUTRO 2L,27.0,133.98
TIRA MANCHA TOQUE DE CARINHO SEM CLORO 450G,9.0,133.91
DESINFETANTE LOOK LIMP FLORAL 2L,21.0,133.91
AMACIANTE DILUIDO Q OTIMO CONFORTO 5L,9.0,133.58
DESINFETANTE LIMP LAR NATURAL 2L,24.0,133.53
LIMPADOR ESSENCIA LIMPA MAIS LIMAO 120ML,16.0,133.45
LIMPADOR PET TOP VET ELIMINADOR ODORES EUCALIPTO 500ML,6.0,133.43
LIMPADOR PET REAX ELIMINADOR DE ODORES VERBENA 2L,7.0,133.43
KIT EDUCADOR SANITARIO LUKY DOG 500ML + PRIMA FLOR 30ML,4.0,133.42
DESINFETANTE COMBATE FLORAL 500ML,45.0,133.35
AMACIANTE DILUIDO YPE CARINHO 6X2L 12L,2.0,133.15
CLORO DONA CLARA 1L,21.0,132.99
SABAO LIQUIDO BRIIZ AZUL 3L,7.0,132.93
SABAO EM PO POP SEIVA DE ALFAZEMA 500G,7.0,132.93
ALVEJANTE SEMORIN SEM CLORO 400ML,7.0,132.93
DESINFETANTE CLASSIC FLORAL 1L,7.0,132.89
DETERGENTE LIQUIDO BOM DA REDE NEUTRO 2L,14.0,132.86
TIRA MANCHA SUPER BRANCO SEM CLORO EM SACHE 1L,13.0,132.84
AGUA SANITARIA BRASQUIL 1L,36.0,132.84
AGUA SANITARIA TOP LIMPO 1L,36.0,132.77
ALVEJANTE BRILUX PERFUMADO COM FLORAL 12X1L,4.0,132.72
SABAO EM PO TRIEX MULTIAÇÃO 1KG,31.0,132.69
ALVEJANTE TOP LIMPO SEM CLORO 5L,6.0,132.56
LIMPADOR DE VIDRO AROMA CAR 500ML,6.0,132.54
AGUA SANITARIA OXI 2L,26.0,132.54
DESINFETANTE AMOLIM LAVANDA 5L,8.0,132.46
DESINFETANTE VIOL 4 ESTACOES 500ML,13.0,132.39
DESINFETANTE ATRON DALIA 2L,23.0,132.39
DETERGENTE LIQUIDO LIMPOL CRISTAL CONCENTRADO 511G,16.0,132.29
AMACIANTE DILUIDO CAMPESTRE MILLENIO 1L,33.0,132.17
DESINFETANTE AYLAG FLORAL 5L,11.0,132.06
AMACIANTE DILUIDO CANDEIAS LAVANDA 2L,15.0,131.97
DESINFETANTE FAST FESTA DAS FLORES 5L,4.0,131.96
SABAO LIQUIDO WOOLITE FLORES 450ML,4.0,131.96
DESENGORDURANTE SUPER DOM 150ML,9.0,131.94
DESINFETANTE VALENCIA LAVANDA 5L,3.0,131.94
SABAO EM PO URCA MAXX PROMO 5KG,6.0,131.94
AMACIANTE DILUIDO YZA CARINHO ROSA 5L,7.0,131.93
LIMPADOR PERFUMADO BRILHA SUL FRESCORE 1L,18.0,131.88
AMACIANTE DILUIDO VIDA MACIA GLICERINA AMENDOAS FRASCO 12X1L,1.0,131.88
DESINFETANTE GLOBO EM GEL PINHO 2L,12.0,131.88
SABAO LIQUIDO DORIGON PREMIUM 5L,3.0,131.85
AMACIANTE DILUIDO STORK JASMIN 2L,23.0,131.67
DETERGENTE LIQUIDO TALIMPO PINHO GEL 2L,6.0,131.64
AMACIANTE DILUIDO VIP CLEAN CLASSIC 2L,16.0,131.6
LIMPADOR PERFUMADO MAYOR DOVER MARINER 1L,13.0,131.59
DESINFETANTE ALICE MARINE 500ML,57.0,131.4
DESINFETANTE UTIL LAVANDA 500ML,60.0,131.4
AMACIANTE CONCENTRADO URCA MAGIA DA PAIXAO 12X1L,1.0,131.4
DESINFETANTE MULTILAR REINO 2L,66.0,131.34
AGUA SANITARIA YPE 1L,15.0,131.29
LIMPADOR PERFUMADO ACTIF TERNURA 1L,14.0,131.24
LIMPADOR PERFUMADO AJAX FESTA DAS FLORES CAMPESTRES 500ML,18.0,131.1
LIMPADOR DE VIDRO MILEX 500ML,11.0,130.9
DESINFETANTE ABA PLUS LAVANDA 2L,24.0,130.86
SBL LAVA ROUPAS LIQ ARIEL CONCENTR 1200ML,4.0,130.85
DESINFETANTE DESODOR LAVANDA BOUQUET 500ML,28.0,130.82
DESINFETANTE ITO HARMONIA NATURAL 2L,12.0,130.34
AGUA SANITARIA SAIF 5L,7.0,130.3
DESINFETANTE BRILUX EUCALIPTO SQUEEZE 500ML,48.0,130.22
DETERGENTE LIQUIDO BEM BOM CLEAN 2L,19.0,130.21
AMACIANTE DILUIDO CONDE FLORAL 2L,24.0,130.16
AMACIANTE DILUIDO DENGO CLASSICO 5L,4.0,130.0
AMACIANTE DILUIDO MINUANO AZUL MACIEZ E CARINHO 2L,10.0,129.9
CLARIFICA MAXFLOC 5L PROTEGER HTH,1.0,129.9
LIMPADOR ESSENCIA DESOMAX EUCALIPTO 140ML,12.0,129.88
AMACIANTE DILUIDO EKOBOM CLASSICO 2L,13.0,129.87
AMACIANTE DILUIDO BOM DA REDE SOFT 2L,13.0,129.87
SABAO EM PO ESPUMIL PREMIUM2KG,13.0,129.87
AMACIANTE DILUIDO DOVOAR 5L,7.0,129.85
BABY DREMS LAVA ROUPAS CONC 3L,2.0,129.8
ALVEJANTE MONTE LAGOS SEM CLORO 2L,10.0,129.7
FLUTUADOR CLORADOR,3.0,129.7
DETERGENTE LIQUIDO BIANCOLL MACA 2L,14.0,129.58
AMACIANTE DILUIDO SONHO LAVANDA GARRAFA 6X2L,2.0,129.42
DESINFETANTE MAIS LIMPEZA NATUREZA 2L,30.0,129.38
DESINFETANTE STORK LAVANDA 5L,10.0,129.32
AGUA SANITARIA DA ILHA GF 1L,35.0,129.3
DETERGENTE LIQUIDO HIPER PLUS MACA 500ML,51.948,129.3
DESINFETANTE IDEAL EUCALIPTO 2L,24.0,129.2
DETERGENTE LIQUIDO FUZETTO COCO 500ML,53.0,129.19
SABAO LIQUIDO MAXLIM AZUL 1L,16.0,129.14
LIMPADOR PERFUMADO HR LAVANDA INPACTO 2L,14.0,129.0
AMACIANTE CONCENTRADO DOWNY SPORTS FRASCO 900ML,5.0,128.86
AMACIANTE DILUIDO KILEVE AMARELO 2L,15.0,128.85
AGUA SANITARIA HIPOCLORITO BUTTERFLY DE SODIO 1L,15.0,128.85
DESINFETANTE DESODOR PINHO MARINE 500ML,26.0,128.78
AGUA SANITARIA LIMPEBEM GALAO 5L,16.0,128.75
DESINFETANTE LIMPA MAIS EUCALIPTO 2L,27.0,128.73
DESINFETANTE IDEAL IGUATEMI 2L,25.0,128.55
LIMPADOR PERFUMADO SOLIMPE CAMPESTRE 2L,21.0,128.54
DESINFETANTE MAGIC EUCALIPTO 2L,19.0,128.41
SABAO LIQUIDO BRILUX COCO MULTIACAO 4X3L,1.0,128.4
LIMPADOR MULTIUSO FURIA ALFAZEMA 500ML,24.0,128.38
AMACIANTE DILUIDO SONHO PAIXAO GARRAFA 12X500ML,3.0,128.36
AGUA SANITARIA CASA DA LIMPEZA 2L,19.0,128.33
DESINFETANTE DESODOR EUCALIPTO 500ML,29.0,128.23
DESINFETANTE CLORAX EUCALIPTO 5L,8.0,127.92
DETERGENTE LIQUIDO MISSENAS BRILHO NEUTRO 2L,18.0,127.88
DESINFETANTE QUIMIDROL BAC SAFE 500ML,16.0,127.84
DESINFETANTE MAX FRESH 2L,19.0,127.75
AMACIANTE DILUIDO SOFT JET BLUE 2L,11.0,127.69
DESINFETANTE PRATIC LAR EUCALIPTO 800ML,25.0,127.55
LIMPADOR PERFUMADO HR EUCALIPTO 2L,14.0,127.52
SABAO EM PO UOPS LIMAO 200G,54.0,127.46
AMACIANTE DILUIDO LIMPLEX 2L,12.0,127.38
LIMPADOR MULTIUSO MINUANO TRADICIONAL 500ML,8.0,127.37
AGUA SANITARIA HIGEO 5L,10.0,127.29
SABAO EM PO GIRANDO SOL OPTICAL WASH FLORAL PARIS 5X4KG,1.0,127.2
SABAO LIQUIDO ISIS AZUL 1L,18.0,127.12
DETERGENTE LIQUIDO BRIIZ NEUTRO 5L,7.0,127.05
SABAO LIQUIDO BAH LIQUIDO 2L,8.0,126.92
DESINFETANTE ALICE FLORAL 2L,19.0,126.72
DESINFETANTE RICLEY EUCALIPTO 5L,8.0,126.64
DESINFETANTE DLM NATUREZA 2L,21.0,126.63
DESINFETANTE REAL FRESCOR CITRICO 1L,32.0,126.61
LIMPADOR PERFUMADO RICLEY MARINE 2L,17.0,126.57
DESINFETANTE IMPERIAL TALCO 5L,8.0,126.55
LIMPADOR MULTIUSO VEJA 500ML,25.0,126.51
AGUA SANITARIA GOTALIM 5L,8.0,126.39
SABAO EM PO ALICE  CLEAN SACHET  500G,71.0,126.38
DESINFETANTE CLARINA CITRUS 3L,15.0,126.35
LIMPADOR PERFUMADO LIMPEX PESSEGO 2L,22.0,126.08
LIMPADOR MULTIUSO YPE CLASSICO LV4 PG3 6X4X500ML,2.0,126.0
SABAO LIQUIDO URCA LAVANDA 2X5L,4.0,125.96
AMACIANTE DILUIDO PURE FRESH ROSA 5L,9.0,125.91
AMACIANTE DILUIDO CANDEIAS ROSA 2L,12.0,125.88
SABAO LIQUIDO SOFT SMELL DE COCO 1L,13.0,125.87
LAVA ROUP LIQ ARIEL CORES RADIANTE 14X700ML,1.0,125.86
AMACIANTE DILUIDO BOLTZ TERNURA 2L,18.0,125.82
SABAO LIQUIDO CLEAN 2L,9.0,125.82
AMACIANTE DILUIDO XODO FLOR DO CAMPO 500ML,22.0,125.75
LIMPADOR MULTIUSO MR MUSCULO ORIGINAL SQZ 500ML,28.0,125.63
AMACIANTE DILUIDO IDEAL AMARELO 5L,9.0,125.61
AGUA SANITARIA ROUPA FIX 1L,42.0,125.58
DESINFETANTE COMBATE PINHO 500ML,41.0,125.45
DESINFETANTE UFE TRADICIONAL 1L,11.256,125.34
"AMACIANTE DILUIDO URCA FLORAL LV2L PG 1,8L 2L",17.0,125.33
LIMPADOR PERFUMADO VEJA PERFUMES AROMA SENSE BEM ESTAR 500ML,16.0,125.31
DESINFETANTE TOP LUX EUCALIPTO 2L,25.0,125.26
AMACIANTE CONCENTRADO COMFORT OLEOS ESSENCIAIS ROMANCE 500ML,9.0,125.1
AMACIANTE DILUIDO KILEVE BABY 2L,15.0,124.85
DESINFETANTE URCA TRADICIONAL 12X500ML,3.0,124.8
DESINFETANTE ABA PLUS LUXO 2L,22.0,124.68
LIMPADOR DE VIDRO BIOWASH SEM FRAGANCIA REFIL 650ML,6.0,124.61
LIMPADOR MULTIUSO HR 2L,13.0,124.59
DESINFETANTE TOP LUX TALCO 2L,25.0,124.5
DESINFETANTE UTIL TRADICIONAL 500ML,52.0,124.48
DETERGENTE LIQUIDO CHEIRO BOM MACA 1L,34.0,124.47
DETERGENTE LIQUIDO BAH ORIGINAL NEUTRO 5L,4.0,124.39
LIMPEZA PESADA MAXIMO LIMPA PEDRAS NEUTRO 5L,5.0,124.15
DESINFETANTE DEION EUCALIPTO 5L,5.0,124.07
DESINFETANTE ALE LIMAO 2L,22.0,123.94
LIMPADOR ESSENCIA ESSENCES EUCALIPTO 120ML,12.0,123.88
SABAO EM PO CLASSIC TRADICIONAL 4KG,6.0,123.87
AMACIANTE DILUIDO TOPLIN DUPLA ACAO 3L,9.0,123.83
SABAO EM PO TULY BRISA DAS FLORES 500G,40.0,123.81
LIMPADOR MULTIUSO VEJA 4EM1 MAC VE RDE 500ML,22.0,123.78
DESINFETANTE NOVO LAR BOAS NOVAS 500ML,28.0,123.62
LAVA ROUPAS OMO LAVAGEM PERF SH 1X700ML,12.0,123.48
DESINFETANTE SUPER LAR EUCALIPTO 2L,14.0,123.44
AMACIANTE DILUIDO FOFO CHEIRINHO BEBE 2L,12.0,123.44
DESINFETANTE REAL NATURAL FRESH 2L,19.0,123.37
DESINFETANTE LIMPA MAIS FLORAL 2L,25.0,123.36
LIMPADOR PET MIKDOG ELIMINADOR DE ODORES FLORAL 2L,8.0,123.18
DETERGENTE LIQUIDO KLUSTRA NEUTRO 5L,5.0,123.15
DESINFETANTE FEROZ LAVANDA 2L,22.0,123.15
AMACIANTE CONCENTRADO FOFO CHEIRINHO DA NATUREZA 1L,7.0,122.93
LIMPADOR ESSENCIA AROMATEC MIL FLORES 120ML,14.0,122.86
SABAO LIQUIDO ALVEX TERNURA PERFUMADO 750ML,14.0,122.83
LIMPADOR PET DOG E PET ELIMINADOR DE ODORES ERVA DOCE 2L,7.0,122.75
DESINFETANTE MAGICO MAYOR PINHO 1L,21.0,122.59
AMACIANTE DILUIDO AQUAFAST JARDIM FLORIDO 4X5L,2.0,122.56
LIMPEZA PESADA ALVEX LAVANDA 500ML,17.0,122.56
DESINFETANTE NOVO LAR CASA DA VOVO 500ML,28.0,122.38
ALVEJANTE ECONOMICO PERFUMADO MULTI 2L,16.0,122.34
DESINFETANTE EUCANOL BRISA 5L,8.0,122.32
DESINFETANTE MAX TALCO 2L,18.0,122.32
SABAO LIQUIDO FLORESTA DA SERRA LIQ 1L,17.0,122.25
SBPO OMO MULTIACAO PODER ACALERADOR C N/IDENT SC PL 5000G,3.0,122.24
LIMPADOR DE VIDRO DESOMAX GATILHO 500ML,10.0,122.16
DESINFETANTE LIMPA BEM DIA A DIA 5L,9.0,122.15
LIMPADOR ESSENCIA PURA MAGIA PINHO SILVESTRE 140ML,14.0,122.09
DESENGORDURANTE DEOLINE LIMPA CHAPA E GRILL 750ML,3.0,122.08
SABAO LIQUIDO MULT FACIL VERDE 1L,14.0,122.06
DESINFETANTE CHEIRO BOM ALGAS 5L,8.0,122.01
LIMPADOR PERFUMADO SAIF SENSACAO 3L,6.0,121.99
AGUA SANITARIA MARINA 12X1L,16.0,121.96
LIMPEZA PESADA BRILHO SOLAR LIMPA TUDO 5L,4.0,121.96
"CLORO GENCO CRIS GRANULADO 2,5KG",1.0,121.9
LIMPADOR PERFUMADO RICLEY MARINE 5L,9.0,121.88
LIMPADOR ESSENCIA CAMPO BELO TALCO SPRAY 100ML,20.0,121.8
DESINFETANTE TOP LIMPO CITRONELA 2L,12.0,121.78
AGUA SANITARIA SUPER GLOBO 1L,33.0,121.77
LAVA ROUPAS LIQ BRILHANTE ACAO TOTAL S PERF PRO GALAO 7000ML,2.0,121.68
DETERGENTE LIQUIDO AGIFACIL NEUTRO 24X500ML,3.0,121.68
DESINFETANTE YPE PINHO TRADICAO 12X1L,1.0,121.68
DESINFETANTE KEDNA LAVANDA 500ML,38.0,121.66
LIMPADOR PERFUMADO NOVO LAR VIDA E BEBE 1L,15.0,121.65
DESINFETANTE DLM TICIA 1L,33.0,121.57
DESINFETANTE MEGA CLEAN DAMA DA NOITE 5L,10.0,121.4
AMACIANTE CONCENTRADO DEOLINE DOCE CARINHO 500ML,15.0,121.37
LIMPADOR PERFUMADO CASAFLOR NATURE 12X1L,2.0,121.2
DESINFETANTE CHEIRO BOM PEROLA 5L,8.0,121.08
LIMPADOR MULTIUSO BOM USO ORIGINAL 500ML,32.0,121.07
LIMPADOR PERFUMADO KIN LIMP FLORES DO CAMPO 500ML,19.0,121.02
SABAO LIQUIDO BABY SOFT  FINAS E DELICADAS 1L,7.0,121.0
SABAO EM PO ECONOMICO TRADICIONAL 200G,58.0,120.99
DETERGENTE LIQUIDO FORTE MAX ACIDO 1L,5.0,120.86
LIMPADOR MULTIUSO AJAX NATURAL ESSENTIALS EUCAL 500ML,13.0,120.81
DESINFETANTE ITO HARMONIA NATURAL 5L,6.0,120.81
SABAO EM PO GIRANDO SOL DIA A DIA LAVANDA 2KG,9.0,120.77
SABAO LIQUIDO REAX COCO 500ML,8.0,120.74
LIMPADOR PERFUMADO ALVEX AMAVEL ENCANTO 750ML,13.0,120.71
AMACIANTE DILUIDO RENDE BEM BRISA DO MAR 2L,20.0,120.54
LIMPADOR MULTIUSO ONDA ECO 500ML,4.0,120.45
DESINFETANTE URCA EUCALIPTO FRESH 500ML,34.0,120.43
DESINFETANTE MAGIA FRAGRANCIAS 2L,40.0,120.18
LIMPADOR MULTIUSO CIF MAXIMO BRILHO 500ML,10.0,120.18
AGUA SANITARIA DESINCRUSTANTE VULCAN 5L,3.0,119.97
SABAO LIQUIDO MON BIJOU BABY NANA NENEM 1.5L,3.0,119.97
ESTABILIZADOR PH MONTREAL 2KG,4.0,119.96
DESINFETANTE LAVANDEX FLORAL 5L,6.0,119.94
AGUA SANITARIA ZUPP TRADICIONAL 3X5L,4.0,119.92
DESINFETANTE DESOMAX MANACA 2L,20.0,119.91
AGUA SANITARIA LUAN 5L,11.0,119.9
AMACIANTE DILUIDO DIULIDO TOCANTINS ACONCHEGO AZUL 2L,10.0,119.9
DESINFETANTE BOM DA REDE FLOR DO CAMPO 2L,12.0,119.88
REMOVEDOR BRASIL 12X1L,1.0,119.88
DETERG PO ALA CEREJEIRA LAVANDA 1KG,15.0,119.85
LIMPADOR PET CATDOG ELIMINADOR DE ODORES LAVANDA 2L,6.0,119.83
SABAO LIQUIDO TREVO ROXO 2L,2.0,119.8
SABAO LIQUIDO VIDA NOVA LIQUIDO 1L,6.0,119.78
LIMPADOR PERFUMADO UAU BRISA E FRESCOR 24X500ML,1.0,119.76
"DESINFETANTE BRILUX 1,5L",30.0,119.7
DESINFETANTE CAMPESTRE NIVEA 5L,9.0,119.61
LIMPADOR ESSENCIA ALVO TALCO 140ML,17.0,119.49
LIMPADOR PERFUMADO CENAP LIQUIDA CLEAR ODORES 750ML,18.0,119.46
AGUA SANITARIA SELUQ 2L,27.0,119.43
AMACIANTE DILUIDO NUTRILAR COLO DE MAE 500ML,38.0,119.41
SABAO LIQUIDO BRILUX LAVANDA MULTIACAO 4X3L,1.0,119.34
LIMPADOR PERFUMADO CASA PERFUMADA NATUREZA 500ML,9.0,119.33
SABAO LIQUIDO CHEIRO DO LAR DE 1 L,17.0,119.25
DESINFETANTE BRISA LAR CITRONELA 2L,18.0,119.18
"LIMPADOR PERFUMADO UAU CHA BRANCO 1,8L",7.0,118.93
DESINFETANTE SAIF FLORAL 5L,5.0,118.88
LIMPADOR ESSENCIA ALVO JASMIM 140ML,17.0,118.83
LIMPADOR PERFUMADO BRILUX PERFUMES DANATUREZA 12X500ML,2.0,118.8
SABAO LIQUIDO BRILHANTE PERFUME CUIDADO EXTRAORD 12X900ML,1.0,118.8
LIMPADOR PERFUMADO BRILUX MAGIA 12X500ML,2.0,118.8
AMACIANTE CONCENTRADO DOWNY NATURALS FLOR ROMA BAUN FR 900ML,12.0,118.8
LIMPADOR PERFUMADO VEJA PERFUMES AROMA SENSE FRESCOR 500ML,16.0,118.73
LIMPADOR PERFUMADO KICASA 1L,63.0,118.69
LIMPADOR PERFUMADO BECKER FLORES EXOTICAS 500ML,25.0,118.67
DESENGORDURANTE VEJA COZINHA LIMAO GAT + REFIL KIT 2X500ML,7.0,118.59
AMACIANTE DILUIDO MARASCHIN CONFORTO AZUL 2L,10.0,118.56
DESINFETANTE CANDEIAS D NOITE 5L,6.0,118.55
AGUA SANITARIA TUBARAO 2X5L,5.0,118.47
DESINFETANTE LIMPA MAIS CAMPESTRE 2L,24.0,118.39
AGUA SANITARIA HIGEO 2L,11.0,118.3
DETERGENTE LIQUIDO CHEIRO BOM LIMAO 1L,32.0,118.16
DESINFETANTE FEROZ EUCALIPTO 5L,9.0,118.06
ALVEJANTE SOLARQUIM 1L,26.0,117.97
SABAO EM PO MINUANO ACAO PROFUNDA EMB ECONOMICA 450G,21.0,117.71
DETERGENTE LIQUIDO ALE LIMAO 500ML,80.0,117.62
LIMPADOR PERFUMADO MAXLIM CAMPESTRE 1L,22.0,117.6
ANALISE DE PH 23ML VERMELHO FENOL,11.0,117.43
AMACIANTE DILUIDO AMACITEL OCEAN PROF 6X2L,2.0,117.36
LIMPADOR MULTIUSO BARBAREX EM GEL LAVANDA 5L,4.0,117.34
ALVEJANTE BUFALO SEM CLORO DE LAVANDA 2L,13.0,117.29
ODORIZADOR DE ROUPA PURA MAGIA BABY 500ML,5.0,117.23
AMACIANTE DILUIDO EUCANOL AZUL 1L,25.0,117.2
REMOVEDOR VIMAX 1L,4.0,117.2
SABAO.EM.PO.OMO.LV1KG.PAGUE800,23.0,117.13
AGUA SANITARIA CLARILUX 5L,12.0,117.0
DESINFETANTE KALIPTO EUCALIPTO 6X2L,3.0,117.0
DESINFETANTE START 5L,1.0,116.99
AMACIANTE DILUIDO CENAP AMARELO 2L,13.0,116.95
AMACIANTE DILUIDO CARICIA AZUL 2L,13.0,116.87
DETERGENTE LIQUIDO LACTO MAIS ALCALINO PREMIUM 5L,2.0,116.86
AMACIANTE DILUIDO SAIF PERFUME E MACIEZ 5L,6.0,116.8
AMACIANTE DILUIDO LIMPE BEM 2L,16.0,116.78
SABAO EM PO GOTA LIMPA HARMONIA 2KG,8.0,116.72
DESINFETANTE RICLEY PINHO 2L,16.0,116.44
DESINFETANTE MINUANO LAVANDA 500ML,35.0,116.44
AMACIANTE DILUIDO MON BIJOU NATUREZA 2L,13.0,116.41
"AMACIANTE DILUIDO YPE TERNURA ROSA PG1,8L LV 2L",12.0,116.4
AMACIANTE DILUIDO POP LIMP 1L,28.0,116.36
DETERGENTE LIQUIDO REAX GEL CC M VER 510G,13.0,116.35
AMACIANTE DILUIDO JUMPOL TERNURA  2L,16.0,116.34
DETERGENTE LIQUIDO BIANCOLL LIMAO 1L,20.0,116.19
LIMPADOR PERFUMADO BRILHO PRATICO LAVANDA 2L,19.0,116.09
AMACIANTE DILUIDO NUTRILAR COLO DE MAE 1L,30.0,116.04
DETERGENTE LIQUIDO UZZILIM MACA 500ML,54.0,116.02
LIMPADOR PERFUMADO GEO PORCELANATO 5L,2.0,115.98
LIMPADOR MULTIUSO GUIMARAES C/BICARBONATO E ALCOOL 4X5L,1.0,115.96
LIMPEZA PESADA LIMP FORT ACIDO MURIATICO 1L,8.0,115.92
AMACIANTE DILUIDO AGE TRADICIONAL 3L,12.0,115.88
LIMPADOR PERFUMADO FACILITA AROMAS DO CAMPO 1L,15.0,115.85
AMACIANTE DILUIDO SONHO ERVA DOCE 2L,10.0,115.81
DESINFETANTE LIMPIQ LAVANDA 2L,17.0,115.57
LIMPADOR PERFUMADO BOM Q LIMPA FLORAL 2L,20.0,115.49
LIMPEZA PESADA MONTELAGOS PINHO GEL 500ML,15.0,115.39
DESINFETANTE MAGICO MAYOR FLORAL 1L,20.0,115.3
AMACIANTE DILUIDO MAIS FAMILIA 2000ML,13.0,115.13
DETERGENTE LIQUIDO Q OTIMO CLEAR 500ML,52.0,115.12
DESINFETANTE DESODOR LAVANDA 500ML,26.0,115.04
DETERGENTE LIQUIDO ABSOLUTO LIMAO 20X500ML,5.0,115.0
SABAO EM PO ZOMAX DE ALCOOL 2KG,5.0,114.95
"SABAO EM PO ROPIM MULTIACAO 1,6KG",10.0,114.9
LIMPEZA PESADA QUALIFOOD DESINCRUSTANTE ACIDO 200 PLUS 5L,1.0,114.9
LIMPADOR MULTIUSO ONDA ECO CONCENTRADO 1L,3.0,114.86
DESINFETANTE KEDNA PINHO 2L,14.0,114.82
LIMPADOR MULTIUSO RENKO MAGIC FLOT 5L,1.0,114.8
LIMPADOR PERFUMADO DA MAZA FLORAL 1L,16.0,114.75
DETERGENTE LIQUIDO ALPES NEUTRO 24X500ML,2.0,114.72
DETERGENTE LIQUIDO MOURA MACA 2L,14.0,114.62
DETERGENTE LIQUIDO ATUAL MACA 500ML,60.0,114.6
DETERGENTE LIQUIDO BECKER MACA 500ML,64.0,114.56
AMACIANTE DILUIDO FOFO LAVANDA 2L,11.2,114.48
SABAO EM PO SETE COLINAS 500G,89.0,114.44
LIMPADOR ESSENCIA WARLIKE SLEEVE 250ML,14.0,114.35
LIMPADOR PET POWER PETS ELIMINADOR DE ODOR TRADICIONAL 2L,7.0,114.35
AMACIANTE DILUIDO HR BABY SENSACOES ALOE VERA 2L,14.0,114.21
AMACIANTE DILUIDO ORVALHO CEU 2L,9.0,114.19
LIMPADOR ESSENCIA LIMPA MAIS VIOLETA 120ML,14.0,114.14
AMACIANTE DILUIDO AGE BRISA DE VERAO 3L,11.0,114.1
DESINFETANTE POP LIMP BRISA DO MAR 2L,20.0,114.05
AMACIANTE DILUIDO CASA DA LIMPEZA 5L,6.0,113.94
ALVEJANTE ECONOMICO PERFUMADO FLORAL 2L,10.0,113.92
SABAO LIQUIDO BARRIGA VERDE TRAD 5L,3.0,113.88
LIMPADOR PERFUMADO VIDA NOVA MARINE 2L,19.0,113.83
AMACIANTE DILUIDO MONTE LAGOS PETALAS LILAS 2L,17.0,113.83
LIMPADOR ESSENCIA QUIM AROMA PINHO 100ML,14.0,113.78
DESINFETANTE REAL JASMIM 2L,20.0,113.74
LIMPEZA PESADA ALVEX LIMPA CARPETE FLORAL 460ML,8.0,113.69
ALVEJANTE EXIGENTE EM PO SEM CLORO 250G,9.0,113.68
AMACIANTE CONCENTRADO GOTA LIMPA CONFORTO 12X1L,10.0,113.63
AMACIANTE DILUIDO HR BABY SENSACOES SOFT 2L,14.0,113.42
DESINFETANTE CASA DA LIMPEZA KAIAK 2L,16.0,113.4
LIMPADOR ESSENCIA KINTANA EUCALIPTO 100ML,11.0,113.39
AMACIANTE DILUIDO ARAUJO CONFORT 2L,15.0,113.35
AGUA SANITARIA BRILUX LV1L PG800ML 12X1L,4.0,113.25
SABAO EM PO BEM TE VI COCO 18X800G,1.0,113.22
SABAO EM PO TIXAN YPE PRIMAVERA 24X400G,1.0,113.17
AMACIANTE CONCENTRADO PREMISSE CONFORTO 2L,5.0,113.16
SABAO LIQUIDO ALA LAVANDA 12X700ML,1.0,112.8
DETERGENTE LIQUIDO CANDEIAS COCO 500ML,60.0,112.74
SABAO EM PO TIXAN YPE MACIEZ 28X400G,1.0,112.44
LIMPADOR PERFUMADO BELLA CASA BOUQUET 500ML,19.0,112.41
AMACIANTE DILUIDO KEDNA GIRASSOL 2L,13.0,112.37
DESENGORDURANTE SUPER BRANCO COZINHA REFIL 500ML,9.0,112.37
DESINFETANTE MARILUX PINHO E BAMBOO 1L,33.0,112.33
DETERGENTE LIQUIDO FC CLEAR 12X500ML,5.0,112.32
DESINFETANTE BE DOG ELIMINADOR ODORES HERBAL 2L,10.0,112.19
AMACIANTE DILUIDO AYLAG CARINHO 5L,6.0,112.18
DESINFETANTE AQUAFAST MARINE 500ML,33.0,112.17
CLORO HIPOCLORITO DE SODIO 5L,7.0,111.98
AMACIANTE DILUIDO TREVO AZUL 500ML,35.0,111.93
SABAO EM PO TIXAN YPE ANTIBAC SC 1KG,7.0,111.86
DESINFETANTE CASA BLANCA EUCALIPTO 2L,16.0,111.84
LIMPADOR PERFUMADO IAPO PINHO LIMAO 2L,16.0,111.84
SABAO EM PO ALIADO MAGIA DAS FLORES 500G,55.0,111.77
AMACIANTE DILUIDO ATTIVO JASMIN LILAS 5L,6.0,111.66
LIMPEZA PESADA VEJA CAMPESTRE 2L,3.0,111.63
DESINFETANTE PRATIC LAR PINHO 800ML,21.0,111.59
LIMPADOR PERFUMADO ALVEX LAVANDA 750ML,12.0,111.52
PROD PISC QUIBENNE 1KG ELEV PH BARRILHA,5.0,111.5
DESINFETANTE CONDE TALCO 2L,20.0,111.4
SABAO LIQUIDO AUDAX FACILITA 1L,11.0,111.3
"DESINFETANTE EDILIMP FLORAL 3,75L",9.0,111.27
LIMPADOR MULTIUSO BARBAREX 5L,5.0,111.21
DESINFETANTE LISA FLORAL 500ML,47.0,111.2
DETERGENTE LIQUIDO ATRON NEUTRO 500ML,53.0,111.09
DESINFETANTE ALE FLORAL 2L,21.0,111.09
LIMPADOR DE VIDRO ITO GATILHO 500ML,7.0,111.03
"HCL 1,4KG PENTA 5FUNCOES",2.0,110.99
LIMPADOR PERFUMADO CASA PERFUMADA FLOR DE LOTUS 5L,3.0,110.97
"AMACIANTE CONCENTRADO DOWNY P/ROUPA 1,5L",3.0,110.97
LAVA ROUPAS POP LIMP 1L OMO,20.0,110.78
AMACIANTE DILUIDO MON BIJOU MAGIA 1L,5.0,110.77
AMACIANTE DILUIDO ESPUMIL CARINHO 2L,14.0,110.76
LIMPADOR MULTIUSO UZZI TRADICIONA 500ML,21.0,110.73
"DETERGENTE LIQUIDO EDLIMP LIMAO 3,75L",9.0,110.73
LIMPADOR PERFUMADO MAXLIM TERNURA 1L,23.0,110.67
DESINFETANTE ESSENCIAL VIOLET 2L,5.0,110.65
AGUA SANITARIA SALTE GF C/CLORO 1L,26.0,110.5
LIMPADOR DE VIDRO GITANES 500ML,7.0,110.31
DESINFETANTE IDEAL ERVAS 2L,16.0,110.29
SABAO EM PO ZOMAX ALCOOL 500G,13.0,110.27
AGUA SANITARIA LIMPA LIDER 1L,37.0,110.26
LIMPADOR PET PET CLEAN  ELIMINADOR DE ODORES FLORES 2L,7.0,110.19
DESINFETANTE CANDURA LAVANDA 500ML,28.0,110.16
LIMPEZA PESADA GLOBOVAC REMOCAL DESINCRUST ACIDO PREMIUM 5L,1.0,110.1
LIMPADOR PERFUMADO LIMPEBEM  BRISA E FRESCOR 1L,13.0,110.07
AMACIANTE DILUIDO VIP CLEAN FLORAL 2L,15.0,109.97
DESINFETANTE PROVITA LAVANDA 5L,7.0,109.93
AMACIANTE CONCENTRADO BUFALO AR DE PAIXAO 2L,10.0,109.8
CLORO DE SODIO PAJEU 1L,44.0,109.42
DESINFETANTE COTTONY MARINE 2L,21.0,109.39
LIMPEZA PESADA AJAX FRESH LIMPEZA GERAL 12X500ML,1.0,109.32
REMOVEDOR  LIMPAMAIS JASMIM 500ML,7.0,109.24
DESINFETANTE IGUAL JASMIM 2L,23.0,109.21
ALVEJANTE GOTALIM SEM CLORO 5L,4.0,109.18
LIMPADOR MULTIUSO LUCIA 500ML,30.0,108.98
LIMPADOR MULTIUSO VEJA PERFUMES DO BRASIL SQUEEZE 500ML,17.0,108.98
LIMPADOR ESSENCIA SANOL ROUPA LAVADA 12X120ML,1.0,108.96
"SABAO LIQUIDO ROUPA E CARINHO ROUPA 1,5L",5.0,108.95
KIT PEQUENAS PISCINAS PACE 500G,1.0,108.95
DESINFETANTE SARITA STILETTO 2L,12.0,108.84
LIMPADOR ESSENCIA UTIL CONCENTRADO CITRONELA 150ML,11.0,108.8
DESINFETANTE QUASAR ANA JULIA 2L,18.0,108.78
LIMPADOR PERFUMADO VEJA PERFUMES ERVA DOCE/MATE VERDE 500ML,21.0,108.59
AMACIANTE DILUIDO MAZA ROUPAS TOQUE DE TERNURA 2L,18.0,108.53
DESINFETANTE DONA CLARA EUCALIPTO 5L,6.0,108.44
DESINFETANTE PRATIC LAR FLORAL 800ML,20.0,108.4
LIMPADOR PET MIKDOG ELIMINADOR DE ODORES TRADICIONAL 2L,7.0,108.38
LIMPADOR PET TOP VET ELIMINADOR ODORES LAVANDA 2L,3.0,108.37
DETERGENTE LIQUIDO ALICE COCO 2L,16.0,108.2
DESINFETANTE ASTOLLI EUCALIPTO 500ML,44.0,108.17
DESINFETANTE DLM JASMIM 2L,17.0,108.15
SABAO LIQUIDO DRAGAO AZUL 12X1L,1.0,108.14
LIMPADOR PERFUMADO WARLIKE NATUREZA 2L,20.0,108.1
SABAO EM PO SURF LAVANDA 5EM1 SC 16X800G,1.0,108.0
DETERGENTE LIQUIDO LIMPA FACIL NEUTRO 5L,6.0,107.98
SABAO LIQUIDO SURF LAVANDA 5 EM 1 GALAO 4X3L,1.0,107.96
"AMACIANTE DILUIDO BABY SOFT YELLOW 1,5L",4.0,107.96
REMOV PLIMP ORIGL TOP CAS 500ML,5.0,107.95
AMACIANTE DILUIDO EDILIMP AZUL CARICIA 3750ML,6.0,107.94
AMACIANTE DILUIDO AGEX CARINHOSO 1L,9.0,107.91
AMACIANTE DILUIDO TOCANTINS SUAVE AMARELO 2L,9.0,107.91
DETERGENTE LIQUIDO TUPA MACA 500ML,44.0,107.9
LIMPADOR PERFUMADO AJAX FRESH BLUE CM 500ML,12.0,107.88
DESINFETANTE MAZOCRESOL LATA 750ML,12.0,107.88
AMACIANTE DILUIDO GIRANDO SOL CLASSIC PETALAS ROSAS 2L,12.0,107.88
AMACIANTE DILUIDO INCOLIMP BRANCO 2L,5.0,107.86
AGUA SANITARIA POPPS 2L,18.0,107.82
LIMPADOR MULTIUSO VEJA ORIG KIT LV4 6X2L,1.0,107.76
LIMPADOR PERFUMADO CASAFLOR BRASILID AGUA DE COCO 12X500ML,3.0,107.76
SABAO EM PO GIRANDO SOL VERDE SACHE 5KG,3.0,107.7
DESINFETANTE MEGA CLEAN FLORAL 2L,17.0,107.67
SABAO LIQUIDO LOURO COCO 2L,7.0,107.63
DESINFETANTE REAL SILVETRE 2L,17.0,107.58
LIMPADOR PERFUMADO ALVEX BELEZA DAS FLORES 750ML,11.0,107.52
PISCINA NEOCLOR LIMPA BORDA 1L,5.0,107.45
SABAO LIQUIDO TIXAN YPE ANTIBAC RF 1L,7.0,107.39
AGUA SANITARIA OTIMA FRASCO 1L,42.0,107.38
ALVEJANTE DONA CLARA COM CLORO FRESH 1L,18.0,107.34
AGUA SANITARIA DA CASA 2L,18.0,107.2
AMACIANTE DILUIDO ECONOMICO SOFT YELLOW 12X1L,26.0,106.93
DESENGORDURANTE DESOLIMP PINHO 1L,8.0,106.92
LIMPADOR MULTIUSO ALVEX 500ML,16.0,106.8
AMACIANTE DILUIDO MAZA ROUPAS TOQUE DELICADO 2L,13.0,106.72
DESINFETANTE RCD FLORAL 2L,9.0,106.71
DETERGENTE LIQUIDO RENDE BEM MACA 2L,15.0,106.43
LIMPADOR PERFUMADO NOVO LAR JARDIM FLORIDO 500ML,19.0,106.41
LIMPADOR PERFUMADO AUDAX FACILITA PRIMAVERA 1L,13.0,106.34
LIMP PET LUX PET 500ML,3.0,106.29
DESINFETANTE CHEIRO BOM EUCALIPTO 5L,7.0,106.27
LIMPADOR MULTIUSO VEJA PITANGA SQUEEZE 500ML,17.0,106.24
AGUA SANITARIA BRASQUIL AR 2L,17.0,106.08
DETERGENTE LIQUIDO LIMPA MAIS MACA 2L,20.0,105.99
LIMPADOR MULTIUSO VEJA AZUL 5L,2.0,105.94
DESINFETANTE YZA EUCALIPTO 5L,8.0,105.92
MM LAVA ROUPAS ESCURAS 3LTS,2.0,105.88
LIMPADOR PERFUMADO ATRIUS EUFORIA 1L,16.0,105.84
DETERGENTE LIQUIDO JUMPOL LIMAO 500ML,54.0,105.54
ALVEJANTE DONA CLARA SEM CLORO 1L,11.0,105.39
DESINFETANTE ECONOMICO MARINE 12X1L,2.0,105.36
AMACIANTE DILUIDO COMFORT CLASSIC 5L,2.0,105.29
DESENGORDURANTE AYLAG 2LT,7.0,105.25
DETERGENTE LIQUIDO MIL SELECT MACA 2L,16.0,105.18
LIMPADOR MULTIUSO Q LAR LAVANDA 500ML,22.0,105.18
DESINFETANTE TREVO VIOLETA 2L,14.0,105.18
LIMPADOR PERFUMADO BELLA CASA FLORES DO CAMPO 500ML,18.0,104.98
DESINFETANTE VIANNAS FRAGANCIAS 2L,22.0,104.95
ALVEJANTE LIMP LAR SEM CLORO 1L,12.0,104.88
DETERGENTE LIQUIDO BRILUX VINAGRE 24X500ML,2.0,104.88
LIMPADOR ESSENCIA ALVO PINHO E LIMAO 140ML,15.0,104.85
AMACIANTE CONCENTRADO GOTA LIMPA MAGIA 12X1L,9.0,104.82
LIMPADOR PERFUMADO HR TALCO 2L,10.0,104.77
SABAO EM PO ALLE PRIMAVERA PCT 1KG,20.0,104.72
DETERGENTE LIQUIDO URCA COCO 500ML,50.0,104.7
DESINFETANTE POP LIMP FLORAL 2L,18.0,104.67
LIMPADOR DE VIDRO TAQLIMPO REFIL 500ML,15.0,104.66
LIMPADOR MULTIUSO NOBRE UP FLORAL 500ML,26.0,104.49
DESINFETANTE DEION STILETO 5L,4.0,104.39
AMACIANTE DILUIDO ESPUMIL TERNURA ROSA 2L,15.0,104.37
SABAO LIQUIDO BRILHANTE HIGIENE TOTAL 4X3L,3.0,104.3
DESINFETANTE PINHO ALPES FLORAL 6X2L,2.0,104.28
DETERGENTE LIQUIDO MIL FLORES MACA 500ML,49.0,104.26
CLORO TOP LUX 1L,21.0,104.21
LIMPADOR PERFUMADO RICLEY TALCO 2L,14.0,103.88
LIMPEZA PESADA AJAX BICARBONATO CITRUS FRESH 500ML,13.0,103.87
LIMPADOR PERFUMADO ATTIVO VIOLETA 5L,4.0,103.87
DESINFETANTE ACQUA PINHO 2L,14.0,103.85
LIMPADOR PERFUMADO SUPER LAR PINHO 2L,14.0,103.76
LIMPADOR REMOVEDOR KAIAK ATTIVO 5L,5.0,103.75
LIMPADOR MULTIUSO ESSENCIAL TALCO 5L,5.0,103.75
LIMPADOR PERFUMADO AJAX BOUQUET FLORES PG450ML LV500ML,14.0,103.74
LIMPADOR PERFUMADO CASA E PERFUME AGRADABLE 6X2L,1.0,103.58
DESINFETANTE SOLARQUIM EUCALIPTO 2L,16.0,103.53
DESINFETANTE SUPER BRILHO MARINE 1L,25.0,103.53
DESINFETANTE JHOLIMP PALMOLIVE 5L,7.0,103.41
DETERGENTE LIQUIDO SOLUTOL 5L,2.0,103.39
DESINFETANTE DLM AROMATIZANTE NATUREZA 1L,28.0,103.1
LAVA ROUPAS PO OMO 2KG PURO CUIDADO,4.0,103.06
DESINFETANTE RICLEY EUCALIPTO 2L,14.0,103.05
DESINFETANTE DESODOR PINHO EUCALIPTO 500ML,24.0,102.93
AMACIANTE DILUIDO TOQUE DE CARINHO 500ML,17.0,102.83
SABAO LIQUIDO PRIVILLEGE TRADICIONAL 1L,7.0,102.83
DESINFETANTE MAGIC TALCO 1L,25.0,102.8
DESINFETANTE PET CAT ZONE XO BACTERIAS FLORES 2L,5.0,102.72
AMACIANTE CONCENTRADO MON BIJOU NOITE DOS SONHOS 500ML,10.0,102.72
LIMPADOR MULTIUSO AZULIM LIMAO SQZ 12X500ML,4.0,102.71
LIMPADOR PERFUMADO LIMPA TUDO EUCALIPTO 2L,18.0,102.58
DESENGORDURANTE BOM USO 500ML,10.0,102.53
DESINFETANTE FRANCOL QUARTO DE BEBE 1L,28.0,102.48
AMACIANTE DILUIDO POP LIMP FLORAL 2L,13.0,102.33
DESINFETANTE DLM EUCALIPTO 1L,28.0,102.22
AMACIANTE DILUIDO BRILHO NATURAL DONY ROSA 2L,17.0,102.03
LIMPEZA PESADA SANOL PRO DESENGRAXANTE 1L,6.0,101.94
AMACIANTE DILUIDO GOTA FORTE BRANCO 5L,9.0,101.91
SABAO EM PO YPE PREMIUM TOQUE AMACIANTES CX 1KG,29.0,101.91
DESINFETANTE STORK PERF LAVANDA 2L,16.0,101.84
DESINFETANTE YZA PINHO 2L,16.0,101.84
AMACIANTE DILUIDO IDEAL AZUL 2L,17.0,101.83
AMACIANTE DILUIDO LIMBEL ORIGINAL 2L,10.0,101.81
DESINFETANTE BRILHO OTIMO LAVANDA 2L,24.0,101.76
SABAO EM PO ATLAS AZUL SACHE 1KG,19.0,101.56
LIMPADOR PERFUMADO NOVO LAR VIDA BELA 500ML,19.0,101.54
DESINFETANTE PANTER LAVANDA 750ML,25.0,101.46
DETERGENTE LIQUIDO UTILAR NEUTRO 5L,4.0,101.45
SABAO EM PO TIXAN YPE PRIMAVERA 800G + AMAC CONC INSP 500ML,1.0,101.4
SABAO EM PO TULY FLOR DE CEREJEIRA SC 500G,29.0,101.33
DETERGENTE LIQUIDO LIMPOL COCO 500ML,50.0,101.22
DETERGENTE LIQUIDO AMALIA NEUTRO 500ML,44.0,101.11
DETERGENTE LIQUIDO ALE MACA 500ML,69.0,101.1
AMACIANTE DILUIDO RICLEY 2L,13.0,101.07
ALVEJANTE BRINLAR SEM CLORO PARA ROUPAS COLORIDAS 2L,6.0,101.0
DESINFETANTE LIMP LAR C/ SABAO EUCALIPTO 2L,6.0,100.95
SABAO LIQUIDO TOP LUX 1L,16.0,100.89
DETERGENTE LIQUIDO LIMPOL ALOE VERA GEL 511G,13.0,100.83
"DESINFETANTE EDLIMP AGRESTE 3,75L",8.0,100.69
DESINFETANTE VIWACE EUCALIPTO 1L,29.0,100.47
DETERGENTE LIQUIDO COMBATE MACA 500ML,36.0,100.44
DESINFETANTE LAVANDEIRA EUCALIPTO 2L,19.0,100.44
LIMPADOR DE VIDRO GRAND CAR CONCENTRADO 100ML,12.0,100.34
ALVEJANTE DICLORO SEM CLORO 1L,12.0,100.18
DESINFETANTE UNICA FLORES VERMELHAS 2L,12.0,100.16
LIMPADOR ESSENCIA PERFUM EUCALIPTO 140ML,8.0,100.04
TIRA MANCHA OMO TRADICIONAL 5L,1.0,99.99
ASPIRADOR 3 RODAS C/ ESCOVA NETUNO,1.0,99.98
DESINFETANTE AGEX FLORAL 5L,13.0,99.97
DESENGORDURANTE UTIL COZINHA PROFIS 5L,4.0,99.96
DETERGENTE LIQUIDO VIP CLEAN NEUTRO 5L,5.0,99.95
DESINFETANTE GEO 2L + AMACIANTE 2L 4L,7.0,99.89
DESINFETANTE POLITRIZ GARDENIA 6X3L,2.0,99.78
DESINFETANTE DLM LIMPEZA AMAZONIA 2L,16.0,99.62
DETERGENTE LIQUIDO SOLIMPE MACA 2L,16.0,99.61
DESINFETANTE MULT FACIL IGUATEMI 5L,6.0,99.54
DESENGORDURANTE CASA CLEAN KIT COZINHA 910ML,10.0,99.5
REMOVEDOR BIG 100 ML,12.0,99.48
LIMPADOR PET DALU ELIMINADOR DE ODORES FLORAL 2L,9.0,99.43
AMACIANTE DILUIDO LILY 2L,16.0,99.33
AMACIANTE DILUIDO SAMAR 2L,14.0,99.31
LIMPADOR PERFUMADO ACTIF HARMONIA 1L,9.0,99.17
AGUA SANITARIA RCD 2L,12.0,99.14
AMACIANTE DILUIDO MEGA CLEAN ROSA 2L,15.0,99.05
AMACIANTE DILUIDO BOM DA REDE PETALAS 2L,10.0,98.9
AMACIANTE DILUIDO YPE LARANJA 500ML,4.0,98.87
DESINFETANTE MAGICO FLORAMI 1L,17.0,98.79
LIMPEZA PESADA VEJA GOLD LAVANDA E ALCOOL 500ML,11.0,98.76
DETERGENTE LIQUIDO LIMPA JA COCO 500ML,45.0,98.65
ALVEJANTE ALVEX DE LAVANDA 2L,9.0,98.61
DESINFETANTE DLM AROMATIZANTE PALMOLIVE 1L,27.0,98.57
DESINFETANTE GLOBO SAN FLORAL 1L,31.0,98.57
DESINFETANTE SOLIMPE PINHO LAVANDA 500ML,34.0,98.52
DESINFETANTE MAGICO MAYOR LAVANDA 500ML,17.0,98.48
ALVEJANTE NATHAN SEM CLORO 2L,7.0,98.43
LIMPADOR MULTIUSO AZULIM CAMPESTRE SRAY 12X500ML,3.0,98.43
TIRA MANCHA PLUSH OXY2 PRE-LAVAGEM 250G,8.0,98.4
SABAO LIQUIDO BELA FAMILIA AMANHECER 5L,4.0,98.39
SABAO LIQUIDO GIRANDO SOL ACAO TOTAL 6X2L,1.0,98.34
DESINFETANTE MULT FACIL AMAZONAS 2L,12.0,98.28
AGUA SANITARIA MARANATA 1L,34.0,98.26
DETERGENTE LIQUIDO ORIENTAL CLEAR 500ML,58.0,98.02
DETERGENTE LIQUIDO AQUAFAST LIMAO 24X500ML,2.0,97.92
"SABAO EM PO SUPER BRANCO MULTIACAO 1,6KG",8.0,97.92
DESINFETANTE IDEAL FLORAL 5L,9.0,97.91
DESINFETANTE URCA FLORAL BRISA 2L,23.0,97.89
LIMPADOR PET REAX PET ELIMINADOR DE ODORES LAVANDA 500ML,4.0,97.88
DESINFETANTE SKY PLUS VIOLEX 2L,20.0,97.8
DESENGORDURANTE CATARINA LAVANDA 5L,4.0,97.78
DESINFETANTE ZAB MARINE 12X1L,2.0,97.75
SABAO LIQUIDO SHERON CONFORTO 2L,8.0,97.73
DESINFETANTE MAXXI FLORAL 2L,12.0,97.65
LIMPADOR ESSENCIA CAMPO BELO PINHO EXTRA 200ML,9.0,97.46
AMACIANTE DILUIDO KLIP TRADICIONAL 2L,15.0,97.37
LIMPADOR PERFUMADO CASA E PERFUME SENSUALIDADE 12X1L,1.0,97.2
LIMPADOR MULTIUSO BETEL LIMAO 2L,11.0,97.02
DESINFETANTE CHEIRO BOM ERVA DOCE 1L,27.0,96.95
LIMPADOR PERFUMADO LIMPEX COCO 2L,18.0,96.92
AMACIANTE DILUIDO MIL ROSA 500ML,29.0,96.85
DESINFETANTE TEIU CITRUS 500ML,24.0,96.84
DESINFETANTE DAFLOR PRIMAVERA 2L,18.0,96.81
"DESINFETANTE EDLIMP CHUVA DE ROSAS 3,75L",8.0,96.8
DESINFETANTE REAL CITRICO 2L,15.0,96.8
LIMPADOR DE VIDRO BOM USO GATILHO 500ML,10.0,96.69
DESINFETANTE IDEAL TALCO 2L,14.0,96.6
AGUA SANITARIA SUPER LAR 2L,13.0,96.57
DESINFETANTE IDEAL IGUATEMI 1L,33.0,96.57
SABAO LIQUIDO SUPER BRANCO GLIC. 2L,5.0,96.48
SBL OMO DELICADAS C/GLIC GR PLAST 500ML,7.0,96.43
DESINFETANTE CANDEIAS CITRUS 5L,5.0,96.18
LIMPADOR ESSENCIA QUIM AROMA CAMPESTRE 100ML,15.0,96.09
"SABAO EM PO SURF CUIDADO COCO CX 7X1,6KG",1.0,95.97
LIMPADOR PERFUMADO HR 5L TALCO,5.0,95.95
LIMPADOR PERFUMADO AJAX FESTA DAS FLORES FLORES LAVANDA 2L,6.0,95.94
LIMPADOR MULTIUSO DONA BELA ESSENCIA CONC EUCALIPTO 140ML,11.0,95.89
AMACIANTE CONCENTRADO COMFORT PURO CUIDADO FRASCO 12X500ML,1.0,95.88
AGUA SANITARIA CLAREX 2L,12.0,95.87
SABAO LIQUIDO APYCE SUPERAÇAO 1L,13.0,95.87
DETERGENTE LIQUIDO STARLUX MACA 2L,16.0,95.84
DESINFETANTE STORK PERF OCEANICO 2L,16.0,95.84
AMACIANTE DILUIDO CAROLINA TRADICIONAL 2000ML,16.0,95.84
AMACIANTE DILUIDO USELIMP AZUL 2L,18.0,95.82
LIMPADOR DE VIDRO LIMPOL LIQUIDO SUAVE 3 EM 1 12X500ML,2.0,95.76
AGUA SANITARIA CLEAN DAY 2L,15.0,95.75
DETERGENTE LIQUIDO ABA PLUS NEUTRO 500ML,52.0,95.74
LIMPADOR MULTIUSO ALVEX FLORAL 500ML,17.0,95.63
REMOVE GRUDE QOTIMO 100ML,9.0,95.61
AMACIANTE CONCENTRADO URCA BABY TERNURA 500ML,36.0,95.5
ALVEJANTE SEMORIN PRE-LAVAGEM 500ML,7.0,95.49
AMACIANTE DILUIDO AGEX SOFT 5L,8.0,95.42
DESINFETANTE DENGO FLORAL 5L,3.0,95.4
DESINFETANTE Q OTIMO FLORAL 2L,17.0,95.21
AMACIANTE DILUIDO LUCIA AZUL 2L,12.0,95.2
DETERGENTE LIQUIDO JAGUAR ESPECIAL 2L,14.0,95.06
DETERGENTE LIQUIDO RISO MACA 500ML,48.0,95.04
AMACIANTE DILUIDO COMFORT PROFISSIONAL FRASCO 2X5L,1.0,95.0
DETERGENTE LIQUIDO CASA DA LIMPEZA NEUTRO 5L,5.0,94.95
AMACIANTE DILUIDO LIMPEZA 5L,5.0,94.95
DETERGENTE LIQUIDO COMBATE COMBATE 500ML,34.0,94.86
DESINFETANTE SUPER CLEAN PINHO 5L,6.0,94.76
DESINFETANTE PAMPA EUCALIPTO 5L,7.0,94.71
DETERGENTE LIQUIDO ARAUJO NEUTRO 2L,12.0,94.54
DESINFETANTE QUALYBRILL FLORAL 6X2L,3.0,94.5
ALGICIDA CHOQUE GENCO 1L,2.0,94.38
LIMPADOR MULTIUSO BRILUX TRADICIONAL SQUEEZE 12X750ML,3.0,94.32
DETERGENTE LIQUIDO SANISAFE LIMAO 2L,20.0,94.3
DESINFETANTE BIANCOLL FLORAL 500ML,23.0,94.29
LIMPADOR MULTIUSO AROMASIL TRADICIONAL 500ML,15.0,94.24
SABAO EM PO ALICE SOFT 500G,52.0,94.06
DESINFETANTE VIWACE LAVANDA 1L,27.0,94.02
DESINFETANTE REAL MIX DE FLORES 500ML,45.0,93.93
DESENGORDURANTE SANY MIX LIMPA CHAPA 500ML,4.0,93.88
DESINFETANTE TAQLIMPO LIMAO 2L,11.0,93.81
LIMPADOR MULTIUSO BIOWASH SENSTIIVE 1L,2.0,93.8
DESINFETANTE PAMPA LAVANDA 5L,7.0,93.75
AMACIANTE DILUIDO CONDE LAVANDA 5L,7.0,93.73
EDUCADOR SANITARIO VINI DOG XIXI NAO PODE 500ML,4.0,93.62
DETERGENTE LIQUIDO OESTE LIMAO 24X500ML,3.0,93.52
AMACIANTE DILUIDO UTILAR CARINHO 5L,5.0,93.44
DETERGENTE LIQUIDO TEIU MACA 24X500ML,2.0,93.36
DESINFETANTE PAMPA MARINE 5L,7.0,93.35
LIMPADOR MULTIUSO ALLCHEM ELETROELETRONICOS 120ML,7.0,93.32
LAVA ROUPAS INTIMAS BLEACH 500ML TEEN,7.0,93.13
LIMPADOR PERFUMADO HR LAVANDA SENSACAO 2L,11.0,93.13
LIMPADOR PERFUMADO AJAX FUSAO PERFEIT FRUTAS VERMELHAS 500ML,13.0,93.07
AMACIANTE DILUIDO NATHAN 2L,10.0,93.0
AMACIANTE DILUIDO BARRIGA VERDE AZUL 5L,7.0,92.97
AMACIANTE DILUIDO COMFORT CLASSIC 1L,6.0,92.94
LIMPADOR PET BAW WAW ELIMINADOR ODOR EUCALIPTO 500ML,14.0,92.86
AMACIANTE CONCENTRADO SEMORIN 450ML,10.0,92.83
DESINFETANTE DAS NEVES LAVANDA 1L,21.0,92.74
DESINFETANTE DESODOR PINHO CAMPOS DE LAVANDA 1L,14.0,92.72
AMACIANTE DILUIDO GIRANDO SOL VERMELHO 6X2L,2.0,92.7
LIMPADOR MULTIUSO TUDO LIMPA TUDO LAVANDA 12X500ML 6L,3.0,92.55
DESINFETANTE ALICE PINHO 500ML,37.0,92.54
CLORO MARINA EMB LEITOSA 5L,5.0,92.5
LIMPADOR PET SANOL DOG ELIMINADOR ODORES HERBAL 6X2L,5.0,92.45
AMACIANTE DILUIDO MAX AMARELO 2L,16.0,92.44
AMACIANTE DILUIDO KEDNA FLORES 500ML,30.0,92.41
LIMPADOR PERFUMADO NOVO LAR AMANHECER 500ML,17.0,92.37
LAVA ROUPAS PO INVICTO 500G MACIEZ,19.0,92.19
DETERGENTE LIQUIDO JUMPOL COCO 500ML,47.0,92.16
LIMPADOR MULTIUSO VEJA POWER FUSION COCO GATILHO 500ML,7.0,92.04
AMACIANTE DILUIDO PERFECT PLUAS FRESCOR 2L,11.0,92.03
AMACIANTE DILUIDO ASSOLAN 2L,4.0,91.96
SABAO LIQUIDO BRILUX COMO MULTIACAO REFIL 12X1L,1.0,91.92
DESINFETANTE DAFLOR NATUREZA 2L,17.0,91.82
ALVEJANTE AGE SEM CLORO 1L,13.0,91.67
AMACIANTE CONCENTRADO ZAVASKI INTENSE 500ML,13.0,91.54
SABAO EM PO BEM TE VI LAVANDA 18X800G,1.0,91.5
AMACIANTE DILUIDO LOURO 2L,9.0,91.46
DESINFETANTE DESODOR PINHO CAMPOS DE LAVANDA 500ML,21.0,91.4
SABAO EM PO YPE PREMIUM CX 500G,17.0,91.39
DESINFETANTE DORIGON LAVANDA 500ML,31.0,91.36
DESINFETANTE MAXLIMP EUCALIPTO 2L,17.0,91.32
LIMPADOR MULTIUSO VEJA KIT 10%DESC 6X500ML,4.0,91.2
AMACIANTE CONCENTRADO YPE ANTIBAC 12X1L 12L,1.0,91.08
AMACIANTE DILUIDO GIRANDO SOL LILAS 6X2L,2.0,91.08
DETERGENTE LIQUIDO MAXXI LIMP 500ML,58.0,91.02
DESINFETANTE CHEIRO BOM ERVA DOCE 5L,6.0,90.98
TIRA MANCHAS EM BARRA VANISH WHITE 12X75G 900G,1.0,90.96
LIMPADOR MULTIUSO UAU ROSAS SEDUCAO 24X500ML,1.0,90.96
AMACIANTE DILUIDO MON BIJOU BABY ERA UMAVEZ 1L,7.0,90.94
AMACIANTE CONCENTRADO COMFORT  ALOE VERA 500ML,7.0,90.89
DESINFETANTE PINHO BRIL SILVESTRE 500ML,13.0,90.87
AMACIANTE DILUIDO AR 2L,13.0,90.87
LIMPADOR MULTIUSO BRILHOLAC GATILHO NATUREZA LIMPA 500ML,6.0,90.83
DESINFETANTE DLM NIVEA 1L,25.0,90.83
AMACIANTE DILUIDO MAZA ROUPAS PRIMAVERA 2L,14.0,90.81
DESINFETANTE TREVO VIOLETA 1L,21.0,90.8
DESINFETANTE COTTONY EUCALIPTO 2L,23.0,90.77
DESINFETANTE LIMP LAR VINOLIA 2L,15.0,90.51
LIMPADOR ESSENCIA CONCENTRADA CASAFLOR ALGODAO 12X120ML,1.0,90.48
DETERGENTE LIQUIDO DESOMAX SUPER UTIL LIMAO 500ML,40.0,90.4
DESINFETANTE UTIL EUCALIPTO 500ML,40.0,90.4
DESINFETANTE GIRANDO SOL LAVANDA 6X2L,2.0,90.3
DESINFETANTE AQUAFAST JARDIM FLORIDO 5L,5.0,90.29
AMACIANTE DILUIDO CANDEIAS FLORES E FRUTOS 1L,17.0,90.25
LIMPADOR PERFUMADO UAU LAVANDA 500ML,17.0,90.23
AMACIANTE DILUIDO URCA BRISA PRIMAVERA 500ML,27.0,90.17
AMACIANTE DILUIDO ITO ROSA 2L,10.0,90.12
CLORO ROSSI 5L,5.0,89.95
ALVEJANTE AR SEM CLORO 5L,5.0,89.95
AGUA SANITARIA DONA CLARA 3L,6.0,89.94
LIMPADOR PET BAW WAW FLORES DO CAMPO 140ML,6.0,89.94
"DESENGORDURANTE UAU KIT MULTIUSO + PINHO TROP 1,5L",6.0,89.94
DESINFETANTE BIO NATURE LAVANDA 5L,6.0,89.94
LIMPADOR ESSENCIA UBON PINHO 140ML,6.0,89.94
"LIMPADORES PISCINA PASTILHA CLORO HIDROALL 90% 1,4KG 7UN",1.0,89.9
AMACIANTE CONCENTRADO ORIENTAL AMOR 5L,6.0,89.89
AMACIANTE CONCENTRADO GIRANDO SOL VERMELHO 12X500ML,1.0,89.88
LIMPADOR PERFUMADO ADELA FLORAL 2L,12.0,89.88
AMACIANTE CONCENTRADO GIRANDO SOL AZUL 12X500ML,1.0,89.88
DESENGORDURANTE CLEAN DAY 500ML,6.0,89.86
AGUA SANITARIA K LAVA 2L,14.0,89.86
DESINFETANTE BRILHO PRATICO NIVEA 1L,15.0,89.85
DESINFETANTE BABY BETTY TALCO 2L,18.0,89.82
DESINFETANTE ASA LESTE JASMIN 2L,12.0,89.81
SABAO EM PO Q LAR 1KG,10.0,89.8
DETERGENTE LIQUIDO TOP VEGAN MACA 500ML,7.0,89.73
LIMPADOR PERFUMADO ACTIF CONFORTO 1L,10.0,89.73
LIMPADOR ESSENCIA LIMPA MAIS ERVA DOCE 120ML,11.0,89.69
"SABAO LIQUIDO OMO RAPIDA ACAO ANTIODOR 6X1,4L",3.0,89.67
LIMPADOR PERFUMADO CASAFLOR DESIRE 6X3L,1.0,89.46
DESINFETANTE GLOBO SAN PINHO 1L,29.0,89.46
SABAO LIQUIDO ALVEX COCO 1L,7.0,89.41
DESINFETANTE NATHAN LAVANDA 2L,14.0,89.32
ALVEJANTE LIMPEBEM SEM CLORO 3L,4.0,89.26
DESINFETANTE IDEAL LAVANDA 1L,30.0,89.2
SABAO LIQUIDO SONHO FRESH 2X5L,2.0,89.18
DESINFETANTE LIMP LAR PINHO 2L,16.0,89.15
LIMPADOR PET STAR DOG ELIMINADOR DE ODORES 2L,11.0,88.9
LIMPADOR PET AVIPET ELIMINADOR DE ODOR EUCALIPTO 2L,5.0,88.9
AGUA SANITARIA K LAVA 1L,26.0,88.74
DESINFETANTE ASTOLLI LAVANDA 500ML,34.0,88.66
DETERGENTE LIQUIDO LIMPA MAIS NEUTRO 500ML,55.0,88.62
LIMPADOR MULTIUSO UAU LAVANDA 24X500ML,1.0,88.56
AMACIANTE DILUIDO SONHO FACILITADOR GARRAFA 12X500ML,2.0,88.56
SABAO LIQUIDO NUEVO SABAO LIQUIDO 5L,3.0,88.5
DETERGENTE LIQUIDO TAPAJOS MACA 500ML,41.0,88.46
LIMPADOR PERFUMADO VEJA PERFUMES FLORES E SONHOS 1L,10.0,88.46
DESINFETANTE AQUAFAST LAVANDA 6X2L,2.0,88.44
SABAO LIQUIDO CLASS SABAO LIQUIDO 5L,2.0,88.4
DETERGENTE LIQUIDO TUPA NEUTRO 500ML,36.0,88.4
DESINFETANTE MAXPOL MATINAL 500ML,42.0,88.38
DESINFETANTE DAFLOR LAVANDA 1L,30.0,88.29
DESINFETANTE ZAB TALCO 12X1L,2.0,88.24
SABAO EM PO Q LAR CLASSIC 500G,15.0,88.14
AMACIANTE DILUIDO COMFORT ALOE VERA 2L,5.0,88.11
LIMPADOR PERFUMADO LIMPOL DREAMING 12X500ML,2.0,88.08
DESINFETANTE PINHO BRIL FRUTAS CITRICAS 500ML,15.0,88.02
DETERGENTE LIQUIDO LIMPA FACIL LIMAO 5L,6.0,87.98
TIRA MANCHAS QBOA S/CLORO BRANQUEADOR 6X2L,1.0,87.9
DETERGENTE LIQUIDO POLIAL LIMAO 24X500ML,3.0,87.84
AMACIANTE DILUIDO LIMBEL CLASSIC 2L,8.0,87.84
DESINFETANTE MEU AROMA 2L,16.0,87.84
DESINFETANTE TREVO PINHO 1L,21.0,87.79
LIMPADOR PERFUMADO ANTAR PLUS LAVANDA 2L,13.0,87.62
LIMPADOR PERFUMADO ANTAR 2L,13.0,87.62
LIMPADOR PERFUMADO NOVO LAR INFANCIA 1L,11.0,87.57
ALVEJANTE IMPERIAL SEM CLORO 5L,4.0,87.48
LIMPADOR ESSENCIA PERFUMARE BAMBU 140ML,10.0,87.42
LIMPADOR ESSENCIA NATUSELL TALCO 140ML,9.0,87.41
AGUA SANITARIA FC VERDE 2X5L,9.0,87.2
LIMPADOR MULTIUSO YPE COM ALCOOL 500ML,29.0,87.17
DESINFETANTE MAXLIMP TALKIN 2L,16.0,87.12
LIMPADOR MULTIUSO UAU ELIMINA ODORES HORTELA 24X500ML,1.0,87.12
SABAO LIQUIDO CASA LIMPA FORTE 1L,6.0,87.01
CLORO ABC 5L USO GERAL,4.0,87.0
CLORO DONA CLARA 5 LTS,3.0,86.97
LIMPADOR MULTIUSO ALVEX LIMAO 500ML,13.0,86.87
AMACIANTE DILUIDO CLARIN AZUL 2L,11.0,86.79
DESINFETANTE LYSOL LIMAO SPRAY 360ML,4.0,86.47
SABAO LIQUIDO MULTFACIL SOFT BLUE 1L,10.0,86.4
SABAO LIQUIDO UAU ACTIVE 4X3L,1.0,86.4
AGUA SANITARIA DA MAZA 2L,17.0,86.17
SABAO EM PO GIRANDO SOL FLORAL PARIS 1KG,11.0,86.09
DESINFETANTE BRISA LAR VIOLETA 5L,11.0,86.03
DETERGENTE LIQUIDO LIMPOL CRISTAL 4X5L,1.0,86.0
LIMPADOR MULTIUSO POSITIVA 1L,2.0,85.98
DETERGENTE LIQUIDO MIL FLORES MACA 5L,5.0,85.95
AMACIANTE DILUIDO ECONOMICO SOFT YELLOW 12X500ML,36.0,85.92
DETERGENTE LIQUIDO TRIEX LIMAO 24X500ML,2.0,85.92
AMACIANTE CONCENTRADO DOWNY EDICAO VERAO FRASCO 500ML,8.0,85.92
DESINFETANTE MAIS LIMPEZA NATUREZA 1L,25.0,85.92
LIMPADOR DE VIDRO TECOVEL CARRO E CASA REFIL 500ML,6.0,85.9
CLORO CIRIO ATIVO 1L,11.0,85.89
DETERGENTE LIQUIDO PRINCESA DUVALE NEUTRO 500ML,49.0,85.87
AMACIANTE DILUIDO CHEIRO DO LAR FRAGRANCIAS 2L,12.0,85.8
LIMPADOR ESSENCIA CAMPO BELO LAVANDA SPRAY 100ML,15.0,85.75
DETERGENTE LIQUIDO SOLIMPE NEUTRO 2L,14.0,85.7
LIMPADOR PERFUMADO VEJA PERFUMES AROMA SENSE EUFORIA 2L,3.0,85.66
LIMPADOR PERFUMADO YSO PEROLA DO MAR 2L,15.0,85.65
DESINFETANTE TREVO LIMAO 1L,20.0,85.63
LIMPEZA PESADA RENKO KYLO PINE 1L,3.0,85.51
DET. PÓ INVICTO COCO 1 KG,9.0,85.37
AGUA SANITARIA CLASSLIMP 5L,9.0,85.32
DESINFETANTE LISA LAVANDA 500ML,35.0,85.28
DESINFETANTE CLORAX JASMIN 5L,5.0,85.16
AGUA SANITARIA SAMAR GF 2L,22.0,85.12
SABAO LIQUIDO ATTIVO ERVA DOCE 5L,3.0,84.97
DESINFETANTE PET PET CARE FLORAL 2L,5.0,84.77
AMACIANTE DILUIDO HIGILAR 1900ML,12.0,84.76
DESINFETANTE MULT FACIL PALMOLIVE 5L,5.0,84.75
AMACIANTE DILUIDO CLASSIC VIOLETA 2L,17.0,84.66
AMACIANTE DILUIDO ABA PLUS CONFORT 2L,11.0,84.59
LIMPADOR PERFUMADO LIMPEBEM CITRONELA 2L,12.0,84.52
DESINFETANTE DORIGON FLORAL 500ML,28.0,84.49
DETERGENTE LIQUIDO PROLAR MACA 2L,8.0,84.47
LIMPADOR MULTIUSO UAU LAVANDA 5L,2.0,84.39
DESINFETANTE KEDNA JASMIM 2L,10.0,84.31
DESINFETANTE MONTE LAGOS LAVANDA 500ML,21.0,84.29
LIMPADOR PERFUMADO RENDE BEM SENSACAO 2L,14.0,84.26
DESINFETANTE GLOBO SAN EUCALIPTO 1L,28.0,84.22
LIMPADOR MULTIUSO CLASSIC LOURO 5L,3.0,83.97
SABAO EM PO CLARIN MULTIACAO 5KG,4.0,83.96
AGUA SANITARIA DONA CLARA 5L,7.0,83.93
AMACIANTE DILUIDO CANDEIAS LILAS 2L,8.0,83.92
CLORO MILLE 1L,8.0,83.92
DESINFETANTE TREVO LAVANDA 2L,11.0,83.89
SABAO LIQUIDO GIORNO 1L,3.0,83.88
DESENGORDURANTE OXIMAX COZINHA 500ML,7.0,83.84
LIMPEZA PESADA ALGO MAIS ACIDO MURIATICO 1L,8.0,83.82
LIMPADOR PERFUMADO GIRANDO SOL FLORES E PAIXAO 500ML,18.0,83.81
SBP OMO COMFORT 500GRS,25.0,83.75
AMACIANTE DILUIDO MON BIJOU PRIMAVERA 1L,7.0,83.75
GENCO PH MAIS 1L,3.0,83.66
TIRA MANCHA WASHING PO O2 OVER BLANK 500G,11.0,83.62
DETERGENTE LIQUIDO ABA PLUS MACA 500ML,47.0,83.57
LIMPADOR PERFUMADO LIMPOL FRESCOR OCEANO 12X500ML,2.0,83.52
ALVEJANTE SOLARQUIM SEM CLORO 5L,3.0,83.48
DESINFETANTE REAL PALMOLIVE 1L,25.0,83.46
SABAO EM PO ARIEL OXI BARRAS 1KG+100G GTS,14.0,83.3
DETERGENTE LIQUIDO LISTAL MACA 2L,9.0,83.25
ALVEJANTE VELIMP SEM CLORO 1L,10.0,83.24
LIMPADOR ESSENCIA DAYLA SOLUVEL TUTTI FRUTTI 140ML,8.0,83.12
AMACIANTE CONCENTRADO LEVO FOFURA 500ML,26.0,83.04
DESINFETANTE URCA LAVANDA 12X500ML,2.0,83.04
LIMPADOR PERFUMADO NOVO LAR SONHO BOM 500ML,16.0,83.03
AMACIANTE CONCENTRADO DOWNY BRISA + INTENSO 4X3L,1.0,82.99
LIMPADOR DE VIDRO ROBER LUX CRISTAL 500ML,3.0,82.96
SABAO EM PO MASTER PLUS 1KG,10.0,82.9
LIMPADOR PERFUMADO AUDAX FACILITA ORQUIDEA SILVESTRE 1L,10.0,82.87
DESENGORDURANTE POLITRIZ USO GERAL SPRAY 12X500ML,2.0,82.8
LIMPADOR PERFUMADO CIF HARMONIZANTE 450ML,11.0,82.78
SABAO LIQUIDO LIQUIDO REFIL 700ML,9.0,82.71
AMACIANTE DILUIDO LILY AZUL TRADICIONAL 2L,11.0,82.65
"SABAO LIQUIDO ROUPA E CARINHO COCO 1,5L",4.0,82.54
AMACIANTE CONCENTRADO DONA CLARA ORQUIDEA E MAGIA 500ML,11.0,82.5
DESINFETANTE DESOLIMP TYTYTY 2L,13.0,82.37
DESINFETANTE MAXLIMP 2L,15.0,82.35
DESINFETANTE BIANCOLL PINHO 500ML,19.0,82.22
DESINFETANTE ALICE EUCALIPTO 500ML,38.0,82.19
LIMPADOR MULTIUSO VIM CLORO EM GEL FLORAL 750ML,5.0,81.95
SABAO LIQUIDO DA MAZA COCO 2L,5.0,81.95
DESINFETANTE MAGIC JASMIM ROXO 1L,19.0,81.91
ANALISE CLORO 23ML HIDROALL ORTOTOLIDINA,8.0,81.85
DESINFETANTE CONDE CLEAN EUCALIPTO 5L,7.0,81.83
DESINFETANTE MAXPOL EUCALIPTO 500ML,38.0,81.82
LIMPADOR PERFUMADO RICLEY FLORAL 2L,11.0,81.8
AMACIANTE DILUIDO GLOBO AZUL TRADICIONAL AMARELO 2L,11.0,81.79
DETERGENTE LIQUIDO IZABELLA MACA 500ML,47.0,81.77
SABAO LIQUIDO THAUXI TIRA MANCHAS 100ML,9.0,81.71
DESINFETANTE ASTOLLIFLORAL  500ML,33.0,81.68
DESINFETANTE POP LIMP FLORAL 1L,27.0,81.62
AMACIANTE CONCENTRADO DEOLINE DOCE CARINHO 1L,6.0,81.62
DESINFETANTE CANDURA CITRICO 6X2L,2.0,81.6
LIMPADOR PERFUMADO CASA E PERFUME INFANZIA 500ML,14.0,81.6
AMACIANTE DILUIDO MARAJO CONFORT 1L,21.0,81.48
SABAO LIQUIDO MILU ALCO 2L,6.0,81.46
LIMPADOR PERFUMADO REAX PERFUME SUAVE 500ML,13.0,81.44
DESINFETANTE HIPO QUAL 5L,1.0,81.43
ALVEJANTE CATARINA COM CLORO 5L,4.0,81.43
SABAO EM PO SURF ROSAS E FLOR DE LIS 1KG,10.0,81.39
AMACIANTE DILUIDO EUCANOL 500ML,28.0,81.19
SABAO LIQUIDO AQUAFAST MULTIACAO GL 4X3L,1.0,81.16
AGUA SANITARIA VAREK 12X1L,2.0,81.12
DESINFETANTE MARILUX JASMIM 1L,24.0,81.07
DESENGORDURANTE ALLCHEM LIMPADOR A SECO 500ML,3.0,80.97
DESINFETANTE GUIMARAES EUCALIPTO 5L,4.0,80.96
DESINFETANTE CANDEIAS LAV 2L,9.0,80.91
AMACIANTE DILUIDO MILLE AZUL 2L,9.0,80.91
AMACIANTE DILUIDO YZA CARINHO 2L,10.0,80.91
DESINFETANTE AQUAFAST PAIXAO FRASCO 6X2L,2.0,80.88
LIMPADOR MULTIUSO VEJA POWER FUSION GAT LARANJA 500ML,4.0,80.87
AMACIANTE DILUIDO BABY BETTY ROSA 2L,12.0,80.86
DESINFETANTE ALKA KAIAK 2L,18.0,80.82
DESINFETANTE IGUAL LAVANDA 2L,17.0,80.71
DETERGENTE LIQUIDO FONTANA CITRUS SQUEEZE 500ML,45.0,80.55
LIMPEZA PESADA SUPER GLOBO CLORO ATIVO 500ML,15.0,80.45
LIMPADOR MULTIUSO BEM FAZ DESENGORDURANTE 500ML,9.0,80.41
DETERGENTE LIQUIDO Q OTIMO NEUTRO 500ML,36.0,80.38
AMACIANTE DILUIDO CAROLINA BRANCO 2L,13.0,80.37
TIRA MANCHA EDILIMP MULTIUSO 450ML,4.0,80.22
DETERGENTE LIQUIDO TRIEX MACA 24X500ML,2.0,80.16
LIMPA BORDAS PISCINA START BORCLEAN 5L,1.0,79.99
AMACIANTE DILUIDO BARBAREX ROSE 2L,11.0,79.99
DESINFETANTE DESODOR FLORAL 500ML,16.0,79.97
DETERGENTE LIQUIDO MIL FLORES NEUTRO 5L,4.0,79.96
DESINFETANTE AZULIM LAVICS LAVANDA 4X5L,1.0,79.96
LIMPADOR MULTIUSO BYT S CLORADO 2L,4.0,79.96
DESINFETANTE ILLO FLORAL 5L,4.0,79.96
LIMPADOR PERFUMADO ATTIVO LIMAO FRECH 5L,4.0,79.96
DETERGENTE AR 5LT,4.0,79.96
AGUA SANITARIA SIPROLIMP 5L,5.0,79.95
AGUA SANITARIA SANAPY 5L,5.0,79.95
SBPO INVICTO LAVANDA CX PP 1000G,8.0,79.92
LIMPADOR PERFUMADO YPE AMOR DE VERAO 30% DESC 1L,10.0,79.9
DETERGENTE LIQUIDO AQUA PLUS ERVA DOCE 2L,8.0,79.88
LIMPADOR PET POWER PETS NEUTRALIZADOR DE ODORES FLORAL 2L,5.0,79.86
LIMPEZA PESADA VEJA X-14 500ML + TIRA LIMO 40%DSC 500ML,10.0,79.8
AMACIANTE DILUIDO DEION HARMONIA DOURADA 5L,4.0,79.66
DESINFETANTE REAL KAIAK 2L,15.0,79.64
DETERGENTE LIQUIDO LIMPA MAIS CLEAR 500ML,37.0,79.64
SABAO EM PO MONTE LAGOS 1KG,6.0,79.58
DESINFETANTE GLOBO FLORAL 1L,18.0,79.55
LIMPADOR PERFUMADO IAPO KAIAK 5L,5.0,79.5
AMACIANTE DILUIDO LAVANDEIRA SEDUCAO 2L,13.0,79.47
DESENGORDURANTE LIMP LAR 2L,3.0,79.47
DESENGORDURANTE LUCIA 2L,7.0,79.43
"LIMPADOR PERFUMADO CASA E PERFUME BELA FLORE L2L P1,8L 2L",5.0,79.27
SABAO EM PO ZOMAX DE ALCOOL 1KG,8.0,79.2
SABAO LIQUIDO AQUAFAST GLICERINA 4X3L,1.0,79.16
AMACIANTE DILUIDO ECONOMICO SOFT BLUE 2X5L,4.0,78.96
AGUA SANITARIA  IGUAL 1L,35.0,78.96
AMACIANTE DILUIDO GIRANDO SOL AZUL 4X5L,1.0,78.87
REMOVEDOR VIMAX 500ML,5.0,78.85
LIMPADOR DE VIDRO SUPER LIMPO REFIL 500ML,9.0,78.75
DESINFETANTE MULT FACIL PALMOLIVE 1L,16.0,78.54
DESENGORDURANTE SANOL SQUEZZE 500ML,11.0,78.49
DESINFETANTE ECONOMICO FLORAL 2X5L,2.0,78.48
LIMPADOR MULTIUSO MINUANO ANTIBAC TRADICIONAL 500ML,14.0,78.46
DESINFETANTE REAL LAVANDA 500ML,39.0,78.35
DESINFETANTE INCOLIMP ELIMINADOR ODORES LIMAO 2L,8.0,78.32
DETERGENTE LIQUIDO BOM Q LIMPA LIMAO 2L,11.0,78.32
AMACIANTE DILUIDO CARINHO DE MAE 2L,10.0,78.3
LIMPADOR MULTIUSO RICLEY LIMPEZA GERAL LIMAO 5L,7.0,78.09
DESENGORDURANTE START SH2000 GEL 5L,1.0,77.99
TIRA MANCHA POSITIVA SEM FRAGANCIA 350G,3.0,77.97
DESINFETANTE BRASQUIL CITRUS 5L,3.0,77.97
AGUA SANITARIA SANTA CLARA GALAO 3X5L,2.0,77.94
DESINFETANTE CASA E CUIDADO PODER 4 EM 1 500ML,12.0,77.94
LIMPEZA PESADA POLITRIZ LIMPA PEDRAS 6X2L,1.0,77.94
SABAO LIQUIDO INCOLIMP WHITE 2L,6.0,77.94
LIMPEZA PESADA CRIS AGUA LIMPA PEDRA 1L,3.0,77.93
SABAO EM PO 1 KG,9.0,77.91
DETERGENTE LIQUIDO REAX GEL CAPIM LIMAO 510G,8.0,77.88
AMACIANTE DILUIDO LIMPA BEM ORQUIDEA 2L,13.0,77.87
DESINFETANTE BRILHO PRATICO IGUATEMI 2L,13.0,77.87
AGUA SANITARIA UTILAR 2L,9.0,77.69
LIMPADOR MULTIUSO TUDO TRADICIONAL SQUEEZE 12X500ML,2.0,77.65
DESINFETANTE LAVABEM ERVA DOCE 12X1L,2.0,77.52
DETERGENTE LIQUIDO ASSIM COCO 500ML,36.0,77.5
DETERGENTE LIQUIDO STARLUX 500ML,41.0,77.49
LIMPADOR MULTIUSO ACTIF ORIGINAL 500ML,16.0,77.46
ALVEJANTE LOURO SEM CLORO WHITE 1L,9.0,77.31
DETERGENTE LIQUIDO PRINCESA DUVALE LIMAO 500ML,43.0,77.09
LIMPADOR PERFUMADO ASCERTE TRANQUILIDADE 500ML,22.0,76.98
AMACIANTE CONCENTRADO DOWNY AMANHECER TROPICAL  500ML,6.0,76.9
"SABAO EM PO BEM TE VI COCO 7X1,6KG",1.0,76.86
AMACIANTE DILUIDO KIN SOFT BRANCO 2L,11.0,76.85
LIMPADOR PERFUMADO MARINA INSPIRADORA 500ML,18.0,76.82
DESINFETANTE KALIPTO FLORAL 6X2L,2.0,76.8
DESINFETANTE KALIPTO MARINE 6X2L,2.0,76.8
DESINFETANTE KALIPTO HERBAL 6X2L,2.0,76.8
LIMPADOR PERFUMADO KICASA FLOR DO CARIBE 500ML,17.0,76.77
AGUA SANITARIA ROUPA FIX 2L,13.0,76.7
DESENGORDURANTE BYT S CHURRASQUEIRAS 500ML,5.0,76.67
LIMPADOR PERFUMADO REAX FLORAL 500ML,10.0,76.67
DESINFETANTE VIWACE FLORAL 1L,22.0,76.62
SBPO OMO ROUPAS BRANCA 800G,2.0,76.6
DESINFETANTE BREEZE REVOLUTION PINHO 2L,9.0,76.5
LIMPADOR PERFUMADO BYT S EMOTION 450ML,11.0,76.39
SABAO LIQUIDO TUFF ALOE VERA 1L,7.0,76.3
LIMPADOR MULTIUSO ACTIF LAVANDA 500ML,15.0,76.27
DESINFETANTE TREVO LAVANDA 1L,18.0,76.27
SABAO LIQUIDO UNOLAR COCO 3L,5.0,76.25
LIMPADOR DE VIDRO UTIL LAVANDA 500ML,20.0,76.2
SABAO EM PO BRISA LILAS LAVANDA E COCO 24X400G,1.0,76.08
DESINFETANTE BLIMP EUC 2L,12.0,75.92
LIMPEZA PESADA BELLINZONI LIMPA PORCELANATO 1L,2.0,75.9
DESINFETANTE KEDNA MARINE 500ML,24.0,75.83
LIMPADOR PERFUMADO PURA MAGIA CYTRUS 1L,11.0,75.81
SABAO EM PO APYCE MULTIACAO ROSA 5X4KG,1.0,75.75
SABAO LIQUIDO DEI LIS PRIMAVERA 3L,4.0,75.6
SABAO LIQUIDO BARRIGA VERDE COCO 2L,8.0,75.51
DESINFETANTE CANDURA EUCALIPTO 6X2L,2.0,75.48
DESINFETANTE BE EUCALIPTO 2L,13.0,75.47
DESINFETANTE TUPA KAIAK 2L,10.0,75.46
LIMPADOR ESSENCIA BABY SOFT 140ML,7.0,75.43
DESINFETANTE SEBOLD EUCALIPTO 5L,6.0,75.4
DESINFETANTE LIMBEL CITRUS 2L,8.0,75.4
LIMPADOR MULTIUSO YPE CLASSICO L500ML P450ML 12X500ML,2.0,75.24
DETERGENTE LIQUIDO AGIPRO CLEENE NEUTRO 5L,4.0,75.06
LIMPADOR MULTIUSO HR 5L,3.0,74.97
ALVEJANTE EXIGENTE EM PO SEM CLORO PODER 02 ROUPAS BCO 1KG,2.0,74.96
AGUA SANITARIA NOVO LAR GALAO 5L,6.0,74.94
LIMPADOR PERFUMADO VALOR AMANHECER 500ML,13.0,74.92
DESINFETANTE DESOMAX TALCO 5L,5.0,74.9
SABAO LIQUIDO URCA MAXX VERDE 12X1L,1.0,74.88
LIMPADOR PERFUMADO HR BRISA DO MAR 2L,8.0,74.85
SABAO EM PO SOFT SCENT 1 KG,18.0,74.82
AGUA SANITARIA ZAB 3X5L,3.0,74.7
DESINFETANTE POP LIMP PALMOLIVE 2L,13.0,74.68
DESINFETANTE NUTRILAR LAVANDA 500ML,20.0,74.56
DESINFETANTE UTIL EUCALIPTO 5L,6.0,74.46
DESINFETANTE VEJA OE LIMAO C/15% DESC 480ML,2.0,74.4
AMACIANTE DILUIDO LAVANDEIRA BLUE 500ML,25.0,74.37
LIMPADOR PERFUMADO SOLIMPE EUCALIPTO 2L,12.0,74.35
LIMPADOR PERFUMADO DEION 5L,3.0,74.33
LIMPADOR DE VIDRO RADIEX CONCENTRADO 100ML,7.0,74.27
LIMPADOR DE VIDRO GLOBO SAN 500ML,21.0,74.14
DESENGORDURANTE JIMO GATILHO 400ML,2.0,74.08
DETERGENTE LIQUIDO ESPUMIL CLEAR 24X500ML,2.0,74.04
DESINFETANTE ASTOLLI PINHO 500ML,31.0,73.99
LIMPADOR PERFUMADO CASA PERFUMADA FLORES E FRUTAS 5L,2.0,73.98
LIMPADOR PERFUMADO CASA PERFUMADA ROSA EXTRATOS DE BAMBU 5L,2.0,73.98
DESINFETANTE FUZETTO CAMPESTRE 500ML,21.0,73.96
AMACIANTE DILUIDO SANY ACONCHEGO 2L,12.0,73.84
LIMPADOR PERFUMADO MR MUSCULO LAVANDA 500ML,5.0,73.8
SABAO LIQUIDO AYLAG AZUL 2L,5.0,73.77
DETERGENTE LIQUIDO MAIS VOCE NEUTRO 500ML,37.0,73.63
LIMPADOR MULTIUSO MAZA TRADICIONAL 500ML,18.0,73.54
AMACIANTE DILUIDO LIMPIQ FELICIDADE 2L,11.0,73.53
LIMPADOR ESSENCIA AROMAX MIL FLORES 100ML,10.0,73.49
ALVEJANTE DONA CLARA COM CLORO FLORAL 1L,12.0,73.48
AMACIANTE DILUIDO FONTANA AFFETTO 2L,7.0,73.47
LIMPEZA PESADA AJAX FRESH SPRAY 500ML,15.0,73.45
DETERGENTE LIQUIDO ANTAR PLUS NEUTRO 2L,7.0,73.36
AMACIANTE DILUIDO MACIEZ SEDUCAO 1L,21.0,73.35
DESINFETANTE DORIGON EUCALIPTO 500ML,24.0,73.14
AGUA SANITARIA BIANCOLL 1L,20.0,73.13
DESINFETANTE PANTER EUCALIPTO 750ML,18.0,73.12
SABAO EM PO TIXAN YPE ANTIBAC 800G + GTS 2XLENCO ANTIBAC,7.0,73.06
ALVEJANTE BRILUX PERFUMADO COM FRESH 12X1L,2.0,73.02
DESINFETANTE BLIMP FLOR 2L,10.0,72.96
AMACIANTE DILUIDO PURE FRESH BRANCO 5L,5.0,72.95
SABAO EM PO TIXAN YPE SENSACOES CX 500G,16.0,72.94
SABAO LIQUIDO TRIPLA ACAO 700ML,8.0,72.92
LIMPADOR ESSENCIA PEREIRA EUCALIPTO 500ML,2.0,72.9
AMACIANTE DILUIDO MAXXI CONFORTEX 2L,8.0,72.85
DESINFETANTE ABA PLUS PALMO 1L,21.0,72.85
DESINFETANTE BELO BRILHO KAIAK 2L,14.0,72.8
DESINFETANTE MAX CLEAR FLORAL 5L,6.0,72.74
LIMPADOR MULTIUSO BRILHOLAC SQUEEZE DESENG PODER COZ 500ML,12.0,72.61
SABAO PO TIXAN YPE 1KG NATUREZA,26.0,72.54
LIMPADOR MULTIUSO TOP VEGAN CITRUS 500ML,6.0,72.44
AMACIANTE DILUIDO BREEZE AZUL 2L,8.0,72.43
LIMPADOR PERFUMADO PURA MAGIA FLORAL 500ML,16.0,72.42
TIRA MANCHA SANIPLUS SEM CLORO PARA ROUPAS BRANCAS 450G,3.0,72.38
LIMPADOR MULTIUSO SUPER CANDIDA LAVANDA 500ML,13.0,72.27
DETERGENTE LIQUIDO VIP CLEAN LIMAO 2L,8.0,72.19
DETERGENTE LIQUIDO ASSIM CLEAR 500ML,37.0,72.13
SABAO EM PO YPE PREMIUM CX 24X500G,1.0,72.0
LIMPEZA PESADA KALA LIMPA PEDRAS 1L,3.0,71.99
ALVEJANTE CIRIO SEM CLORO 5L,3.0,71.97
DESINFETANTE SAIF TALCO 5L,3.0,71.95
CLORO CIRIO HIPOCLORITO SODIO 2L,6.0,71.94
LIMPADOR PERFUMADO SOLIMPE CAMPESTRE 500ML,33.0,71.93
LIMPADOR MULTIUSO ARES ORIGINAL 500ML,9.0,71.91
DESINFETANTE STORK LIMAO 2L,11.0,71.89
DESINFETANTE GLOBO LIMAO 2L,12.0,71.88
DESINFETANTE CONDE EUCALIPTO 2L,15.0,71.85
DESINFETANTE LUME NIVEA 1L,20.0,71.8
DESINFETANTE SUPER CLEAN PLUS FLORAL 500ML,12.0,71.76
LIMPADOR PERFUMADO UAU FLORES VERMELHAS E SEDUCAO 24X500ML,1.0,71.76
ALVEJANTE DONA CLARA SEM CLORO PARA ROUPAS COLORIDAS 500ML,7.0,71.73
DESINFETANTE ALE EUCALIPTO 2L,14.0,71.56
LIMPADOR PERFUMADO BYT S HARMONY 450ML,10.0,71.54
DETERGENTE LIQUIDO TRIEX CLEAR 24X500ML,2.0,71.52
ALVEJANTE BRILUX SEM CLORO CORES FRESH 500ML,15.0,71.51
DESINFETANTE GOTA LIMPA FLORAL 6X2L,2.0,71.46
LIMPADOR MULTIUSO LIMPADUA PEACH 500ML,15.0,71.45
DETERGENTE LIQUIDO BRIIZ MACA 5L,4.0,71.4
DETERGENTE LIQUIDO YE NEUTRO 2L,11.0,71.39
DESINFETANTE LOOK LIMP LAVANDA 2L,12.0,71.38
DESINFETANTE IZY PINHO 2L,9.0,71.37
LAVA ROUPAS PO INVICTO 2KG SACHET,5.0,71.37
DETERGENTE LIQUIDO DEOLINE NEUTRO 500ML,26.0,71.3
AMACIANTE DILUIDO TUFF PLUS 2L,2.0,71.27
DESINFETANTE BOLTZ EUCALIPTO 500ML,24.0,71.24
LIMPADOR PERFUMADO BYT S PASSION 450ML,9.0,71.11
CLORO GRANULADO NEOCLOR 3KG,1.0,70.98
SABAO LIQUIDO BECKER LAVA ROUPAS MULTIPLA ACAO 1L,8.0,70.92
LIMPADOR ESSENCIA PERFUMARIA BRASIL PREM ALECRIM LELIS 10ML,5.0,70.92
DESINFETANTE BRISA LAR EUCALIPTO 2L,11.0,70.91
DESINFETANTE ECONOMICO 500ML,26.0,70.89
SABAO LIQUIDO BELO BRILHO 2L TRADICIONAL,11.0,70.85
AMACIANTE DILUIDO QLIMPA CLASSIC 5L,4.0,70.84
LIMPADOR MULTIUSO AJAX CITRUS/FLORES BRANCAS SQUEEZE 500ML,10.0,70.75
DESENGORDURANTE LIMPA TUDO 1L,8.0,70.54
LIMPADOR MULTIUSO OXI 4EM1 ORIGINAL 500ML,22.0,70.42
AMACIANTE DILUIDO URCA INSPIRAÇÃO 2L,8.0,70.3
AGUA SANITARIA ROSSI 1L,23.0,70.27
LIMPADOR PERFUMADO YSO PRIMAVERA 500ML,17.0,70.23
TIRA MANCHA MINUANO OXIGENIO PODER ATIVO 910ML,2.0,70.0
AMACIANTE DILUIDO BIG SOFT HERBAL 2L,11.0,69.99
"OMO LAVA ROUPAS LIQ CONC PROGESS FR 1,05L",2.0,69.98
AMACIANTE DILUIDO JJ SOFT 5L,3.0,69.97
DETERGENTE LIQUIDO TAQLIMPO NATURAL 5L,3.0,69.96
LIMPADOR PET PETISSE NEUTRALIZADOR DE ODORES 500ML,4.0,69.96
DESINFETANTE TOP CLEAR CAPIM LIMAO 5L,5.0,69.95
DESINFETANTE CLINEZA FLUORITA 5L,5.0,69.95
DESINFETANTE LOOK LIMP EUCALIPTO 2L,11.0,69.91
SABAO EM PO BLUE UP 5KG,2.0,69.9
DESINFETANTE CACHOEIRA DOS SONHOS 2L,7.0,69.8
DESINFETANTE STORK PERF LIMAO 2L,10.0,69.8
TIRA MANCHAS VANTAGE MULTIUSO 100ML,5.0,69.71
LIMPADOR PERFUMADO CIF PURIFICANTE 450ML,13.0,69.67
"AMACIANTE DILUIDO FOFO SONINHO 1,5L",18.0,69.66
AMACIANTE DILUIDO BOM QLIMPA CL 2L,9.0,69.56
LIMPADOR PERFUMADO MAXLIM BELA FLORE 2L,10.0,69.5
LIMPADOR PET BRINCALHAO ELIMINADOR ODORES LAVANDA 2L,7.0,69.39
DESINFETANTE QUASAR JASMIM 2L,11.0,69.39
LIMPADOR DE VIDRO FUZETTO TRADICIONAL 500ML,17.0,69.38
LIMPADOR DE VIDRO MEKAL GATILHO 500ML,4.0,69.35
LIMPADOR MULTIUSO SUPER GLOBO SQUEEZE P450ML L500ML,23.0,69.27
LAVA ROUPA BARRIGA VERDE COCO 2L,3.0,68.97
DETERGENTE LIMAO SAO P,3.0,68.97
DESENGORDURANTE MEMBERS MARK 1.1L,3.0,68.97
DESINFETANTE CASA DA LIMPEZA FLORAL 5L,4.0,68.93
CLORO GEL DA MAZA 2 LTS,4.0,68.87
DESINFETANTE USELIMP EUCALIPTO 2L,13.0,68.87
AMACIANTE DILUIDO AMACITEL CHEIRO DO LAR 1L,16.0,68.8
AMACIANTE CONCENTRADO DEOLINE DOCE CARINHO 2L,3.0,68.78
LIMPADOR ESSENCIA SOLL BRILHANTE VIOLETA 140ML,8.0,68.68
DESINFETANTE BRILHOLAC C/PINHO EM GEL CINTRONELA 500G,11.0,68.64
"SABAO LIQUIDO BEM TE VI COCO 1,8L",4.0,68.56
AMACIANTE DILUIDO LISA HARMONIA 2L,8.0,68.42
DESINFETANTE LIMPLEX SOFT BLUE 2L,10.0,68.39
DETERGENTE LIQUIDO ABA PLUS LIMAO 500ML,38.0,68.34
LIMPADOR PET CATDOG ELIMINADOR DE ODORES HERBAL 2L,4.0,68.32
CLORO LIMPA MAIS 1L,22.0,68.32
AMACIANTE DILUIDO LAVANDEX TERNURA 2L,9.0,68.31
LIMPADOR ESSENCIA CITROMAX JASMIM 100ML,13.0,68.28
DESINFETANTE PIQ LAVANDA 2L,12.0,68.28
DESINFETANTE TOP MIL LIMAO 5L,4.0,68.24
AMACIANTE DILUIDO TRIUNFO DOCE AMOR 2L,9.0,68.13
DETERGENTE LIQUIDO POLYLAR MACA 24X500ML,33.0,68.1
DESENGORDURANTE NOB LUX 2L,4.0,67.96
LIMPADOR PET SPLET ELIMINADOR ODORES LAVANDA 2L,4.0,67.96
DESINFETANTE CASA LIMPA DOLVE 2L,8.0,67.92
DESINFETANTE LIMPE BEM FLORAL 5L,5.0,67.86
DETERGENTE LIQUIDO UNICA CRISTAL 500ML,27.0,67.83
CLARIFICANTE CLEAR GEL SUPER 90G,2.0,67.8
DESINFETANTE QUALYBRILL FLORAL 5L,3.0,67.77
LIMPEZA PESADA YPE 30% DESCONTO 1L,5.0,67.71
LIMPADOR PERFUMADO MAZA LAVANDA 500ML,13.0,67.67
AMACIANTE DILUIDO ASTOLLI FLORAL 500ML,23.0,67.64
LIMPEZA PESADA 100 LIMP PEDRA 2L,4.0,67.6
SABAO EM PO OMO SPORTS 400G,3.0,67.56
LIMPADOR PET BELLOKAO ELIMINADOR ODORES LAVANDA 2L,3.0,67.52
LIMPEZA PESADA VEJA GOLD ORIGINAL 1L,3.0,67.47
DET PO SURF L1KG P900GR ROS F LIZ SH,5.0,67.45
LIMPADOR MULTIUSO YPE 3X500ML + DESINFETANTE ANTBAC 500ML,9.0,67.44
DESINFETANTE MOURA EUCALIPTO 2L,9.0,67.41
DESINFETANTE DLM AMAZONIA 1L,18.0,67.38
DESINFETANTE MONTE LAGOS FLORAL 500ML,17.0,67.33
DETERGENTE LIQUIDO DENGO MACA 5L,2.0,67.18
AMACIANTE DILUIDO INCOLIMP CLASSIC TRADICIONAL 2L,7.0,67.15
DESINFETANTE AQUAFAST EUCALIPTO 2L,8.0,67.12
DESINFETANTE SHERON EUCALIPTO 2L,15.0,67.05
AMACIANTE DILUIDO RICLEY AMARELO OUTONO 5L,4.0,67.0
LIMPEZA PESADA VEJA GOLD FLORAL CAMPESTRE 500ML,4.0,67.0
DESINFETANTE CHEIRO DO LAR 1L,19.0,67.0
LIMPADOR MULTIUSO CLARIN TRADICIONAL 500ML,25.0,66.95
LIMPADOR PERFUMADO MAYOR CITRONELA 1L,7.0,66.93
DETERGENTE LIQUIDO ALICE CRISTAL 2L,10.0,66.9
DESINFETANTE MULT FACIL PALMOLIVE 2L,8.0,66.82
SABAO LIQUIDO CHEIRO DO LAR DE 2L,6.0,66.75
DESINFETANTE LIMPEBEM VINOL 1L,17.0,66.72
AMACIANTE DILUIDO BABY SOFT CARINHO AZUL 2L,7.0,66.43
DESINFETANTE TRIEX LAVANDA 6X2L,3.0,66.42
AMACIANTE DILUIDO MACIEZ BRISA 1L,19.0,66.35
DESINFETANTE TUPA FLORES DE CAMPO 2L,9.0,66.33
AMACIANTE DILUIDO KEDNA ROSAS  2L,8.0,66.32
AMACIANTE DILUIDO MACIEZ SENSACAO 1L,19.0,66.31
LIMPADOR PERFUMADO YPE AMOR DE VERAO LV500ML PG350ML 500ML,12.0,66.18
LIMPEZA PESADA IDEAL ACIDO MURIATICO 1L,17.0,66.13
DESINFETANTE AZULIM LAVICS 12X1L,1.0,66.12
SABAO LIQUIDO APYCE SUPERACAO 12X800ML,1.0,66.0
DETERGENTE LIQUIDO LUAZUL NEUTRO 5L,5.0,65.98
DESINFETANTE CREOLINAL 900ML,3.0,65.97
ELEVADOR PH NEOCLOR SACHE 2 KG,3.0,65.97
REMOVEDOR GITANES LIMP BEM TRADICIONAL 1L,5.0,65.95
AGUA SANITARIA REALEZA 5L,6.0,65.94
AGUA SANITARIA TEIU 3X5L,2.0,65.94
LAVA ROUPAS LIQ COMFORT FIBER PROTECT SACHET 900ML,6.0,65.94
"ALVEJANTE PLUSH SEM CLORO WHITE 1,5L",6.0,65.94
DESINFETANTE TALIMPO FLORAL 1L,11.0,65.89
DESINFETANTE HIPPER LAVANDA 2L,11.0,65.89
DETERGENTE LIQUIDO LIMPA MAIS LIMAO 2L,13.0,65.76
DETERGENTE LIQUIDO DEOLINE MACA 500ML,29.0,65.75
SABAO EM PO BONNY CLEAN 400G,20.0,65.72
AMACIANTE DILUIDO GLOBO SAN AMANHECER 2L,10.0,65.66
LIMPADOR PERFUMADO YPE DOCE VIDA LV500ML PG350ML 500ML,15.0,65.65
CLORO CLORO MAIS 1 LITRO,18.0,65.64
DESINFETANTE VOREL PINHO 6X2L,2.0,65.61
DETERGENTE LIQUIDO DENGO GLICERINA CONC 5L,2.0,65.58
LIMPADOR DE VIDRO IMPERIAL REFIL 500ML,8.0,65.52
DESINFETANTE PINHO SOL AMAZON FLORES LV500ML PG400ML 500ML,7.0,65.5
DESINFETANTE MAXLIMP CARAVELA 5L,5.0,65.45
AMACIANTE DILUIDO GUARANI COCO E AMENDOAS 6X2L 12L,9.0,65.45
AGUA SANITARIA SALTE GALAO C/CLORO 5L,6.0,65.4
AGUA SANITARIA SOPHIA 2L,11.0,65.39
AMACIANTE DILUIDO GLOBO SAN TRADICIONAL 2L,12.0,65.38
DESINFETANTE TOP LIMPO CANELA 2L,7.0,65.34
DESINFETANTE BAK YPE EUCALIPTO 6X2L,1.0,65.34
DESINFETANTE UNICA EUCALIPTO 2L,8.0,65.32
AMACIANTE DILUIDO MAGIC FLORAL 2L,8.0,65.32
LIMPADOR MULTIUSO SAIF SEC RAP BACTERICIDA C/ALCOOL 500ML,6.0,65.26
AMACIANTE DILUIDO MONTE LAGOS SOFLIN 2L,9.0,65.21
AMACIANTE DILUIDO DENGO ROSAS FC5LT,2.0,65.0
DESINFETANTE TAQLIMPO CAPIM CHEIROSO 5L,3.0,64.97
SABAO EM PO RETAIN 2KG,5.0,64.95
AMACIANTE DILUIDO MAXIMO FLORAL 5L,5.0,64.95
DESINFETANTE IGUAL JASMIM 1L,24.0,64.94
LIMPADOR PERFUMADO HR PINHO 2L,7.0,64.93
DESINFETANTE BIG SOFT EUCALIPTO 5L,5.0,64.9
MM LAVA ROUPAS CONC 4LTS,1.0,64.9
LIMPADOR PERFUMADO LIMPE BEM CANELA 500ML,4.0,64.87
AMACIANTE DILUIDO SANY ACONCHEGO 5L,4.0,64.86
DESINFETANTE BEM TE VI EUCALIPTO 12X500ML,2.0,64.68
ALVEJANTE ALVEX COM CLORO FLORAL FRESH 1L,11.0,64.61
DESINFETANTE BAK YPE FLORAL 6X2L,1.0,64.6
AGUA SANITARIA TRIEX VERDE 12X1L,2.0,64.56
AGUA SANITARIA CORDEX GF 2L,15.0,64.5
DESINFETANTE TOP LIMPO KAIAK 5L,3.0,64.48
DETERGENTE LIQUIDO ABA PLUS NEUTRO 2L,9.0,64.43
LIMPADOR MULTIUSO URCA JASMIM P400ML L500ML,20.0,64.36
DESINFETANTE ECONOMICO CITRUS 12X500ML,2.0,64.32
AGUA SANITARIA LIMP LAR 5L,4.0,64.0
ALVEJANTE LIRIOS DO CAMPO SEM CLORO 5L,4.0,64.0
DESENGORDURANTE ATIVUS 5L,2.0,63.98
DETERGENTE LIQUIDO MOURA LIMAO 2L,8.0,63.92
TIRA MANCHA VANISH PO PODER O2 OXI ACTION REFIL 350G,8.0,63.92
DESINFETANTE SKY PLUS JASMIM 2L,14.0,63.86
DESINFETANTE COTTONY FLORAL 2L,16.0,63.84
TIRA MANCHA OMO S/CLORO ROUPAS BRANCAS 750ML,3.0,63.79
SABAO EM PO ESPUMIL COCO 500G,24.0,63.76
DESINFETANTE LIPE LAVANDA 1L,16.0,63.7
DETERGENTE LIQUIDO MILAO CITRICO 500ML,5.0,63.7
DESINFETANTE MAIS LIMPEZA ESTILETO 1L,20.0,63.62
SABAO EM PO URCA MAXX LAVANDA 500G,19.0,63.51
DESINFETANTE CLASSIC EUCALIPTO 2L,12.0,63.43
LIMPADOR PERFUMADO ACAO MAX FOLHAS DO OUTONO 1L,9.0,63.37
DETERGENTE LIQUIDO DEOLINE CRISTAL 500ML,25.0,63.25
AMACIANTE DILUIDO ALE AZUL 2L,9.0,63.23
AGUA SANITARIA KIBONA 2L,8.0,63.12
DESINFETANTE QUALYBRILL LAVANDA 6X2L,2.0,63.0
SABAO LIQUIDO AYLA MULTIACAO 2LT,7.0,62.93
AMACIANTE DILUIDO KI BRILHO CONFORT 2L,9.0,62.91
AMACIANTE DILUIDO CONFORTEX 2L,9.0,62.91
LIMPADOR PERFUMADO IAPO TALCO 2L,9.0,62.91
DESINFETANTE ALKA FACILIM 2L,14.0,62.86
LIMPADOR MULTIUSO CLARUS LIMP PESADA 500ML,9.0,62.82
LIMPADOR MULTIUSO CIF ULTRA RAPIDO 500ML,10.0,62.8
DESINFETANTE DENGO MARESIA 5L,2.0,62.79
DESINFETANTE SAMAR 1L,21.0,62.79
SABAO LIQUIDO OLA DELICADAS SPORT 500ML,4.0,62.77
SABAO LIQUIDO LAVANDEIRA 500ML,17.0,62.69
DESENGORDURANTE ARES GOLD COZINHA E LOUCA 500ML,17.0,62.68
DETERGENTE LIQUIDO COMBATE NEUTRO 5L,3.0,62.68
LIMPADOR PERFUMADO RENDE BEM KAIAK 2L,11.0,62.59
DESINFETANTE BRILUX LAVANDA 500ML,22.0,62.48
DESENGORDURANTE CLASSIC LIMAO GATILHO 500ML,14.0,62.46
DETERGENTE LIQUIDO TOTAL NEUTRO 2L,10.0,62.45
DESINFETANTE DESOLIMP KAIAK 2L,10.0,62.4
AMACIANTE DILUIDO IAPO LAVANDA 2L,7.0,62.3
AMACIANTE DILUIDO GIRANDO SOL CLASSIC AMAZON 2L,7.0,62.3
DESINFETANTE DICLORO KAIKE 2L,8.0,62.25
ALVEJANTE SEMORIN PRE LAVAGEM TRADICIONAL 500ML,4.0,62.18
SABAO EM PO IAPO COCO 1KG,16.0,61.94
LIMPADOR MULTIUSO AJAX LAVANDA E MENTA SQUEEZE 500ML,16.0,61.94
DESINFETANTE BRILHUS TALCO 2L,11.0,61.89
LIMPADOR MULTIUSO BRILHOLAC PODER TODA CASA 500ML,10.0,61.83
DESENGORDURANTE QUIMIPROL QUIMI90 5L,2.0,61.8
DESINFETANTE TRIEX LAVANDAS DO CAMPO 3X5L,2.0,61.74
DESENGORDURANTE BY KIM LIMPA FORNO 300ML,4.0,61.72
DESINFETANTE LYSOCLIN BRUTO LAVANDA 5L,1.0,61.69
DESENGORDURANTE CIF 500ML GTS RFL 450ML ORIGINAL 950ML,5.0,61.59
AMACIANTE DILUIDO SANY INTENSO 5L,4.0,61.57
SABAO LIQUIDO SUPER BRANCO FRESH 2L,3.0,61.48
AGUA SANITARIA SUPER CANDIDA 6X2L,2.0,61.47
LIMPADOR PERFUMADO CASA DE MAE LAVANDA/MELALEUCA 500ML,13.0,61.42
AGUA SANITARIA POLY BRIL 1L,33.0,61.42
AMACIANTE CONCENTRADO URCA TERNURA 3L,5.0,61.38
SABAO EM PO NOVO REINO REFIL 500G,26.0,61.35
AMACIANTE DILUIDO AQUAFAST ROXO MAGIA 4X5L,1.0,61.28
AMACIANTE DILUIDO AQUAFAST FRESCOR DA MANHA 4X5L,1.0,61.28
"ALVEJANTE CANDURA SEM CLORO CORES LV2L PG1,8L 2L",5.0,61.2
LIMPEZA PESADA BOM USO LIMPA PEDRAS 1L,8.0,61.17
DESINFETANTE MUNDIAL FLOWERS 2L,10.0,61.1
"DESINF HCL 200 TABLETE 1,4KG",1.0,61.0
AMACIANTE DILUIDO ALICE AZUL ALL BLUE 3L,5.0,60.95
AMACIANTE DILUIDO AMAZON H2O FLOWERS 500ML,2.0,60.94
KIT TESTE ALCALINIDADE HIDROALL,2.0,60.91
ALVEJANTE GIRANDO SOL SEM CLORO 6X2L,1.0,60.9
DESINFETANTE CLARINA EUCALIPTO 2L,10.0,60.9
DETERGENTE LIQUIDO DEION MACA 5L,2.0,60.88
LIMPADOR MULTIUSO BEM FAZ COM ALCOOL 500ML,12.0,60.88
DESINFETANTE MAX PINHO 2L,9.0,60.87
SABAO LIQUIDO LIMPA MIL COCO 5L,2.0,60.77
DETERGENTE LIQUIDO GIRANDO SOL LIMAO 24X500ML,1.125,60.75
DESINFETANTE NATHAN FRESH 2L,8.0,60.72
AGUA SANITARIA DUKKY GANNBAS C/CLORO ATIVO 2LT,9.0,60.7
LIMPADOR PERFUMADO ZOMAX CITRONELA 2L,4.0,60.66
LIMPADOR PERFUMADO CIF ENVOLVENTE 450ML,9.0,60.63
LIMPADOR PET ANIMALISSIMO ELIMINADOR DE ODORES LAVANDA 2L,3.0,60.54
DESINFETANTE MEGA CLEAN LAVANDA 5L,5.0,60.45
DESINFETANTE MEGA CLEAN EUCALIPTO 5L,5.0,60.45
SABAO LIQUIDO APYCE LARANJA 5L,2.0,60.39
LIMPADOR ESSENCIA NOGUEIRA FLORAL 250ML,4.0,60.34
SABAO EM PO ASSIM BRANCAS E COLORIDAS TRIPLACAO CX 450G,10.0,60.31
LIMPADOR PERFUMADO MINUANO LILAS 500ML,7.0,60.29
LIMPADOR ESSENCIA ESSENCES LAVANDA 120ML,5.0,60.26
DESINFETANTE SHERON PINHO 2L,13.0,60.25
LIMPADOR MULTIUSO LEVE BRISA CAMPESTRE 500ML,15.0,60.23
DESINFETANTE LIMPA BEM DIA A DIA 500ML,40.0,60.2
DETERGENTE LIQUIDO ATUAL LIMAO 500ML,31.0,60.19
LIMPADOR MULTIUSO DEOLINE CHANTILLY 500ML,11.0,60.03
DESINFETANTE BOM USO PINHO 500ML,20.0,60.0
DESINFETANTE ANTARES EUCALIPTO 2L,8.0,60.0
DETERGENTE LIQUIDO START SANSAO 5L,1.0,59.99
CLORO LIMPINHA 5L,2.0,59.98
DESINFETANTE DOWNY CASA SPRAY 500ML,2.0,59.98
"ALVEJANTE VANISH S/CLORO MULTIUSO 1,5L",2.0,59.98
SABAO LIQUIDO BARAO 3L,3.0,59.97
AMACIANTE DILUIDO TOCANTINS ROSA AMOR 2L,5.0,59.95
CLORO LIQ LOOK 2L,5.0,59.95
ALVEJANTE MARANSO CLORO 5L,5.0,59.95
SABAO LIQUIDO NETZ BRANCAS E COLORIDAS 1L,5.0,59.95
AGUA SANITARIA SAMAR GALAO 5L,6.0,59.94
DESINFETANTE VEJEX GLOBO MULTI ACAO 2L,8.0,59.92
DESINFETANTE GOTA FORTE PINHO 5L,4.0,59.92
LIMPADOR PERFUMADO VEJA PERFUMES F.NATUREZA FLORAL 500ML,10.0,59.9
DESINFETANTE MARANATA MARINE FRESH 2L,10.0,59.9
DETERGENTE LIQUIDO BELO BRILHO MACA 2L,10.0,59.9
DESINFETANTE CLASSIC EUCALIPTO 5L,5.0,59.9
SBP SURF SACHE ROSAS 1000G,10.0,59.9
ALVEJANTE CANDURA SEM CLORO CORES 6X2L,1.0,59.88
DETERGENTE LIQUIDO ALPES PITANGA 500ML,12.0,59.88
DESINFETANTE CORDEX LAVANDA 2L,15.0,59.85
DESINFETANTE RCD LAVANDA 5L,2.0,59.8
AGUA SANITARIA CLORADA VERDE 12X1L,24.0,59.76
AGUA SANITARIA DENGO FC 5L,3.0,59.71
DETERGENTE LIQUIDO UZU CLEAN MACA 500ML,26.0,59.71
LIMPADOR DE VIDRO IMPLASTEC C/FLANELA INCOLOR 60ML,3.0,59.7
AMACIANTE CONCENTRADO BOLT 1L,6.0,59.7
LIMPADOR PERFUMADO YSO CRISTAL 2L,4.0,59.68
CLORO LIGTH BLUE MONTREAL 10KG,1.0,59.6
DETERGENTE LIQUIDO GIRANDO SOL NEUTRO 12X1L,1.0,59.55
DETERGENTE LIQUIDO MISSENAS BRILHO LIMAO 2L,8.0,59.52
AMACIANTE DILUIDO MON BIJOU NATUREZA 1L,5.0,59.5
LIMPADOR DE VIDRO GT2000 LIQUIDO 100ML,10.0,59.44
LIMPADOR PERFUMADO UAU LEMBRANCA E CARINHO PROMO20% 1L,6.0,59.44
DESINFETANTE MEGA CLEAN LAVANDA 2L,11.0,59.39
LIMPADOR PERFUMADO ACTIF TERNURA 500ML,12.0,59.38
SABAO LIQUIDO BRASQUIMICA 2L COCO,3.0,59.37
DESINFETANTE CASA DA LIMPEZA FLORAL 2L,8.0,59.22
DETERGENTE LIQUIDO UZU CLEAN NEUTRO 500ML,26.0,59.21
DESINFETANTE POP LIMP PALMOLIVE 1L,19.0,59.19
DESINFETANTE PANTER FLORAL 2L,6.0,59.19
LIMPADOR PERFUMADO BRILUX REFRESCANCIA 12X500ML,1.0,59.16
DETERGENTE LIQUIDO BATUTA NEUTRO 5L,2.0,59.15
LAVA ROUPAS GLIC BRILHASSIM 2L,16.0,59.11
SABAO EM PO REVEL 1KG AMAS,4.0,59.07
LIMPADOR DE VIDRO CANDEIAS 550ML,11.0,58.98
LIMPADOR ESSENCIA CONCENTRADO COALA ERVA DOCE 120ML,4.0,58.96
DESINFETANTE RCD PINHO 2L,5.0,58.95
DETERGENTE LIQUIDO BIOCLUB BABY P/MAMADEIRA 500ML,2.0,58.94
AMACIANTE DILUIDO MACIEZ ACONCHEGO 1L,16.0,58.88
LIMPADOR MULTIUSO KOKINOS CAMPESTRE SPRAY 500ML,19.0,58.81
LIMPADOR DE VIDRO ITA 5L,2.0,58.8
LIMPADOR MULTIUSO CIF ALCOOL SPRAY 500ML,4.0,58.72
LIMPADOR PET REAX ELIMINADOR DE ODORES HERBAL 2L,3.0,58.69
AGUA SANITARIA START GF 6X2L,2.0,58.52
LIMPADOR PERFUMADO DURATTO PARA VINILICOS NEUTRO 1L,3.0,58.4
SABAO EM PO AYLA PREMIUM 500G,26.0,58.37
AGUA SANITARIA DESOLAR 1L,13.0,58.37
AMACIANTE CONCENTRADO DORIGON  OUTONO 1L,5.0,58.34
DESINFETANTE CACHOEIRA DE FLORES 1L,11.0,58.3
LIMPADOR ESSENCIA UAU CITRONELA CONCENTRADO 130ML,5.0,58.25
DESINFETANTE FUZETTO PINHO 500ML,16.0,58.01
ALVEJANTE SAIF PERFUMADO CLORO 1L,2.0,57.98
DETERGENTE LIQUIDO KLIP NEUTRO 5L,3.0,57.97
SBL ARIEL SOLUCAO TOTAL CM N/IDENT PLAST 3000ML,2.0,57.96
DESINFETANTE COALA CONCENTRADO EUCALIPTO GLOBULOS 140ML,3.0,57.96
SABAO LIQUIDO CARREFOUR MY BABY 1L,5.0,57.95
AMACIANTE DILUIDO KEDNA LILAS 2L,7.0,57.93
LIMPADOR MULTIUSO AMPERFLIM CASA NOVA SPRAY 250ML,2.0,57.89
DETERGENTE LIQUIDO AMALIA MACA 500ML,27.0,57.83
AMACIANTE DILUIDO MON BIJOU MAGIA 500ML,15.0,57.74
LIMPADOR PERFUMADO NOVO LAR BONANCA 1L,7.0,57.73
LIMPADOR PERFUMADO DA MAZA 1L,9.0,57.71
DESINFETANTE OTIMO BRILHO LIMAO 2L,13.0,57.67
AGUA SANITARIA Q BRANCURA 1L,17.0,57.63
DESINFETANTE UNICA BLUE ICE 2L,7.0,57.53
DESINFETANTE BRISA LAR CITRICO 2L,10.0,57.52
LIMPADOR PERFUMADO PURA MAGIA CYTRUS 500ML,12.0,57.52
SABAO LIQUIDO TOTAL FLORAL 2L,5.0,57.5
AMACIANTE DILUIDO IDEAL SOFT BABY 500ML,20.0,57.5
DESINFETANTE LIMPA MAIS GLAYD 2L,12.0,57.48
AMACIANTE DILUIDO GUARANI AMOR ETERNO 6X2L,10.0,57.36
DESINFETANTE TREVO LIMAO 2L,8.0,57.35
LIMPADOR MULTIUSO MUI BOM LAVANDA 500ML,14.0,57.24
DESINFETANTE UNICA LAVANDA 2L,7.0,57.21
DESINFETANTE LIPE MARINE 1L,16.0,57.2
AGUA SANITARIA GOTA LIMPA 6X2L,2.0,57.17
LIMPEZA PESADA DURATTO LIMPA FERRUGEM PISOS E PAREDES 500ML,3.0,57.07
DESENGORDURANTE UPPRO DECRUSTRA CONCENTRADO 5L,1.0,56.99
SABAO LIQUIDO BRIIZ VERDE 3L,3.0,56.97
AGUA SANITARIA IMBRASQUIM 5L,4.0,56.96
DESINFETANTE AQUAFAST MARINE 4X5L,1.0,56.96
ALVEJANTE ACHOU SEM CLORO 5L,2.0,56.95
LIMPADOR ESSENCIA CAMPO BELO HORTELA E MENTA 100ML,15.0,56.95
DESINFETANTE LYSOL CITRICO DOYPA 500ML,10.0,56.94
SABAO LIQUIDO HIPER PLUS LAVA ROUPA 2L,6.0,56.94
AMACIANTE DILUIDO SOFT CLASSICO 2L,2.0,56.89
ALVEJANTE ECONOMICO PERFUMADO LAVANDA 2L,8.0,56.85
AMACIANTE DILUIDO MON BIJOU BABY CIRANDA CIRANDINHA 1L,5.0,56.75
DESINFETANTE BATUTA FLORAL 5L,3.0,56.73
LIMPADOR PERFUMADO BRILHO PRATICO PINHO  1L,17.0,56.73
DETERGENTE LIQUIDO SOLISAN NEUTRO 500ML,30.0,56.7
DETERGENTE LIQUIDO ATRON COCO 5L,3.0,56.7
DETERGENTE LIQUIDO AYLAG MACA 500ML,11.0,56.69
DESINFETANTE BECKER LAVANDA 5L,3.0,56.67
DESINFETANTE LIMP LAR DAMA DA NOITE 2L,9.0,56.61
AMACIANTE DILUIDO ASTOLLI NATUREZA 500ML,20.0,56.6
CLORO IMBRASQUIM 2L,5.0,56.45
LIMPADOR PERFUMADO ALVEX BRILHO LUAR 750ML,6.0,56.42
DESINFETANTE BRILHUS PALMOLIVE 2L,10.0,56.3
DESINFETANTE MAXXI EUCALIPTO 2L,8.0,56.22
SABAO LIQUIDO IMBRASQUIM COCO 2L,4.0,56.19
DETERGENTE LIQUIDO ODD MACA 500ML,20.0,56.1
ALVEJANTE DYPAULO 5L,3.0,55.99
DESINFETANTE BARRIGA VERDE AROMATIZANTE FLORAL 5L,2.0,55.98
REMOVEDOR LIMPA MAIS JASMIN 1L,2.0,55.98
LIMPADOR ESSENCIA PERFUMARIA BRASIL PREM VD MAMAE BEBE 10ML,3.0,55.97
LIMPEZA PESADA POP LIMP LAVA PISO  2L,7.0,55.97
DETERGENTE LIQUIDO MISSENAS BRILHO COCO 2L,8.0,55.97
AGUA SANITARIA YPE PRO 4X5L,1.0,55.96
DESINFETANTE JHOLIMP TALCO 5L,4.0,55.96
LIMPEZA PESADA LUCIA LIMPA PEDRAS PEDRILL 1L,8.0,55.92
DESINFETANTE POPPS EUCALIPTO 2L,8.0,55.92
LIMPADOR DE VIDRO AQUAFAST 12X500ML,1.0,55.92
DESINFETANTE GLOBO SAN LAVANDA 1L,16.0,55.9
CLORO PROWATER BCO 2L,5.0,55.87
CLORO HIDROALL PLUS 1KG,2.0,55.8
AGUA SANITARIA INCOLIMP 1L,14.0,55.74
AMACIANTE DILUIDO MAXIMO FLORAL 2L,9.0,55.71
LIMPADOR PERFUMADO AJAX FESTA FLORES LAVANDA PG450ML LV500ML,7.0,55.65
DETERGENTE LIQUIDO IZABELLA NEUTRO VERM 500ML,29.0,55.61
DESINFETANTE CASA LIMPA MAMAE BEBE 2L,7.0,55.47
AMACIANTE DILUIDO TOQUE DE CARINHO VERMELHO  2L,6.0,55.41
DESINFETANTE CANDURA TRADICIONAL 500ML,13.0,55.4
SABAO EM PO BLUE UP PERFUMES INTENSOS 500G,12.0,55.32
DETERGENTE LIQUIDO LUCIA NEUTRO 500ML,30.0,55.3
DETERGENTE LIQUIDO POLYMIX NEUTRO 5L,3.0,55.17
DESINFETANTE AGEX IMPERIAL 5L,7.0,55.13
LIMPADOR PERFUMADO DU LAR FLORES DA PRIMAVERA 1L,8.0,55.12
DESINFETANTE TRIEX JASMIM 6X2L,2.0,55.08
"SABAO EM PO COMFORT FIBER PROTECT 1,6KG",2.0,55.08
AMACIANTE DILUIDO RELUZ AZUL 1L,19.0,55.01
DESINFETANTE AZULIM EUCALIPTO GEL 5KG,1.0,54.99
DETERGENTE LIQUIDO AMALIA LIMAO 500ML,24.0,54.96
DESINFETANTE AMOLIM 5L,5.0,54.95
DESINFETANTE PROQUILL VIOLETA 5L,5.0,54.95
SABAO LIQUIDO ARIEL 2L,5.0,54.95
DETERGENTE LIQUIDO GLOBO NEUTRO 2L,8.0,54.92
AGUA SANITARIA LARILIMP 5L,5.0,54.9
DETERGENTE LIQUIDO ISABEL NEUTRO 500ML,42.0,54.88
LIMPADOR PERFUMADO REAX LIMAO 500ML,7.0,54.72
SABAO LIQUIDO SPERT COCO 5L,2.0,54.7
AMACIANTE DILUIDO LOURO CARINHO 2L,6.0,54.67
AMACIANTE DILUIDO SIM EMOCAO 2L,3.0,54.57
LIMPADOR ESSENCIA ESSENCES FLORAL 120ML,5.0,54.55
SABAO LIQUIDO INDUPROL FLORAL 5L,2.0,54.5
DESINFETANTE OTIMO BRILHO JASMIM 2L,12.0,54.48
AGUA SANITARIA CLORITO GL 3X5L,3.0,54.46
DESINFETANTE IDEAL FLORAL 1L,17.0,54.43
AGUA SANITARIA UNICA 1L,15.0,54.33
AMACIANTE DILUIDO PIQ  BRISA DA MANHA 2L,8.0,54.32
SABAO LIQUIDO EXIGENTE EXPERT BLUE 1L,4.0,54.16
DETERGENTE LIQUIDO VIOL CRISTAL 500ML,19.0,54.13
LIMPADOR MULTIUSO STILL TRADICIONAL 500ML,10.0,54.08
AGUA SANITARIA CHEIRO DO LAR MULTI-USO 1L,24.0,54.0
DESINFETANTE RENKO 1L,2.0,53.98
DESINFETANTE STORK FR PINHO 5L,4.0,53.98
LIMPADOR PET BOBY DOG ELIMINADOR DE ODORES TRADICIONAL 2L,3.0,53.97
LIMPEZA PESADA Q OTIMO LIMPA PEDRAS 3L,3.0,53.97
SABAO LIQUIDO HIGILAR EXCENCIA DE COCO 2L,3.0,53.96
LIMPADOR PERFUMADO AZULIM ORANGE 500ML,9.0,53.94
AMACIANTE DILUIDO BLUE CLASSIC  2L,6.0,53.94
DESINFETANTE CANDEIAS MARINER 2L,6.0,53.94
DESENGORDURANTE LIMP LAR CLORO ATIVO 1L,4.0,53.94
DESINFETANTE USELIMP FLORAL 2L,8.0,53.92
DESINFETANTE STORK PERF FLORAL 2L,9.0,53.91
LIMPADOR PERFUMADO RENDE BEM BRISA DO MAR 2L,9.0,53.91
LIMPADOR MULTIUSO ESPUMIL FLORAL 500ML,12.0,53.88
DESINFETANTE PAMPA CAPIM LIMAO 5L,4.0,53.87
AMACIANTE DILUIDO SOFT SMELL 500ML,12.0,53.84
AMACIANTE DILUIDO LAR 2L,8.0,53.82
LIMPADOR PERFUMADO VALOR NOSSO CANTO 500ML,10.0,53.81
SABAO EM PO KLIP PERFUMES 20X500G,1.0,53.8
SABAO EM PO KLIP 20X500G,1.0,53.8
REMOVEDOR VIMAK S/ CHEIRO 500ML,2.0,53.8
DETERGENTE LIQUIDO GIRANDO SOL MACA 12X1L,1.0,53.76
LIMPADOR PERFUMADO BRILUX REFRESCANCIA 500ML,9.0,53.72
DESINFETANTE DAFLOR LAVANDA 2L,10.0,53.7
LIMPADOR MULTIUSO BRILUX TRADICIONAL SPRAY 12X500ML,1.0,53.64
ALVEJANTE BRILHO SOLAR SEM CLORO PARA ROUPAS COLORIDAS 1L,8.0,53.62
LIMPADOR MULTIUSO ALVEX RAIO DE SOL 500ML,9.0,53.61
DESINFETANTE PET PET CARE ORIGINAL 500ML,7.0,53.6
DETERGENTE LIQUIDO Q OTIMO CLEAR 5L,3.0,53.58
DESINFETANTE LUME FLORAL 1L,15.0,53.55
AMACIANTE DILUIDO SERRA BRILHO 2L,8.0,53.52
LIMPADOR MULTIUSO DONABELA PERF CONC FLORAL 140ML,5.0,53.41
DESINFETANTE SOPHIA FLORAL 2L,9.0,53.33
AMACIANTE DILUIDO MASTER SUPREMA EXPRESSAO DE CARINHO 2L,9.0,53.29
DESINFETANTE LIMPEBEM LAVANDA 1L,14.0,53.26
AMACIANTE CONCENTRADO ZAVASKI SENSITIVE 500ML,10.0,53.26
AMACIANTE DILUIDO BEM BOM  NATUREZA 2L,9.0,53.25
DESINFETANTE EFICAZ EUCALIPTO 5L,2.0,53.24
DESINFETANTE SOLARQUIM FLORAL 2L,7.0,53.17
AMACIANTE DILUIDO NOVO BRILHO TRADICIONAL 5L,3.0,53.13
DESINFETANTE NATHAN ALGAS 2L,7.0,53.13
DESINFETANTE NATHAN FLORAL 2L,7.0,53.13
AMACIANTE DILUIDO LIN PIN CARICIA 2L,12.0,53.08
ALVEJANTE BLIMP SEM CLORO TRADICIONAL 1L,11.0,53.06
LIMPADOR PERFUMADO GIRANDO SOL ENCANTO DA PRIMAVERA 12X500ML,1.1667,53.02
LIMPADOR ESSENCIA BELAROMA FLORES DO CERRADO 140ML,6.0,52.92
LIMPADOR ESSENCIA BELAROMA ERVA DOCE 140ML,6.0,52.87
ALVEJANTE BRILHEX 650ML,4.0,52.78
LIMPADOR ESSENCIA GITANES CITRONELA 140ML,4.0,52.76
ALVEJANTE DACLOR FRESH CLORO ATIVO 1L,8.0,52.71
AMACIANTE DILUIDO BABY SOFT CAMOMILA E FLOR DE ALGODAO 1L,6.0,52.7
DETERGENTE LIQUIDO MAX CLEAR NEUTRO 500ML,27.0,52.69
DETERGENTE LIQUIDO IZABELLA LIMAO 500ML,31.0,52.67
AGUA SANITARIA KAIROSLIMP 1L,15.0,52.65
DESENGORDURANTE CIF ULTRA RAPIDO REFIL 500ML,6.0,52.62
SABAO LIQUIDO SAO CAETANO ALVOGREEN 2L,5.0,52.5
ALVEJANTE BRILHANTE FLORAL FRASCO 1L,4.0,52.46
SABAO LIQUIDO EXIGENTE INOVATION GREEN 1L,5.0,52.45
SABAO LIQUIDO PLUSH DELICADO 1L,5.0,52.45
REMOVEDOR MON BIJOU LIMPA MAQUINAS DE LAVAR ROUPAS 80G,6.0,52.44
DESINFETANTE EFICAZ TALCO 1L,11.0,52.44
LIMPADOR PERFUMADO ACTIF CONFORTO 500ML,11.0,52.38
DESINFETANTE MULT FACIL LAVANDA 5L,3.0,52.37
DESINFETANTE KEDNA ALFAZEMA 500ML,18.0,52.35
AMACIANTE DILUIDO KLIP AZUL 500ML,21.0,52.29
DESINFETANTE LIMPA MAIS LAVANDA 500ML,27.0,52.2
LIMPADOR PERFUMADO LIMPA TUDO FLORAL 2L,10.0,52.12
DESINFETANTE GOTA LIMPA 2L,9.0,52.11
DESINFETANTE SHERON FLORAL 2L,11.0,51.99
DESINFETANTE BRASQUIL FLORES 5L,2.0,51.98
DESINFETANTE BRASQUIL LIPTO 5L,2.0,51.98
LAVA ROUPAS PO FLORES DO CAMPO ARES 5KG,2.0,51.98
SABAO EM PO ARES LAVANDA 5KG,2.0,51.98
AMACIANTE CONCENTRADO CLASSIC P/ROUPAS TALCO 5L,3.0,51.97
LIMPEZA PESADA LUCIA LIMPA PEDRAS PEDRILL 2L,4.0,51.96
AMACIANTE CONCENTRADO COMFORT  ORQUIDEA E MORANGO 500ML,4.0,51.96
REMOVEDOR  LIMPAMAIS TRADICIONAL 1 LT,2.0,51.89
SABAO EM PO PERETI 1KG,3.0,51.87
REMOVE TODO TIPO CERA 750ML POLWAX,4.0,51.86
DETERGENTE LIQUIDO GIRANDO SOL MACA 24X500ML,1.0,51.84
DESINFETANTE VOREL LAVANDA 6X2L,2.0,51.81
"AMACIANTE DILUIDO SONHO FACILITADOR GARRAFA 6X1,5L",1.0,51.78
LIMPADOR ESSENCIA AROMATEC EUCALIPTO SPRAY 100ML,6.0,51.74
DETERGENTE LIQUIDO HERANCA NEUTRO 5L,3.0,51.57
DETERGENTE LIQUIDO TUPA COCO 500ML,21.0,51.53
DESINFETANTE TEIU LAVANDA 12X1L,1.0,51.49
DESINFETANTE BAH VANILA 2L,6.0,51.45
DETERGENTE LIQUIDO VITORIA 5L,2.0,51.4
DETERGENTE LIQUIDO AQUAFAST MACA 24X500ML,1.0,51.36
DETERGENTE LIQUIDO AQUAFAST COCO 24X500ML,1.0,51.36
SABAO BRILHO SOLAR 5L LIQ,2.0,51.26
LIMPADOR PERFUMADO MARINA TERNURA E BEM ESTAR 1L,8.0,51.22
DESINFETANTE LUME NIVEA 2L,9.0,51.21
DESINFETANTE ARAUJO TALCO 2L,7.0,51.19
DESINFETANTE POP LIMP BRISA DO MAR 1L,16.0,51.16
DESINFETANTE TREVO FLORES 1L,12.0,51.1
DESINFETANTE KI BRILHO LAVANDA 1L,12.0,51.0
LIMPADOR ESSENCIA ESSENCES TALCO 120ML,4.0,50.98
CLORO LIMPINHA 2L,3.0,50.97
AMACIANTE DILUIDO UNISOFT ACONCHEGO 5L,3.0,50.97
SBPO OMO T COMFORT ORIGINAL 1800G,3.0,50.97
DESINFETANTE TREVO FLORES 2L,7.0,50.93
LIMPADOR PERFUMADO CIF PERFUMES RELAXANTE 450ML,8.0,50.9
AGUA SANITARIA POPPS FORT 2L,17.0,50.83
LIMPADOR MULTIUSO DONABELA PERFUMADO CONC CAPIM LIMAO 140ML,5.0,50.82
DETERGENTE LIQUIDO KAROL NEUTRO 500ML,24.0,50.64
AMACIANTE DILUIDO TAQLIMPO TALCO 2L,8.0,50.62
DESINFETANTE KI JOIA EUCALIPTO 750ML,14.0,50.58
SABAO EM PO ALIADO LAVANDA 500G,22.0,50.5
LIMPADOR MULTIUSO MINUANO ANTIBAC C/ ALCOOL 500ML,10.0,50.4
AMACIANTE DILUIDO BRIIZ PINK 3L,7.0,50.33
DESINFETANTE UAU ANTIBACTERIANO FLO/FRESC 8X2L,1.0,50.32
DETERGENTE LIQUIDO ISABEL MACA 500ML,39.0,50.31
LIMPADOR DE VIDRO URCA GATILHO 12X500ML,1.0,50.28
DESINFETANTE LYSOFORM BRUTO ORIGINAL OFERTA ESPECIAL 4L,3.0,50.23
DETERGENTE LIQUIDO FC LIMAO 12X500ML,2.0,50.16
AMACIANTE DILUIDO ATTO 500ML,14.0,50.06
DETERGENTE LIQUIDO ASSIM NEUTRO 500ML,21.0,50.01
SABAO LIQUIDO CONCENTRADO ONDA ECO BABY 1L,1.0,49.99
AMACIANTE CONCENTRADO YPE ALQUIMIA INSPIRACAO SC REFIL 1L,2.0,49.98
DESINFETANTE TOP LIMPO LAVANDA 2L,5.0,49.97
SABAO EM PO ULTRALAR SCH 2KG,3.0,49.97
ALVEJANTE IMBRASQUIM SEM CLORO 2L,5.0,49.95
CLORO ATIVO AR 2L,5.0,49.95
AGUA SANITARIA MULT FACIL 5L,6.0,49.94
DESINFETANTE BABY BETTY EUCALIPTO 2L,10.0,49.9
SABAO EM PO TIXAN YPE FLORES RADIANTE CX 20X1KG,1.0,49.9
LIMPEZA PESADA FOSSA TRAT LIMPA FOSSA 500G,1.0,49.9
SABAO LIQUIDO BELEM 5LT,1.0,49.9
DESINFETANTE BRASQUIL PINHO 2L,5.0,49.86
AGUA SANITARIA CLEAN VALE 1L,7.0,49.86
AMACIANTE DILUIDO LIMPA MIL FLROES DO SERIDO 2L,8.0,49.82
AMACIANTE DILUIDO BOM USO FLORES DO CAMPO 2L,7.0,49.62
AGUA SANITARIA FORTE MAX 5L,2.0,49.6
DETERGENTE LIQUIDO DLM LIMAO 2L,7.0,49.59
CLORO ATIVO 2L,3.0,49.5
DESINFETANTE TOCK PINHO 5L,3.0,49.5
SBP SURF DANÇANDO NA  CHUVA 1KG.,5.0,49.45
DESINFETANTE TALIMPO IGUATEMI 2L,5.0,49.45
DESINFETANTE KI BRILHO LAVANDA 2L,7.0,49.43
DETERGENTE LIQUIDO SOLIMPE LIMAO 2L,8.0,49.36
DESINFETANTE SOLARQUIM PINHO 2L,7.0,49.24
DETERGENTE LIQUIDO UTILAR 5L LIMAO,2.0,48.98
DETERGENTE LIQUIDO AQUAFAST CLEAR 24X500ML,1.0,48.96
LIMPADOR PERFUMADO YPE JARDIM SECRETO LV500 PG350 500ML,8.0,48.96
DESINFETANTE UTILAR HERBAL 2L,4.0,48.94
AMACIANTE DILUIDO JAMARY 2L,7.0,48.93
SABAO EM PO EKOBOM 1KG,7.0,48.93
AMACIANTE DILUIDO BRIIZ PINK 2L,7.0,48.93
DESINFETANTE BABY BETTY PINHO 2L,9.0,48.91
DETERGENTE LIQUIDO BOM Q LIMPA MACA 2L,7.0,48.89
DESINFETANTE GLOBO SAN TALCO 1L,14.0,48.87
LIMPADOR MULTIUSO DONABELA PERFUMADO LAVANDA 140ML,4.0,48.86
DESINFETANTE PINHO BRIL FOLHAS DE EUCALIPTO 500ML,8.0,48.8
DESINFETANTE DLM NIVEA 2L,8.0,48.8
DESINFETANTE DAFLOR ORQUIDEA 1L,16.0,48.78
SABAO EM PO PRAIME TRADICIONAL 500G,43.0,48.77
AMACIANTE CONCENTRADO DOWNY BRISA INTENSO SACHE 12X750ML,2.0,48.76
DETERGENTE LIQUIDO BELO BRILHO NEUTRO 2L,8.0,48.64
AMACIANTE DILUIDO AMACITEL ENCANTOS ROSA 6X2L,1.0,48.6
DESINFETANTE CLORAX 2L,6.0,48.54
SABAO LIQUIDO CAMPESTRE OCEAN 1L,6.0,48.52
LIMPADOR PERFUMADO SOLIMPE TALCO 500ML,22.0,48.48
AMACIANTE DILUIDO KEDNA SONHO BEBE 500ML,16.0,48.38
AMACIANTE CONCENTRADO TAKLIM  MEMORIES 1L,3.0,48.37
LIMPADOR PERFUMADO FACILLE ALECRIM 500ML,7.0,48.24
SABAO LIQUIDO MAXLIM MULTIACAO FLOR DE LIS 2L,7.0,48.23
LIMPADOR PERFUMADO SHERON NATURELLE 2L,9.0,48.23
AGUA SANITARIA DINO 2L,9.0,48.15
LIMPADOR MULTIUSO UAU LAVANDA SQUEZE P500ML L600ML,16.0,48.15
LIMPADOR MULTIUSO AJAX FRESH WHITE 3800ML,1.0,48.09
LIMPADOR PERFUMADO BOM USO FLORES DO CAMPO 500ML,12.0,47.99
AMACIANTE DILUIDO HERANCA SUAVE BLUE 5L,3.0,47.97
SABAO LIQUIDO ARES GOLD POUCH 900ML,4.0,47.96
DESINFETANTE MONTE LAGOS LAVANDA 5L,2.0,47.96
LIMPADOR PERFUMADO VEJA PERFUMES AROMA SENSE EUFORIA 1L,3.0,47.96
LIMPADOR PERFUMADO CASA E PERFUME INTUIZIONE 1L,5.0,47.95
AGUA SANITARIA ACHOU 5L,3.0,47.95
SABAO LIQUIDO LIMPADUA VERDE 1L,6.0,47.94
DESINFETANTE ROSSI EUCALIPTO 2L,6.0,47.94
LIMPADOR PERFUMADO ACTIF ROMANCE 1L,6.0,47.94
AMACIANTE DILUIDO ACTUALY AROMA DA PAIXAO 2L,7.0,47.93
DESINFETANTE MAZAL EUCALIPTO 2L,6.0,47.93
DESINFETANTE GLOBO PINHO 2L,8.0,47.92
AMACIANTE DILUIDO KLIP BRISA 2L,8.0,47.92
"AGUA SANITARIA SUPER GLOBO LV2L PG1,8L 8X2L",1.0,47.92
LIMPADOR MULTIUSO UAU 2CLORO ATIVO 4EM1+1MULTI LIMAO 3X500ML,2.0,47.9
AMACIANTE DILUIDO QBOA DELICADEZA BRANCO 6X2L,1.0,47.88
AGUA SANITARIA DRAGON 2L,12.0,47.88
DESINFETANTE KEDNA ERVA DOCE 2L,6.0,47.88
AGUA SANITARIA KADAN PET 1L,12.0,47.88
DETERGENTE LIQUIDO GOTA LIMPA MACA 12X1L,1.0,47.88
LIMPADOR MULTIUSO TRIEL TRADICIONAL 500ML,15.0,47.85
DESINFETANTE ACTUALY EUCALIPTO 500ML,19.0,47.81
DETERGENTE LIQUIDO GOTA LIMPA MACA 24X500ML,1.0,47.76
DETERGENTE LIQUIDO VAPT CLEAR 500ML,24.0,47.76
DETERGENTE LIQUIDO LIMPOL CRISTAL PACK 6X500ML,4.0,47.76
SABAO EM PO ECONOMICO FLOR DE LARNJEIRA 500G,13.0,47.69
AGUA SANITARIA CORDEX GF 1L,14.0,47.69
AMACIANTE DILUIDO TOP LIMPO BRISA VERAO  2L,6.0,47.66
AMACIANTE DILUIDO UBERABA FLORAL 2L,9.0,47.61
DESINFETANTE PANTER LAVANDA 2L,5.0,47.59
ALVEJANTE IMBRASQUIM SEM CLORO 1L,8.0,47.48
DETERGENTE LIQUIDO BOM DA REDE LIMAO 2L,5.0,47.45
DETERGENTE LIQUIDO BRAZIL NEUTRO 5L,5.0,47.45
DESINFETANTE MAGICO EUCALIPTO CITRIODORA 1L,9.0,47.41
SABAO EM PO GIRANDO SOL HERBAL VERDE 1KG,10.0,47.41
AGUA SANITARIA KIBONA 5L,3.0,47.33
LIMPADOR PERFUMADO BRILHO PRATICO KAIAK 2L,5.0,47.27
TIRA MANCHA MINUANO OXIGENIO PODER ATIVO 450G,3.0,47.25
DESINFETANTE UTIL BAMBOO SILVESTRE 500ML,27.0,47.23
DESINFETANTE DEI LIS EUCALIPTO 2L,6.0,47.1
LIMPADOR PERFUMADO DA MAZA FLORAL 500ML,9.0,47.07
AMACIANTE DILUIDO KLIP FLORAL 2L,7.0,47.03
SABAO LIQUIDO OMO CONCENTRADO + GFA CUIDADO INTENSIVO 500ML,1.0,46.99
DESINFETANTE AZULIM DILUIVEL LAVANDA 5L,1.0,46.99
REMOVEDOR EXTRA FORTE FIM D OBRA 2L,1.0,46.99
TIRA MANCHA OMO EM PO S/CLRO ROUPAS BRANCAS 420G,3.0,46.99
DESINFETANTE PET CAT ZONE XO BACTERIAS LAVANDA 2L,2.0,46.98
AMACIANTE DILUIDO LOOK AZUL 2L,6.0,46.94
AMACIANTE DILUIDO KLIP COCO 2L,7.0,46.84
AMACIANTE VINAGREEN 2L,3.0,46.8
LIMPADOR MULTIUSO TUDO LIMAO SQUEEZE 12X500ML,1.0,46.8
DESINFETANTE DEION PINHO 5L,2.0,46.78
AMACIANTE DILUIDO MIL AMARELO 500ML,14.0,46.76
LIMPADOR PERFUMADO BOM USO SENSUALIDADE 500ML,12.0,46.76
LIMPADOR ESSENCIA BELAROMA LIMPA CANIL 140ML,5.0,46.71
LIMPADOR PERFUMADO BYT S NATURE 450ML,6.0,46.64
AMACIANTE DILUIDO LAVANDEIRA PINK 500ML,18.0,46.61
DETERGENTE LIQUIDO MAX CLEAR MACA 500ML,24.0,46.6
DESINFETANTE LIMP LAR DOVE 2L,7.0,46.58
CLORO CLASSLIMP 5L,2.0,46.52
AGUA SANITARIA ITO 5L,3.0,46.5
DESINFETANTE LIMPA BEM EUCALIPTO 500ML,30.0,46.5
DETERGENTE LIQUIDO LIMP LAR NEUTRO 5L,3.0,46.5
AMACIANTE DILUIDO SOLARQUIM 5L,3.0,46.46
DESINFETANTE MOURA TALCO 2L,7.0,46.43
AMACIANTE DILUIDO INCOLIMP CLASSIC FLORAL 2L,5.0,46.38
DESINFETANTE SELUQ AGUA DE VERAO 2L,8.0,46.32
AMACIANTE DILUIDO MARASCHIN BABY 2L,4.0,46.28
"AMACIANTE CONCENTRADO DOWNY AGUA FRESCA 1,6L",1.0,46.15
DESINFETANTE TREVO VIOLETA 500ML,16.0,46.15
DESINFETANTE GIRANDO SOL TALCO 6X2L,1.0,46.14
LIMPADOR PERFUMADO SUPER LAR LAVANDA 2L,6.0,46.14
LIMPADOR PERFUMADO SANISAFE EUCALIPTO 2L,7.0,46.13
SABAO EM PO BLUE UP PERFUMES INTENSOS 1KG,6.0,46.12
LIMPADOR PERFUMADO SOLIMPE LAVANDA 500ML,21.0,46.07
AMACIANTE DILUIDO YPE CARINHO 500ML,12.0,46.03
DETERGENTE LIQUIDO DLM MACA 2L,6.0,46.02
DETERGENTE LIQUIDO SAIF 5L,1.0,46.0
DESINFETANTE VALENCIA TALCO 5L,2.0,45.98
DESINFETANTE GIRANDO SOL EUCALIPTO 6X2L,1.0,45.96
AMACIANTE DILUIDO LIMP LAR 1L,4.0,45.96
DESINFETANTE MAZAL ALFAZEMA 2L,5.0,45.95
DESINFETANTE CASA E CUIDADO ESCUDO FLORAL 500ML,8.0,45.9
LIMPADOR PET MIKDOG ELIMINADOR DE ODORES EUCALIPTO 2L,2.0,45.89
DETERGENTE LIQUIDO JAPIIM MACA 500ML,22.0,45.86
AMACIANTE DILUIDO MEGA LILÁS BABY 2L,7.0,45.83
SABAO LIQUIDO INCOLIMP WHITE 3L,2.0,45.79
AGUA SANITARIA DA CASA 1L,13.0,45.78
DESINFETANTE GENIAL BOUQUET CITRONELA 2L,3.0,45.77
AMACIANTE DILUIDO SONHO ERVA DOCE 500ML,12.0,45.74
AGUA SANITARIA SUPERMAX 2L,10.0,45.66
DESINFETANTE CHEIRO BOM JASMIN 5L,3.0,45.61
AMACIANTE DILUIDO GIRANDO SOL HIPOALERGENICO 6X2L,1.0,45.54
DETERGENTE LIQUIDO MIL FLORES LIMAO 500ML,22.0,45.52
LIMPADOR ESSENCIA NOGUEIRA ALFAZEMA 250ML,3.0,45.49
DESINFETANTE ARAUJO FLOR DO CAMPO 2L,6.0,45.46
SABAO LIQUIDO DU LAR 3L TRAD,2.0,45.37
DETERGENTE LIQUIDO STARLUX LIMAO 500ML,24.0,45.36
DETERGENTE LIQUIDO OESTE CLEAN 24X500ML,1.0,45.36
ALVEJANTE SEMORIN SEM CLORO 500ML,13.0,45.34
DESINFETANTE BRILHUS LAVANDA 2L,8.0,45.32
DESINFETANTE NOVO LAR BONANCA 500ML,8.0,45.32
DETERGENTE LIQUIDO TALIMPO AMONICAL 2L,3.0,45.27
LIMPADOR MULTIUSO AQUAFAST C/ALCOOL LAVANDA 12X500ML,1.0,45.24
DESINFETANTE KEDNA EUCALIPTO 2L,6.0,45.03
LIMPADOR MULTIUSO MUI BOM CITRUS 500ML,11.0,45.01
DESINFETANTE TOP MIL LAVANDA 500ML,15.0,45.0
SABAO PO OMO COMFORT 1KG PETALAS VIOLET,3.0,45.0
LIMPADOR ESSENCIA PLURI BREEZE 10ML,2.0,45.0
DETERGENTE LIQUIDO CRYSTAL CLOR 5L,1.0,44.99
LAVA ROUPAS LIQ OMO MULTIACAO LAVAGEM PERFEITA GALAO 3000ML,1.0,44.99
TIRA MANCHA VANISH PO PODER O2 ACAO BACTERICIDA 420G,1.0,44.99
DESINFETANTE GENIAL BOUQUET MARINE PET 2L,3.0,44.97
DESINFETANTE INCOLIMP EUCALIPTO 500ML,3.0,44.97
DETERGENTE LIQUIDO MIL FLORES LIMAO 5L,3.0,44.97
LIMPADOR DE VIDRO CLEAN DAY COM BORRIFADOR 500ML,3.0,44.97
DESINFETANTE IMBA QUIMICA KAIAK 2L,5.0,44.95
DESINFETANTE CIF ANTIBAC SQUEZEE ULTRA RAPIDO 500ML,5.0,44.95
AGUA SANITARIA TAY 6X2L,5.0,44.95
LIMPADOR MULTIUSO CLARUS LIMPADOR MULTIUSO PES 500ML,5.0,44.94
LIMPADOR MULTIUSO VEJA TRADICIONAL SPRAY 500ML,6.0,44.94
DESINFETANTE MULT FACIL LAVANDA 1L,7.0,44.93
DESINFETANTE MAGICO TALCO 1L,8.0,44.92
LIMPADOR PERFUMADO UTIL FLORES DO CAMPO 1L,5.0,44.91
AMACIANTE DILUIDO FLORESTA DA SERRA SONHO PLUS 2L,5.0,44.9
SABAO LIQUIDO OLA DELICADAS CORES VIBRANTES 1L,1.0,44.9
AGUA SANITARIA QUALYBRILL 5L BBNA,3.0,44.88
SABAO EM PO ALICE COCO SACHET 500G,21.0,44.86
LIMPADOR MULTIUSO MEMBERS MARK LIMPEZA PESADA 5L,1.0,44.85
DESINFETANTE AQUAFAST ERVA DOCE 2L,5.0,44.79
DESINFETANTE IMBA QUIMICA MARINE 2L,5.0,44.78
DESENGORDURANTE MR MUSCULO COZ LAR AP 500ML + REFIL 400ML,3.0,44.7
SABAO EM PO SUPER BRANCO FLORAL 800G,7.0,44.7
AMACIANTE ROUPA KITLAR PETALAS 2LT,6.0,44.7
AMACIANTE CONCENTRADO PUFF FLORES DA AURORA 1L,8.0,44.69
DESINFETANTE PET NOVO FRESCOR ELIMINADOR ODORES HERBAL 140ML,3.0,44.67
DESINFETANTE POP LIMP OCEANUS 2L,8.0,44.63
LIMPADOR MULTIUSO QBOA LARANJA 500ML,5.0,44.45
LIMPADOR PERFUMADO BOM Q LIMPA LAVANDA 2L,7.0,44.38
DESINFETANTE TUPA TALCO 500ML,20.0,44.3
LIMPADOR PET CAT ZONE CAIXINHA 500ML,3.0,44.27
DETERGENTE LIQUIDO KIMPOL LIMAO 2L,7.0,44.19
LIMPADOR ESSENCIA BELLO AROMA FLOR DO CERRADO 140ML,5.0,44.15
DESINFETANTE KINTANA PINHO GEL FRESH 500ML,7.0,44.13
AMACIANTE DILUIDO SANISAFE SENSACOES 2L,6.0,44.04
DESINFETANTE CLEAN DAY EUCALIPTO 2L,7.0,43.99
DESINFETANTE BLIMP 2L,7.0,43.98
"SABAO LIQUIDO ROUPA E CARINHO LAVANDA 1,5L",2.0,43.98
AMACIANTE CONCENTRADO COMFORT  TRADICIONAL 2L,2.0,43.98
LIMPADOR PET AROMASIL NEUTRALIZADOR DE ODORES LAVANDA 350ML,2.0,43.98
AMACIANTE DILUIDO URCA FLORAL 2X5L,2.0,43.98
AGUA SANITARIA KAIROS SOPHIA 5L,4.0,43.96
CLORO DONA CLARA 2L,4.0,43.96
"SABAO EM PO TIXAN YPE ANTIBAC LENCO 1,6KG",2.0,43.96
AMACIANTE CONCENTRADO DOWNY PERF COLLEC PESSEG/CAMELIA 500ML,3.0,43.95
AGUA SANITARIA AQUAFAST 4X5L,1.0,43.92
SABAO LIQUIDO OMO LAVAGEM PERFEITA VIBES FUNK 1L,2.0,43.89
LIMPADOR MULTIUSO BRILUX C/ BICARBONATO 12X500ML,11.0,43.89
DESINFETANTE CANDURA FLORAL 500ML,13.0,43.87
KIT LIMPADOR MULTIUSO SANY 3 EM 1 4X500ML,4.0,43.86
LIMPADOR PERFUMADO ZOMAX DELIRIO 1L,5.0,43.85
SABAO LIQUIDO MAXLIM IMPACT 2L,3.0,43.79
SABAO EM PO DU TANQ RALADINHO CM SACO PLAST 1KG,4.0,43.78
DETERGENTE LIQUIDO JAPIIM LIMAO 500ML,21.0,43.77
LIMPADOR PERFUMADO DESODOR ALEGRIA 500ML,10.0,43.76
DESINFETANTE AQUAFAST HARMONIA 6X2L,1.0,43.68
AMACIANTE DILUIDO ATUAL AZUL 2L,8.0,43.64
AMACIANTE DILUIDO SOLIMPE AZUL 2L,5.0,43.5
LIMPADOR ESSENCIA CONCENTRADO COALA HORTELA 120ML,3.0,43.5
LIMPADOR ESSENCIA SOLL BRILHANTE CITRONELA 140ML,5.0,43.45
SABAO LIQUIDO GIRANDO SOL FRESH 1L,3.0,43.44
AMACIANTE DILUIDO DRAGAO 2L,6.0,43.3
AGUA SANITARIA PROLAR FR 1L,10.0,43.29
DESINFETANTE TEIU EUCALIPTO 12X1L,1.0,43.08
LIMPADOR DE VIDRO GUIMARAES DESEMBASSANTE 5L,1.0,42.99
DETERGENTE LIQUIDO SUPREMA FRUTAS VERMELHAS 24X500ML,1.0,42.96
DETERGENTE LIQUIDO SUPREMA LIMAO 12X500ML,1.0,42.96
DESINFETANTE GLOBO SAN FLORAL 2L,5.0,42.95
SABAO LIQUIDO UFE COCO ROUPAS INTIMAS 250ML,5.0,42.95
LIMPADOR PERFUMADO BOM Q LIMPA KAIAK 2L,7.0,42.93
DESINFETANTE PET PET CARE CITRONELA 500ML,5.0,42.93
DESINFETANTE SELUQ CAMPESTRE 2L,7.0,42.93
DESINFETANTE VEJA PINHO 480ML,6.0,42.9
LIMPADOR PERFUMADO AJAX FESTA FLORES PERFUME DELICADO 500ML,5.0,42.86
LIMPADOR MULTIUSO YPE BRANQUEADOR TIRA MANCHAS 12X500ML,1.0,42.86
DESINFETANTE UTIL ELIMINADOR DE ODORES 2L,3.0,42.79
DETERGENTE LIQUIDO BRILHUS MACA 2L,6.0,42.74
LIMPADOR MULTIUSO KASAO GATILHO 500ML,5.0,42.71
DESINFETANTE PINHO BRIL TOQUE DE ERVA DOCE 500ML,7.0,42.7
AMACIANTE DILUIDO AQUAFAST PURA CARICIA 6X2L,1.0,42.48
LIMPADOR PERFUMADO BOM USO NATUREZA 500ML,11.0,42.45
LIMPADOR PERFUMADO GIOCA BRISA RELAXANTE 900ML,5.0,42.45
DESINFETANTE CANDEIAS DAMA DA NOITE 2L,5.0,42.45
LIMPADOR MULTIUSO YPE NATUREZA 12X500ML,1.0,42.4
DESINFETANTE ASTOLLI LIMAO 500ML,18.0,42.33
AMACIANTE DILUIDO KLIP COCO 500ML,17.0,42.33
AGUA SANITARIA ZAVASKI 3X5L,3.0,42.29
LIMPADOR MULTIUSO REMOBRIL 500ML,3.0,42.26
LIMPADOR PERFUMADO BRILHO PRATICO FLORAL 2L,6.0,42.26
DESINFETANTE ELLY LIMAO 500ML,13.0,42.23
LIMPEZA PESADA ETANIZ LIMPA OBRAS CONCENTRADO 1L,2.0,42.15
DETERGENTE LIQUIDO SUPREMA CLEAR 24X500ML,1.0,42.1
DESINFETANTE POTI FLORAL 2L,9.0,42.09
CLORO PURO POPPS 1L,9.0,42.01
LIMPADOR MULTIUSO URCA MAXX JASMIM 12X500ML,1.0,42.0
DESENGORDURANTE FIM DE OBRA LIMPA GRELHA 500ML,2.0,41.98
DESINFETANTE KOKINOS LAVANDA 5L,2.0,41.97
TIRA MANCHA OMO S/CLORO EXTRA PODER 420ML,3.0,41.97
AMACIANTE DILUIDO MAGIC  BABY 2L,5.0,41.95
DESINFETANTE POPPS CITRONELA 2L,6.0,41.94
SABAO EM PO CAMPESINO BH 500G,6.0,41.94
DESINFETANTE ADELA LAVANDA 2L,6.0,41.94
AMACIANTE DILUIDO SO LIMP 2L,7.0,41.93
DESINFETANTE SKY PINHO VERDE 2L,9.0,41.91
LIMPADOR PERFUMADO UNIMIX SENSUALIDADE 1L,8.0,41.86
AGUA SANITARIA MEGA CLEAN 1L,14.0,41.84
DESINFETANTE DRAGAO FLORAL 12X1L,1.0,41.79
DESINFETANTE DRAGAO CAMPESTRE 12X1L,1.0,41.79
SABAO LIQUIDO MIL FLORES BLUE FRESH 2L,3.0,41.79
DETERGENTE LIQUIDO BEIRA RIO MACA 5L,2.0,41.76
DESINFETANTE DAFLOR LIMAO 1L,14.0,41.73
DETERGENTE LIQUIDO ZAB NEUTRO 12X500ML,2.0,41.67
TIRA MANCHA OMO EM PO ROUPAS COLORIDAS 60G,13.0,41.6
DESINFETANTE CACHOEIRA AZUL 2L,4.0,41.6
DESINFETANTE BELO BRILHO VIOLETA 2L,8.0,41.6
LIMPADOR ESSENCIA VITALLIS CITRONELA 140ML,4.0,41.56
SABAO PO OMO COMFORT 1KG ALOE VERA,4.0,41.46
DESINFETANTE REAL IGUATEMI 2L,8.0,41.44
DESINFETANTE PINHO ALPES TRAD 6X2L,1.0,41.4
LIMPEZA PESADA MR MUSCULO LAVANDA 400ML,3.0,41.38
AGUA SANITARIA DA MAZA 1L,12.0,41.34
LIMPADOR PERFUMADO DU LAR LERTOFF BRISA DO CAMPO 1L,6.0,41.34
DETERGENTE LIQUIDO MAXXI MACA 500ML,15.0,41.28
AGUA SANITARIA LAVANDEX C PERFUME 2L,6.0,41.26
DESENGORDURANTE CASA E CARINHO ORANGE 500ML,7.0,41.23
ALVEJANTE ALVEX COM CLORO FRESHEUR 1L,5.0,41.21
DETERGENTE LIQUIDO BECKER COCO 500ML,23.0,41.17
AMACIANTE DILUIDO TOQUE DE CARINHO 2L,4.0,41.16
DESINFETANTE LYSOCLIN BRUTO TRADICIONAL 5L,1.0,41.1
AMACIANTE CONCENTRADO DOWNY PERF COLLEC ADORABL 500ML,5.0,41.06
SABAO EM PO BLUE UP 500G,9.0,41.04
DESINFETANTE LISA MARINE 500ML,17.0,41.03
DETERGENTE LIQUIDO REALEZA CLORADO 5L,2.0,41.0
AMACIANTE DILUIDO ASSIM FRESCOR MACIEZ AZUL 2L,4.0,40.96
DESINFETANTE GOTA LIMPA JASMIM 500ML,12.0,40.88
SABAO EM PO LAVABEM COCO 500G,8.0,40.82
DESINFETANTE LIPE FLORAL 1L,10.0,40.53
LIMPADOR PERFUMADO BRILHO PRATICO INATURA 2L,6.0,40.5
DESINFETANTE ALKA ALGAS 2L,9.0,40.41
LIMPADOR PERFUMADO ACTIF ROMANCE 500ML,9.0,40.41
LIMPADOR ESSENCIA WARLIKE FLORAL 250ML,5.0,40.41
LIMPADOR DE VIDRO ATRIUS REFIL 500ML,5.0,40.37
LIMPADOR PERFUMADO UAU FLOR DE LOTUS 500ML,7.0,40.25
AMACIANTE DILUIDO SHERON LAVANDA 2L,7.0,40.25
SABAO LIQUIDO PINHEIRO COCO 2L,3.0,40.17
ALVEJANTE DACLOR COM CLORO ATIVO ORANGE POWER 1L,6.0,40.09
AMACIANTE DILUIDO MAXLIM LIRIO 2L,6.0,40.04
SABAO EM PO ACE 1KG,1.0,40.0
TIRA MANCHA VANISH PO OXI ACTION 450G,1.0,39.99
ODORIZANTE BARTO 250ML LARANJA SPRAY,1.0,39.99
REMOVEDOR REMOWAX CERAS 5L,1.0,39.99
LIMPADOR MULTIUSO BECKER ORIGINAL 5L,1.0,39.99
DESINFETANTE GLOBO SAN PINHO 2L,6.0,39.98
LIMPADOR ESSENCIA PURA MAGIA ALGODAO 500ML,2.0,39.98
LIMPADOR MULTIUSO HIPERCLEAN LENCO FLORAL VERDE 12UN,2.0,39.98
DESINFETANTE GUIMARAES PINHO 5L,2.0,39.98
DESINFETANTE SOLARQUIM EUCALIPTO 5L,2.0,39.98
ALVEJANTE USE EM GEL SEM CLORO 450ML,2.0,39.98
AMACIANTE CONCENTRADO GIRANDO SOL AMARELO 500ML,4.0,39.96
DESINFETANTE USELIMP LAVANDA 5L,4.0,39.96
AMACIANTE DILUIDO TRIEX CLASSIC 6X2L,5.0,39.95
"AMACIANTE RUTH CARE 6X1,5L 9L",5.0,39.95
DETERGENTE LIQUIDO MEKAL LC 340 1L,1.0,39.9
DETERGENTE LIQUIDO SAO MARCOS MACA 2L,10.0,39.9
LIMPADOR PERFUMADO UAU PERFUMES LEMBRANCAS CARINHO 1L,5.0,39.9
DESINFETANTE MONTE LAGOS EXTRA 500ML,11.0,39.89
LIMPADOR PERFUMADO CLASSIC HARMONY 2L,4.0,39.86
AMACIANTE CONCENTRADO REAX  BABY CARE 500ML,5.0,39.85
LIMPADOR PERFUMADO UNIMIX AGRADABLE 1L,6.0,39.84
DETERGENTE LIQUIDO DAS NEVES COCO 500ML,19.0,39.79
DESINFETANTE BRILHANTE LQ PINHO 1L,5.0,39.75
DETERGENTE LIQUIDO ASSIM MACA 500ML,17.0,39.75
AMACIANTE CONCENTRADO BIG BABY ACONCHEGO 2L,5.0,39.72
LIMPEZA PESADA DESOLIMP PISOS CITRUS 2L,4.0,39.6
ALVEJANTE BRILUX PERFUMADO COM FRESH 6X2L,1.0,39.54
DESINFETANTE BRILHUS DALIA 2L,7.0,39.53
SABAO EM PO GAMA LOPES LAVANDA 500G,15.0,39.48
SABAO LIQUIDO SOFT BLUE MULTFACIL 2L,3.0,39.47
LIMPADOR DE VIDRO NOVO LAR GATILHO 500ML,4.0,39.46
LIMPADOR PERFUMADO MIL FLORES ORQUIDARIO 1L,6.0,39.45
DESINFETANTE MARANATA FLORAL 2L,7.0,39.43
AMACIANTE DILUIDO PET 2L,4.0,39.43
DESINFETANTE ELLY FLORAL 500ML,14.0,39.42
SABAO LIQUIDO CAMPESTRE BAMBOO 1L,5.0,39.41
DESINFETANTE LAVABEM EUCALIPTO 1L,12.0,39.36
AGUA SANITARIA BELGA 2L,5.0,39.25
REMOVEDOR CENAP AMONIAL 500ML,4.0,39.2
REMOVEDOR VANTAGE TIRA FERRUGEM 50ML,4.0,39.16
DESINFETANTE QUASAR MARINER LAVA PISOS 1L,6.0,39.14
DESINFETANTE 2L,7.0,39.13
DESINFETANTE PRONTO TRANSLUCIDO LIMAO 500ML,14.0,39.06
LIMPADOR DE VIDRO RENKO KLYO PROFISSIONAL 1L,2.0,39.05
AMACIANTE DILUIDO SOFITEL PARADISE 2L,5.0,39.05
AGUA SANITARIA TROIA 5L,3.0,39.0
DESINFETANTE GOTA LIMPA PINHO 6X2L,1.0,39.0
ALGICIDA PISCINA LIMPER 1L,1.0,38.99
DETERGENTE LIQUIDO ALVEX LIMAO 5L,2.0,38.98
LIMPADOR PET AFETO DOG NEUTRALIZADOR ODOR LAVANDA 2L,2.0,38.98
LIMPADOR ESSENCIA GEO CONCENTRADO OCEAN 120ML,3.0,38.97
SABAO LIQUIDO DONA CLARA SUAVE 1L,3.0,38.97
LIMPADOR MULTIUSO ASA LESTE CITRUS 2L,3.0,38.97
DESINFETANTE CANDURA EUCALIPTO 3X5L,1.0,38.97
TIRA MANCHA CLARIN EM PO ROUPAS BRANCAS 450G,3.0,38.95
DESINFETANTE AQUAFAST MARINE FRASCO 6X2L,1.0,38.94
LIMPADOR ESSENCIA MARIA BACANA EUCALIPTO 100ML,7.0,38.93
AMACIANTE DILUIDO IDEAL AMARELO 500ML,17.0,38.93
LIMPADOR PERFUMADO SUPER GLOBO JARDIM 500ML,4.0,38.88
DESINFETANTE TALIMPO STILLO 2L,4.0,38.88
SABAO EM PO BREEZE REVOLUTION 2KG,3.0,38.85
DESINFETANTE FEROZ EUCALIPTO 2L,7.0,38.82
LIMPADOR PET UAU AU NEUTRALIZADOR DE ORES CITRONELA 2L,3.0,38.79
LIMPADOR MULTIUSO VEJA GOLD ORIGINAL 700ML,5.0,38.75
DETERGENTE LIQUIDO AMALIA NATURAL 500ML,18.0,38.65
DETERGENTE LIQUIDO ATOL MACA 24X500ML,1.0,38.64
DESINFETANTE EUCANOL FLORAL 5L,3.0,38.59
LIMPADOR PET BAW WAW LIMA LIMAO 140ML,3.0,38.47
AMACIANTE DILUIDO BABY SOFT LAVANDA E AMENDOAS 1L,4.0,38.47
SABAO EM PO PRINCESA DUVALE COCO 500G,13.0,38.43
DESINFETANTE LUME MARINE 1L,11.0,38.39
DETERGENTE LIQUIDO DEOLINE COCO 500ML,17.0,38.29
AMACIANTE DILUIDO ALPES ETERNO AMOR 500ML,4.0,38.28
DETERGENTE LIQUIDO DLM MACA 5L,2.0,38.24
DETERGENTE LIQUIDO TEIU LIMAO 24X500ML,1.0,38.16
DETERGENTE LIQUIDO TEIU COCO 24X500ML,1.0,38.16
DESINFETANTE LIMPA BEM KAIAK 500ML,25.0,38.15
SABAO EM PO COQUEL VEGANO 20X800G,0.1,38.12
DESINFETANTE CASA E CUIDADO BRISA SERENA 4 EM 1 500ML,6.0,38.11
AMACIANTE DILUIDO GLOBO SAN BABY 2L,6.0,38.02
DETERGENTE LIQUIDO KAROL MACA 500ML,18.0,38.02
LIMPADOR PERFUMADO MIL FLORES PETALAS DE ROSA 1L,6.0,38.0
DESINFETANTE ALE MARINE 1L,10.0,38.0
DETERGENTE LIQUIDO YE NEUTRO 5L,2.0,37.98
LIMPADOR MULTIUSO DOMLINE GATILHO 500ML,3.0,37.97
LIMPADOR ESSENCIA ESSENCES EUCALIPTO DOCTOR 140ML,4.0,37.96
DESINFETANTE CLARILUX EUCALIPTO 5L,4.0,37.96
DETERGENTE LIQUIDO BOM DA REDE MACA 2L,4.0,37.96
AGUA SANITARIA IMBRASQUIM 2L,5.0,37.95
ODORIZADOR DE ROUPA BENE CASA VANILLA 300ML,1.0,37.9
"AMACIANTE DILUIDO MON BIJOU BABY LV2L PG1,8L",4.0,37.9
LIMPADOR MULTIUSO BRAVO PISO LAVANDA SACHET 500ML,4.0,37.88
AGUA SANITARIA LIMP 1L,19.0,37.81
AMACIANTE DILUIDO TAQLIMPO 5L,2.0,37.79
DESINFETANTE BECKER FLORAL 5L,2.0,37.78
SABAO LIQUIDO ISIS VERDE 1L,4.0,37.76
LIMPADOR PERFUMADO CLARIN ROSAS 500ML,9.0,37.71
AMACIANTE DILUIDO CANDEIAS ROSAS 5L,2.0,37.58
LIMPADOR MULTIUSO TUDO VIRUCIDA HIGIENIZADOR GATILHO 500ML,4.0,37.56
DESENGORDURANTE LUAR COZINHA GATILHO 500ML,5.0,37.55
DESINFETANTE BRILUX MENTA LEITOSO 500ML,12.0,37.53
LIMPADOR PERFUMADO ADELA JASMIM 2L,5.0,37.45
DETERGENTE LIQUIDO MAXLIM MAR DO CARIBE 2L,5.0,37.45
DESINFETANTE LEDA PINHO 2L,5.0,37.45
DESINFETANTE KEDNA PINHO 500ML,13.0,37.45
AMACIANTE CONCENTRADO TOQUE DE CARINHO 2L,3.0,37.29
DESINFETANTE LIMP LAR LUX 2L,5.0,37.25
LIMPADOR MULTIUSO SUPER GLOBO FLORAL 500ML,11.0,37.25
SABAO EM PO ECONOMICO CAMPOS DE LAVANDA 200G,20.0,37.25
DESINFETANTE FUZETTO EUCALIPTO 500ML,10.0,37.07
DESINFETANTE POLITRIZ MARINE 5L,3.0,37.05
DETERGENTE LIQUIDO ESPUMIL COCO 24X500ML,1.0,37.02
AMACIANTE CONCENTRADO SEMORIN EXPL SUBLIME 900ML,2.0,36.98
AMACIANTE DILUIDO LUCIA 5L,2.0,36.98
AMACIANTE DILUIDO BRILHO SHOW PAIXAO 2L,8.0,36.92
DESINFETANTE DLM AROMATIZANTE EUCALIPTO 2L,8.0,36.88
TIRA MANCHAS EM PO VANTAGE PODER O2 BRANQUEADOR 460G,1.0,36.79
SABAO EM PO IAPO COCO 500G,18.0,36.72
LIMPADOR PERFUMADO SHERON TALCO 2L,7.0,36.72
AMACIANTE DILUIDO AYLAG 5L,2.0,36.64
DETERGENTE LIQUIDO IAPO LIMAO 500ML,17.0,36.63
DETERGENTE LIQUIDO TIKS CLEAR 500ML,23.0,36.57
DESINFETANTE EUCANOL PRIMAVERA 2L,6.0,36.55
DETERGENTE LIQUIDO GIRANDO SOL COCO 24X500ML,0.6248,36.54
LIMPADOR MULTIUSO LEVE BRISA FLORAL 500ML,9.0,36.51
DESINFETANTE PINHO BRIL FRUTAS CITRICAS 1L,3.0,36.49
DESINFETANTE LIMPEMAX LITORAL 1L,13.0,36.49
DESINFETANTE MEDCARE HOSPITALAR 500ML,2.0,36.38
SABAO EM PO YPE PREMIUM 1KG,38.0,36.36
LIMPADOR PERFUMADO ZOMAX ALCOOL CITRONELA 1L,4.0,36.34
DESINFETANTE Q OTIMO 5L,3.0,36.29
DESINFETANTE Q OTIMO HERBAL 5L,3.0,36.29
AMACIANTE DILUIDO CONFORTEX LUCIA 500ML,10.0,36.1
DETERGENTE LIQUIDO CICLO ZYME ENZIMATICO EXTRA FR 1L,1.0,36.09
AGUA SANITARIA HF 1L,7.0,36.07
DESINFETANTE LIMPA BEM LAVANDA 500ML,24.0,36.06
DESINFETANTE SHERON AGRESTE 2L,7.0,36.05
CLORO GEL N QUIMICA 1L,6.0,36.0
DETERGENTE LIQUIDO VIDA NOVA LIMAO 5L,2.0,35.98
"SABAO EM PO APYCE MULTIACAO SACHE 13X1,6KG",2.0,35.98
LIMPADOR DE VIDRO BIANCOLL 1L,3.0,35.97
AMACIANTE DILUIDO ZOMAX RED FLOWERS 2L,4.0,35.96
DESINFETANTE CASA DA LIMPEZA PALMI 5L,2.0,35.96
DESINFETANTE CANDEIAS CITRUS 2L,4.0,35.96
AMACIANTE DILUIDO UTILAR CARINHO 2L,4.0,35.96
AMACIANTE DILUIDO ZOMAX AZUL 2L,4.0,35.96
LIMPADOR PERFUMADO CASA PERFUMADA FLOR DE LOTUS 2L,3.0,35.94
DETERGENTE LIQUIDO SELUQ COCO 2L,6.0,35.94
LIMPEZA PESADA CITROMAX LIMPA RALO 70G,6.0,35.94
SABAO EM PO ASTRA AMADEIRADO 1KG,7.0,35.92
DETERGENTE LIQUIDO STARLUX CLEAR 500ML,19.0,35.91
DESINFETANTE DORIGON PINHO 500ML,12.0,35.91
LIMPADOR MULTIUSO ALPES TRADICIONAL 12X500ML,1.0,35.88
AMACIANTE CONCENTRADO FOFO  TRADICIONAL SACHE 1L,3.0,35.85
DETERGENTE LIQUIDO ZUPP NEUTRO 24X500ML,1.0,35.76
SABAO LIQUIDO TOP LIMPO CONC COCO 2L,3.0,35.73
AMACIANTE DILUIDO BREEZE FLORAL 2L,4.0,35.7
DETERGENTE LIQUIDO Q OTIMO NEUTRO 5L,2.0,35.59
DESINFETANTE CASA DE MAE PINHO ORIGINAL 500ML,9.0,35.55
LIMPEZA PESADA FUZETTO LIMPA PEDRA 5L,1.0,35.49
DESINFETANTE TOP LIMPO JASMIM 2L,4.0,35.45
DESINFETANTE KI BRILHO FLOR DO CAMPO 2L,5.0,35.45
DESINFETANTE PET PET CARE TALCO 500ML,5.0,35.44
AMACIANTE RUTH CARE 2L,6.0,35.4
AMACIANTE CONCENTRADO RUTH CARE AZUL 2L,6.0,35.4
LIMPADOR ESSENCIA CONC POLITRIZ CITRONELA 12X140ML 1680ML,3.0,35.25
AMACIANTE DILUIDO LIMPA BEM 500ML,17.0,35.23
AMACIANTE CONCENTRADO COMFORT  LIRIO BRANCO&BERGAMOTA500ML,2.0,35.18
DESINFETANTE DAS NEVES VIOLETA 1L,8.0,35.16
TIRA MANCHA SANI ALL SEM CLORO 450G,2.0,35.15
DESINFETANTE POP LIMP DOVE 1L,11.0,35.13
LIMPADOR PERFUMADO ATTIVO TALCO 5L,2.0,34.98
SABAO LIQUIDO ZOMAX MULTIUSO 2L,3.0,34.97
DESINFETANTE BAH EUCALIPTO 2L,4.0,34.96
AMACIANTE DILUIDO ALPES INTENSO 2L,4.0,34.96
DESINFETANTE JOB PINHO 500ML,14.0,34.96
LIMPADOR PERFUMADO MIL FLORES AMANHECER 1L,5.0,34.95
AMACIANTE DILUIDO USE AZUL 2L,5.0,34.95
DESINFETANTE CASA DE MAE PINHO LAVANDA 500ML,9.0,34.95
ALVEJANTE BAH SEM CLORO ORIGINAL 1L,6.0,34.94
SABAO EM PO BLUE UP ALOE VERA 1KG,7.0,34.93
DESINFETANTE MARANATA TALCO 2L,7.0,34.93
REMOVEDOR TOP CASA ORIGINAL 1L,1.0,34.9
AGUA SANITARIA SANTA CLARA 6X2L,1.0,34.9
AMACIANTE DILUIDO MAXLIMP CONFORTEX 1L,10.0,34.9
LIMPADOR ESSENCIA SECAR JASMIM DO EGITO 12X120ML,3.0,34.77
LIMPADOR PERFUMADO MARILUX LIMPA PISOS ALPES 750ML,8.0,34.72
DESINFETANTE TOP LIMPO LIMAO 2L,4.0,34.68
DESINFETANTE MULT FACIL LAVANDA 2L,4.0,34.64
AMACIANTE DILUIDO TUFF ROSA 2L,4.0,34.6
SABAO EM PO ESPUMIL LAVANDA 24X400G,1.0,34.58
DESINFETANTE LIMPA BEM MARINE 500ML,23.0,34.57
LIMPADOR MULTIUSO BRILHOLAC NATUREZA 500ML,5.0,34.56
DESINFETANTE LIMPA MAIS LIRIO 2L,7.0,34.54
DESINFETANTE CANDURA LAVANDA 6X2L,1.0,34.5
LIMPEZA PESADA SOLENE LIMPA PORCELANATO 2L,2.0,34.48
"AMACIANTE DILUIDO SONHO ERVA DOCE 1,5L",3.0,34.47
ALVEJANTE ALVEX DE LAVANDA 1L,5.0,34.47
LIMPADOR ESSENCIA SOLL BRILHANTE ALGAS MARINHAS 140ML,4.0,34.46
AMACIANTE DILUIDO GLOBO SAN DIA A DIA 2L,5.0,34.45
AMACIANTE DILUIDO LIMPA MAIS 2L,5.0,34.45
SABAO EM PO TIXAN YPE FLOR DE SOL CX 500G,3.24,34.39
SABAO EM PO AMACITEL TOQUE DE POESIA SACHE 1KG,4.0,34.18
DESINFETANTE LIPE EUCALIPTO 1L,10.0,34.12
CLORO.IVOLIMP HIPOCLORITO 1L.,8.0,34.0
LIMPADOR PERFUMADO SUPER GLOBO VIDA MARINHA 500ML,10.0,34.0
AMACIANTE DILUIDO BRINORT TOQUE SUAVE 6X2L,1.0,34.0
LAVA ROUPAS LIQ OMO 3L FORCA NATUR,1.0,33.99
SABAO LIQUIDO RCD PEROL PINK 1L,2.0,33.98
DETERGENTE LIQUIDO BRIOSOL LAVANDA 5L LIMP CARLAT,2.0,33.98
DETERGENTE LIQUIDO CLEAN NEUTRO 500ML,13.0,33.97
LIMPADOR PET BAW WAW ELIMINADOR DE ODORES TRADICIONAL 500ML,4.0,33.96
DETERGENTE LIQUIDO IDEAL COCO 2L,5.0,33.95
LIMPADOR MULTIUSO KOKINOS TRADICIONAL SPRAY 500ML,11.0,33.89
TIRA MANCHA HIPERCLEAN LENCO LEVE SEM MEDO 20UN,2.0,33.88
AGUA SANITARIA CLORAX 1L,6.0,33.82
LIMPADOR PERFUMADO LIMPA TUDO FLORAL 5L,2.0,33.78
SABAO EM PO IAPO FLOR DE PITANGA/CEREJEIRA 500G,18.0,33.72
LIMPADOR MULTIUSO KINTANA TRADICIONAL 500ML,8.0,33.68
AMACIANTE DILUIDO TUFF PLUS ALOE VERA 6X2L,1.0,33.68
AMACIANTE DILUIDO TUFF ROSA 6X2L,1.0,33.68
AMACIANTE DILUIDO TUFF AZUL 6X2L,1.0,33.68
SABAO LIQUIDO SUPER BRANCO ORIGIONAL 2L,2.0,33.58
DESINFETANTE PIQ EUCALIPTO VERDE 2L,6.0,33.54
DESINFETANTE PIQ JASMIM 2L,6.0,33.54
AGUA SANITARIA SUPER LAR 1L,9.0,33.53
DESINFETANTE BRILUX FLORAL TRANSLUCIDO 500ML,9.0,33.51
DESINFETANTE BIANCOLL FLORES DO CAMPO 500ML,7.0,33.5
DESINFETANTE BEM TE VI JASMIM 12X500ML,1.0,33.48
AGUA SANITARIA SUPER UTIL GF 2L,5.0,33.45
DETERGENTE LIQUIDO BIO BRILHO NEUTRO 12X500ML,1.0,33.36
LIMPEZA PESADA AJAX FRESH LEMON CM 500ML,3.0,33.34
SABAO LIQUIDO BEM TE VI LAVANDA 12X1L,4.0,33.28
LIMPADOR PERFUMADO CASA DE MAE CAPIM LIM/FOL VERDES 500ML,7.0,33.19
DETERGENTE LIQUIDO MAXXI LAVA LOUCA NEUTRO 500ML,12.0,33.17
LIMPADOR DE VIDRO AYLAG 500ML,7.0,33.15
DETERGENTE LIQUIDO REAL LIMAO 5L,2.0,33.12
DESINFETANTE PONTAL LAVANDA 6X2L,1.0,33.0
DETERGENTE LIQUIDO BRILHANTE NEUTRO 500ML,28.0,32.99
DESINFETANTE PET CAT ZONE SUPER CONCENTRADO LAVANDA 1L,1.0,32.99
AMACIANTE DILUIDO DANDY AZUL 5L,2.0,32.98
CLORO EM PO BRANCO OXIMAX CONCENTRADO 500G,2.0,32.98
LIMPADOR MULTIUSO DOMLINE LISO CLEAN 300ML,3.0,32.97
LIMPADOR MULTIUSO LOOK LIMP 2L,3.0,32.97
AMACIANTE DILUIDO MUNDIAL BRASIL 2L,5.0,32.95
DESINFETANTE LOOK LIMP MANDARIM 2L,5.0,32.95
DESINFETANTE DORIGON TALCO 2L,4.0,32.94
AGUA SANITARIA CLARIX 6X2L,1.0,32.94
LIMPADOR MULTIUSO VEJA CAMPESTRE SPRAY 500ML,6.0,32.94
DESINFETANTE DAFLOR FLORAL 2L,6.0,32.93
LIMPADOR PERFUMADO SOLIMPE LIRIO 500ML,15.0,32.91
LIMPADOR DE VIDRO DENGO REFIL 500ML,2.0,32.9
AMACIANTE DILUIDO FLORALYS 5L,2.0,32.9
TIRA MANCHA VANISH PO PODER O2 CRYSTAL WHITE POTE 550G,1.0,32.9
ALVEJANTE BRILUX LAVANDA 12X1L,1.0,32.9
AMACIANTE DILUIDO BRAVO AZUL SOFT 5L,3.0,32.85
DETERGENTE LIQUIDO IAPO NEUTRO 500ML,15.0,32.85
DETERGENTE LIQUIDO OXI NEUTRO 500ML,15.0,32.85
DETERGENTE LIQUIDO CRISTAL NEUTRO 500ML,17.0,32.85
LIMPADOR PERFUMADO QUASAR DAMA DA NOITE 1L,8.0,32.84
SBPO OMO MULTIACAO TANQUINHO CM N/IDENTCX PAP 1000G,4.0,32.84
AMACIANTE DILUIDO FOFO FRUTAL 2L,3.0,32.83
LIMPADOR PERFUMADO LIMPA TUDO TALCO PLUS 2L,6.0,32.78
LIMPADOR ESSENCIA PROEZA PINHO 120ML,4.0,32.76
AMACIANTE DILUIDO POP LIMPL ALOE VERA 1L,8.0,32.73
LIMPADOR ESSENCIA PERFUMARE CITRONELA 140ML,4.0,32.73
SABAO EM PO POSITIVA COCO 400G,1.0,32.64
LIMPADOR MULTIUSO AJAX EUCALIPTO/MACA VERDE SQUEEZE 500ML,5.0,32.61
ALVEJANTE SUPER BRANCO 5L,3.0,32.57
AMACIANTE DILUIDO SPOOMA CARINHO 1L,7.0,32.55
SABAO LIQUIDO ASCERTE SAB LIQ AZUL 1L,6.0,32.54
AMACIANTE DILUIDO MEGA AMARELO 2L,5.0,32.51
DETERGENTE LIQUIDO BARRIGA VERDE NEUTRO BIODEGRADAVEL 5L,1.0,32.5
REDUTOR DE PH GENCO E ALCALINIDADE 1L,1.0,32.49
SABAO LIQUIDO SAIF DELICADAS 1L,2.0,32.48
DESINFETANTE UTILAR TALCO 2L,3.0,32.48
LIMPADOR MULTIUSO SAIF SEC RAP E BACTERICIDA C/ALCOOL 1L,3.0,32.47
AGUA SANITARIA LIMPACT 2L,5.0,32.45
DETERGENTE LIQUIDO R MAX MACA 2L,5.0,32.45
DESINFETANTE BRIIZ CAMPESTRE 2L,5.0,32.45
DETERGENTE LIQUIDO DLM LIMPEZA LIMAO 1L,7.0,32.37
DESINFETANTE BOM USO FLORAL 500ML,10.0,32.3
LIMPADOR PERFUMADO MAYOR PALM BEACH 1L,3.0,32.27
DESINFETANTE SOLARQUIM TALCO 2L,4.0,32.25
DESINFETANTE DAFLOR SORTIDO 1L,10.0,32.11
AMACIANTE DILUIDO BRINORT AMAZON GOLD 6X2L,1.0,32.0
"AMACIANTE CONCENTRADO DOWNY PERF COLLEC MISTICO 1,35L",1.0,31.99
"DET EM PÓ MINUANO AÇÃO PROFUNDA EMB. ECONOMICA 2,7KG",1.0,31.99
AMACIANTE CONCENTRADO EUCANOL AZUL 5L,2.0,31.98
AMACIANTE CONCENTRADO MON BIJOU NOITE DOS SONHOS 1L,2.0,31.98
LIMPADOR PISCINA KEEP CLOR PASTILHA DE CLORO 90% 200G,2.0,31.98
AGUA SANITARIA LIMPBRAS GL 5L,2.0,31.98
SABAO LIQUIDO COCO PROSSANE 2 LT,2.0,31.98
AMACIANTE DILUIDO SONHO COCO E AMENDOAS REFIL 1L,5.0,31.98
LIMPADOR PERFUMADO HR 5L PINHO,2.0,31.98
DESINFETANTE SAMPA CLEAN LONGE DE CASA LAVANDA 30ML,3.0,31.97
SBPO INVICTO LIMAO CM CX 1000G,4.0,31.96
LIMPADOR ESSENCIA NOGUEIRA ERVA DOCE 250ML,2.0,31.96
DESINFETANTE GIRANDO SOL EUCALIPTO 12X500ML,1.0,31.92
LIMPADOR MULTIUSO TOP CASA REMOVEDOR LAVANDA 1L,1.0,31.9
DESINFETANTE KINTANA PINHO GEL TRADICIONAL 500ML,6.0,31.89
SABAO LIQUIDO AYLAG 2L,3.0,31.88
SABAO LIQUIDO UTILAR COCO 1L,3.0,31.88
AGUA SANITARIA UTILAR 5L,2.0,31.8
DESINFETANTE DICLORO MARINE 2L,4.0,31.8
DESINFETANTE DENGO ERVA DOCE 5L,1.0,31.8
AGUA SANITARIA DAVO 5L,3.0,31.77
DESENGORDURANTE CIF POWER SPRAY REFIL SACHE 450ML,3.0,31.77
LIMPADOR PERFUMADO BOM USO SEDUCAO 500ML,8.0,31.76
DESINFETANTE BRILHEX EUCALIPTO 2L,5.0,31.75
DETERGENTE LIQUIDO CRISTAL LIMAO 500ML,17.0,31.73
AMACIANTE DILUIDO LOURO PLUMA GORNDEN FC 2L,4.0,31.69
DESINFETANTE TOP MIL ORIGINAL 500ML,16.0,31.68
DESINFETANTE REAL EUCALIPTO 2L,6.0,31.67
DESINFETANTE QUASAR LAVANDA ULTRA 2L,5.0,31.65
DESINFETANTE MIL EUCALIPTO 500ML,11.0,31.63
SABAO LIQUIDO FLOM TRADICIONAL 500ML,3.0,31.58
AGUA SANITARIA CASA LIMPA 2L PERFUMADO,4.0,31.56
DESINFETANTE MAXI XEIRO MARINE 2L,4.0,31.56
AMACIANTE CONCENTRADO COMFORT GLAMOUR 900ML,2.0,31.5
SABAO LIQUIDO SAO CAETANO ALVOBLUE 2L,3.0,31.5
AMACIANTE DILUIDO CARREFOUR ESSENTIAL ROSARIUM 2L,7.0,31.5
DESINFETANTE PET AROMAT KANGOO TRATA CANIL 100ML,4.0,31.46
LIMPADOR DE VIDRO Q OTIMO 500ML,8.0,31.42
AGUA SANITARIA IMDESI 1L,9.0,31.41
LIMPADOR ESSENCIA CONCEN POLITRIZ  MARINE 12X140ML 1680ML,3.0,31.35
DESINFETANTE KI JOIA FLORAL 750ML,9.0,31.31
DESINFETANTE ELLY LAVANDA 500ML,10.0,31.3
AGUA SANITARIA GIRANDO SOL VERDE 6X2L,1.0,31.26
LIMPADOR PERFUMADO CIF ENVOLVENTE 900ML,3.0,31.26
DESINFETANTE BELO BRILHO PINHO 2L,6.0,31.2
LIMPADOR ESSENCIA EUCAROMA TALCO 100ML,12.0,31.14
DESINFETANTE DENGO ROSAS 5L,1.0,30.99
LIMPADOR PET NUTRYPET ELIMINADOR ODORES 500ML,1.0,30.99
ELEVADOR ALCALINIDADE NEOCLOR 2KG,1.0,30.99
DESINFETANTE DENGO SOFT 5L,1.0,30.99
DESINFETANTE DENGO MARINER 5L,1.0,30.99
DESINFETANET DENGO EUCALIPTO 5L,1.0,30.99
SABAO LIQ OMO LAVAGEM PERFEITA ED ESPECIAL ELETRO FRASCO 1L,2.0,30.98
LIMPADOR PERFUMADO URCA DOCE VIDA 500ML,9.0,30.97
AMACIANTE DILUIDO ALPES EFFECTIVE EMOCOES ROSA 2L,4.0,30.96
SBPO ALA C OLEOS ESSENCIAIS MARACUJA MARG 1000G,3.0,30.95
DESINFETANTE CANDEIAS DAMA DA NOITE 1L,6.0,30.94
LIMPADOR PERFUMADO BRILHO NATURAL ZICS 1L,7.0,30.93
LIMPADOR MULTIUSO LEVE BRISA LAVANDA 500ML,7.0,30.93
DETERGENTE LIQUIDO UZU COCO 500ML,14.0,30.89
DESINFETANTE REAL PALMOLIVE 5L,3.0,30.89
LIMPADOR PET BE DOG ELIMINADOR DE ODORES 2L,3.0,30.87
DESINFETANTE TRIEX FLORES DA PRIMAVERA 3X5L,1.0,30.87
DESINFETANTE UNICA PETALAS DE ROSAS 2L,4.0,30.86
LIMPADOR MULTIUSO SAIF VINAGRE + ALCOOL SQUEEZE 500ML,4.0,30.78
DETERGENTE LIQUIDO QUASAR GEL NATURAL CLEAR 2L,4.0,30.76
DESINFETANTE CASA E CUIDADO ESCUDO FLORAL GATILHO 500ML,4.0,30.76
DESINFETANTE AZULIM MARINER 500ML,8.0,30.73
DETERGENTE LIQUIDO REAL MACA 5L,2.0,30.72
SABAO EM PO TIXAN YPE ANTIBAC SC 2KG,1.0,30.69
AGUA SANITARIA VIOL 5L,2.0,30.68
ALVEJANTE CLORO VIDA START FRESH 1L,5.0,30.66
DESINFETANTE QUASAR TALCO 2L,5.0,30.61
AMACIANTE DILUIDO PRINCESA FLORES 5L,2.0,30.58
DESINFETANTE LISA PINHO 500ML,13.0,30.57
DESINFETANTE KI JOIA PINHO 2L,5.0,30.46
DETERGENTE LIQUIDO LUCIA CLEAR 500ML,18.0,30.42
"LAVA ROUPAS LIQUIDO ARIEL 1,1 L",1.0,30.4
LIMPADOR PET BAW WAW ELIMINADOR DE ODORES CITRONELA 500ML,3.0,30.36
DESINFETANTE BRILUX CITRUS TRANSLUCIDO 500ML,9.0,30.33
DESINFETANTE ESTRELA DE RONDONIA FLORAL 2L,4.0,30.26
SBL ARIEL SOLUCAO TOTAL CM N/IDENT PLAST 1800 ML,2.0,30.25
DETERGENTE LIQUIDO STARLUX CRISTAL 500ML,16.0,30.24
AMACIANTE DILUIDO BOM USO 500ML,9.0,30.24
DESINFETANTE ALE FLORAL 1L,8.0,30.21
AGUA SANITARIA CLORAX 2L,4.0,30.16
AMACIANTE DILUIDO POP LIMP 2L ALOE VERA,4.0,30.1
SABAO LIQUIDO DAXX HIGI CALCINHA 2X300ML,1.0,29.99
LIMPADOR DE VIDRO CIF ULTRA RAPIDO VIDROS GTL 500ML,1.0,29.99
DESENGORDURANTE 4HOUSE LIMPA GRELHA SPRAY 500ML,1.0,29.99
ALVEJANTE QBOA S/CLORO 2L,1.0,29.99
DESINFETANTE REAX EUCALIPTO 2L,2.0,29.98
ALVEJANTE VANISH RESOLV 500ML,2.0,29.98
AMACIANTE CONCENTRADO FLOM COLOR PROTECT 900ML,2.0,29.98
LIMPADOR PET VEJA PETS ELIMINADOR ODORES FLORAL 2L,1.0,29.98
SABAO LIQUIDO MON BIJOU ROUPAS ESCURAS E PRETAS 500ML,2.0,29.98
LIMPADOR MULTIUSO A R DETERGENTE USO GERAL NEUTRO 2L,3.0,29.97
"ALVEJANTE CORDEX COM CLORO 2,5% 5L",3.0,29.97
LIMPADOR ESSENCIA NATUSELL LAVANDA 140ML,3.0,29.97
ALVEJANTE ECONOMICO PERFUMADO CITRUS 1L,7.0,29.96
DESINFETANTE BRILHEX LAVANDA 2L,5.0,29.95
DESINFETANTE NATHAN ERVAS 2L,4.0,29.95
AMACIANTE DILUIDO TRIEX BRANCO 2L,6.0,29.94
SABAO EM PO ARIEL 2KG,6.0,29.94
AMACIANTE DILUIDO FONTANA AMORE 2L,3.0,29.94
ALVEJANTE TRIUNFO SEM CLORO 2L,2.0,29.94
AGUA SANITARIA PINHEIRO 2L,5.0,29.9
DESINFETANTE MARINA EUCALIPTO 6X2L,1.0,29.9
LIMPADOR PET BRINCALHAO ELIMINADOR DE ODORES CITRONELA 2L,3.0,29.88
SABAO EM PO KLIP PERFUME INTENSO SACHE 500G,9.0,29.8
AGUA SANITARIA JUA 1L,13.0,29.77
AMACIANTE DILUIDO POP LIMP FLORAL 1L,8.0,29.73
DESINFETANTE PINHO BRIL ERVA DOCE 500ML,5.0,29.71
LIMPADOR PERFUMADO MAIS FAMILIA FRESCOR CITRUS 500ML,5.0,29.56
CLORO DA CASA HIPOCLORITO DE SODIO 2L,4.0,29.55
SABAO LIQUIDO BREEZE 5L,1.0,29.5
LIMPADOR ESSENCIA FLORESTA PINHO 100ML,5.0,29.5
LIMPADOR MULTIUSO TRIEX TRADICIONAL 12X500ML,1.0,29.4
LIMPADOR PERFUMADO DA MAZA LAVANDA 1L,4.0,29.38
LIMPADOR DE VIDRO BRISA REFIL 500ML,3.0,29.37
AGUA SANITARIA BRIIZ 5L,3.0,29.37
AMACIANTE DILUIDO GRANBON DE ROUPAS CLASSIC 2L,6.0,29.34
LIMPADOR PERFUMADO KIMAFLOR LAVANDA FRANCESA 5L,1.0,29.29
LIMPADOR PERFUMADO KIMAFLOR BRISA MEDITERRANEA 5L,1.0,29.29
CLORO UAU MULTIUSO ATIVO 24X500ML,3.0,29.25
DETERGENTE LIQUIDO HIPPER LIMAO 500ML,13.0,29.25
LIMPADOR PERFUMADO ASCERTE BEM ESTAR FR 500ML,8.0,29.22
LIMPADOR PERFUMADO VEJA PERFUMES SUAVE E CARINHO 500ML,7.0,29.15
DESINFETANTE TRID LAVANDA 5L,2.0,29.08
SABAO EM PO ESPUMIL FLORES SACHE 20X500G,1.0,29.0
ALVEJANTE ACHOU SEM CLORO 2L,2.0,29.0
AGUA SANITARIA MINA 5L,2.0,29.0
SABAO LIQUIDO MON BIJOU ROUPAS ESCURAS E PRETAS 1500ML,1.0,28.99
TIRA MANCHAS GUIMARAES S/CLORO OXIGENIO ATIVO 3L,1.0,28.99
DESENGORDURANTE RENKO CHEF ALCALINO 1L,1.0,28.99
LIMPADOR PERFUMADO DU LAR LERTOFF BRISA DO MAR 1L,4.0,28.96
AMACIANTE DILUIDO STARLUX 2L,5.0,28.95
DESINFETANTE SELUQ TALCO 2L,5.0,28.95
DESINFETANTE SUPER UTIL EUCALIPTO 2L,5.0,28.95
DESINFETANTE CARREFOUR EXPERT EXPERT 2L,2.0,28.78
DETERGENTE LIQUIDO NIDA LIMAO 500ML,11.0,28.77
AGUA SANITARIA TUBARAO 4X3L,1.0,28.76
DESINFETANTE MARILUX JASMIM 6X2L,1.0,28.74
ALVEJANTE DONNA SEM CLORO 5L,1.0,28.65
SABAO EM PO ASSIM TRIPLACAO FLORAL 500G,6.0,28.6
LIMPADOR PERFUMADO CASA PERFUMADA NATUREZA 2L,2.0,28.58
AMACIANTE DILUIDO YPE INTENSO 500ML,8.0,28.58
ALVEJANTE AR SEM CLORO 2L,3.0,28.47
DESINFETANTE ESTRELA DE RONDONIA LAVANDA 2L,3.0,28.47
LIMPADOR MULTIUSO REAX ORIGINAL 500ML,4.0,28.46
SABAO LIQUIDO APYCE LIMPEZA TOTAL 5L,1.0,28.39
SABAO LIQUIDO DA MAZA COCO 1L,3.0,28.37
"AMACIANTE DILUIDO INVICTO COCO TRADICIONAL 1,8L",3.0,28.27
AGUA SANITARIA Q FORT TRADICIONAL 1L,7.0,28.25
DESINFETANTE VOFSIEUCALIPTO  5L,3.0,28.2
DESINFETANTE VOFSI TALCO 5L,3.0,28.2
DESINFETANTE CAMPESTRE VOFSI 5L,3.0,28.2
DESINFETANTE TROIA LAVANDA 500ML,11.0,28.2
LIMPADOR PERFUMADO UNIMIX BELA FLORE 1L,4.0,28.14
DETERGENTE LIQUIDO INCOLIMP LIMAO 500ML,13.0,28.09
DETERGENTE LIQUIDO POLIAL MACA 24X500ML,1.0,28.08
AMACIANTE DILUIDO IMPERIAL LIMPA FACIL 2L,5.0,28.07
AMACIANTE DILUIDO SUAVE PLUMA TRADICIONAL 5L,1.0,28.0
ALVEJANTE ROSSI SEM CLORO 1L,5.0,27.99
ALVEJANTE EM PO VANTAGE MULTIUSO 450G,1.0,27.99
CLORO MAX CLEAR5L,2.0,27.98
LAVA ROUPAS LIQ OMO FINA/DEL 450ML DETOX,2.0,27.98
AMACIANTE CONCENTRADO DOWNY BRISA GAUCHA 500ML,2.0,27.98
AMACIANTE DILUIDO ADELA 5L,2.0,27.98
ALVEJANTE POWER OXY SEM CLORO 2L,2.0,27.98
LIMPADOR PERFUMADO MIL FLORES NATURA FRESH 1L,4.0,27.96
SABAO EM PO ARIEL 500G,4.0,27.96
SBPO BRILHANTE TECIDO REGULAR 1000G,2.0,27.96
LIMPADOR PERFUMADO ACAO MAX FLORAL 1L,4.0,27.96
DESINFETANTE PET PET CARE FLORAL 500ML,3.0,27.95
DESINFETANTE PIQ FLORAL 2L,5.0,27.95
DESINFETANTE PIQ EUCALIPTO 2L,5.0,27.95
DESINFETANTE LIMPEMAX LITORAL 2L,7.0,27.93
DESINFETANTE OMO HERBAL FRASCO 3L,1.0,27.9
DESINFETANTE VOREL FLORAL 6X2L,1.0,27.87
AMACIANTE DILUIDO MAXXI FLORAL 2L,3.0,27.87
DESINFETANTE VOREL JASMIM 6X2L,1.0,27.87
ALVEJANTE MILU SEM CLORO 2L,2.0,27.8
LIMPADOR MULTIUSO URCA 3X500ML,3.0,27.79
AMACIANTE DILUIDO LUMI BLUE 2L,4.0,27.79
DESINFETANTE OMO FORCA DA NATUREZA 500ML,2.0,27.74
DESINFETANTE PLUMAPELL LAVANDA 2L,7.0,27.65
SABAO EM PO LAVA BEM LAVANDA 1KG,3.0,27.64
DESINFETANTE MEU LAR EUCALIPTO 2L,4.0,27.61
LIMPADOR MULTIUSO ACTIF FLORAL 500ML,8.0,27.6
ALGICIDA DE CHOQUE QCLOR 1L,1.0,27.59
LIMPADOR MULTIUSO MAXLIM DETERG MULTISUP BRISA DA MANHA 2L,4.0,27.56
LIMPEZA PESADA MAXXY LIMP LIMPA PEDRAS 2L,2.0,27.45
LIMPADOR MULTIUSO FLOPS TRADICIONAL 500ML,8.0,27.42
DESINFETANTE BARBAREX BIO KRISS 500ML,11.0,27.39
AMACIANTE DILUIDO REAX AZUL 500ML,3.0,27.37
DESINFETANTE JOB EUCALIPTO 500ML,12.0,27.28
LIMPADOR PERFUMADO SUPREMA ELEGANCE 500ML,6.0,27.25
SABAO LIQUIDO ALVEX FLORAL 1L,2.0,27.25
LIMPADOR MULTIUSO VEJA S/CLORO ACAO PROTECAO SQUEEZE 500ML,4.0,27.23
LIMPADOR ESSENCIA UAU FLORES VERMELHAS CONCENTRADO 130ML,2.0,27.19
LIMPADOR PERFUMADO FACILLE ENCANTO FLORAL 500ML,4.0,27.17
SABAO EM PO ASSIM FLASH 500G,8.0,27.15
DESINFETANTE POP LIMP LAVANDA 1L,9.0,27.14
LIMPADOR PERFUMADO VALOR FIM DE SEMANA 500ML,5.0,27.06
AGUA SANITARIA INDUPROL 1L,6.0,27.0
SABAO EM PO QUIMITOL CONCENTRADO P/ ROUPAS 1KG,1.0,26.99
DESINFETANTE LYSOFORM LEMBRANCAS DE INFANCIA SPRAY 300ML,1.0,26.99
DESENGORDURANTE BARRIGA VERDE 1L,1.0,26.99
LIMPEZA PESADA BIOLIMP KIGEL EUCALIPTO 2LT,1.0,26.99
SABAO EM PO EKOBOM SACHE 2KG,2.0,26.98
"DESINFETANTE OMO PINHO 1,75L",2.0,26.98
AGUA SANITARIA INCOLIMP 5L,2.0,26.98
LIMPADOR PERFUMADO SHERON HERBAL 2L,5.0,26.98
TIRA MANCHA BRILUX EM BARRA COM ENZIMA 75G,5.0,26.98
LIMPADOR PERFUMADO BEM FAZ ENERGY 1L,3.0,26.97
LIMPADOR PERFUMADO CASA PERFUMADA LAVANDA 2L,2.0,26.97
DESINFETANTE INCOLIMP EUCALIPTO 2L,3.0,26.97
DETERGENTE LIQUIDO IAPO COCO 500ML,13.0,26.97
LIMPADOR PERFUMADO UNIMIX INTUIZONE 1L,4.0,26.96
LIMPADOR PERFUMADO R MAX FLORAL 2L,5.0,26.95
LIMPADOR MULTIUSO ESPUMIL TRADICIONAL 500ML,6.0,26.94
AGUA SANITARIA CANDEIAS 1L,9.0,26.91
DESINFETANTE CACHOEIRA VERDE 2L,3.0,26.9
SBPO OMO PROGRESS CX PP 1800G,1.0,26.9
DESINFETANTE DEION CITRUS 5L,1.0,26.9
AMACIANTE DILUIDO PEPY CARINHO 1L,5.0,26.87
LIMPADOR PERFUMADO UAU BRISA DO OUTONO 500ML,7.0,26.87
DESINFETANTE LIMPA MAIS PINHO TRAD 500ML,14.0,26.84
DESINFETANTE ANTARES LAVANDA 2L,4.0,26.78
AMACIANTE DILUIDO FOFO AZUL DO CEU LV2L PG1.7L 2L,3.0,26.7
DESINFETANTE OTIMO BRILHO FLORAL 2L,6.0,26.64
DESINFETANTE SCARLIM LAVANDA 2L,5.0,26.54
"LIMPEZA PESADA AJAX ALTERNATIVA AO CLORO FLORAL 1,75L",1.0,26.5
DESINFETANTE DAFLOR NATUREZA 1L,9.0,26.49
DESINFETANTE JOB LAVANDA 500ML,12.0,26.48
AMACIANTE CONCENTRADO ALPES AMOR ETERNO 2L,1.0,26.47
CLORO LEVO 1L,6.0,26.38
DESINFETANTE DONA CLARA EUCALIPTO 2L,4.0,26.36
LIMPADOR PERFUMADO AROMAS E ENCANTOS PERF D AMORE 1L,4.0,26.36
DESINFETANTE POLITRIZ LAVANDA 1L,6.0,26.34
AMACIANTE DILUIDO TRIEL CARINHO 2L,4.0,26.29
LIMPADOR PERFUMADO ALVEX BELEZA NATURAL 750ML,3.0,26.28
SABAO EM PO NUTRILAR BRILHO ANIL 500G,7.0,26.27
DESINFETANTE TREVO LIMAO 500ML,9.0,26.19
AMACIANTE DILUIDO SOFT SMELL AZUL 1L,5.0,26.12
AGUA SANITARIA START GF 1L,6.0,26.11
AGUA SANITARIA SUPER UTIL 1L,9.0,26.01
SABAO LIQUIDO OMO SUPER CONCENTRADO PROGRESS 630ML,1.0,25.99
DESINFETANTE BRASQUIL TALCO 5L,1.0,25.99
DESINFETANTE BRASQUIL CITRONELA 5L,1.0,25.99
SABAO LIQUIDO DONA CLARA FRESH 1L,2.0,25.98
AGUA SANITARIA IMBA QUIMICA 5L,2.0,25.98
AMACIANTE CONCENTRADO PLUSH SPRING 1L,2.0,25.98
LIMPADOR ESSENCIA GEO CONCENTRADO LAVANDA 120ML,2.0,25.98
AGUA SANITARIA PURISSIMA 5L,2.0,25.98
ALVEJANTE SUPERMAX SEM CLORO 2L,3.0,25.97
DESINFETANTE TOP LIMPO PINHO 2L,3.0,25.97
AMACIANTE CONCENTRADO FLOM COLOR PROTECT 500ML,3.0,25.97
SABAO LIQUIDO MAXLIM ROSA 1L,3.0,25.97
LIMPADOR DE VIDRO ANTARES 550ML,4.0,25.96
DESINFETANTE VOFSI LAVANDA 2L,5.0,25.95
SABAO EM PO TUFF 500G,6.0,25.94
LIMPEZA PESADA MR MUSCULO LAVANDA 500ML,3.0,25.93
DESINFETANTE DESOLIMP FLORES 2L,4.0,25.92
CLORO 5LT ENCOPEL,1.0,25.9
LIMPADOR PERFUMADO SALUTAR BAMBU 500ML,4.0,25.88
DESINFETANTE LIMP LAR ERVA DOCE 2L,4.0,25.85
LIMPADOR DE VIDRO Q LAR LAVANDA 5L,1.0,25.79
DESINFETANTE KI BRILHO FLORAL 1L,6.0,25.74
AMACIANTE DILUIDO LISA AZUL 2L,3.0,25.73
DESINFETANTE CLASSIC LAVANDA 6X2L,1.0,25.73
DESINFETANTE VEJA LAVANDA 480ML,5.0,25.65
LIMPADOR DE VIDRO PRATICE SQUEEZE 500ML,5.0,25.62
DESINFETANTE STORK EUCALIPTO 5L,2.0,25.58
SABAO EM PO ROMA 500G COCO,1.0,25.5
DESINFETANTE BREEZE REVOLUTION LAVANDA 2L,3.0,25.5
ALVEJANTE ATIVUS SEM CLORO 5L,1.0,25.49
ALVEJANTE MAZA SEM CLORO 2L,2.0,25.49
DESINFETANTE ROSAMAX LIVE 2L,3.0,25.47
AMACIANTE VIDA MACIA FLOR DE ALGODAO 12X500ML,3.0,25.47
DETERGENTE LIQUIDO MULTI JOB MACA CONC 500ML,15.0,25.25
DESINFETANTE DAFLOR FLORAL 1L,8.0,25.2
CLORO VALL 2 LITROS,4.0,25.2
DETERGENTE LIQUIDO FC NEUTRO 12X500ML,1.0,25.08
SABAO EM PO GIRANDO SOL FLORAL PARIS 500G,6.0,25.05
SABAO MULTI USO UNICA 2LT LIMAO,2.0,25.0
DESINFETANTE BRINLAR KARITE C/QUEROSENE 2L,2.0,25.0
DESINFETANTE ALE LIMAO 500ML,1.0,24.99
LIMPADOR MULTIUSO Q LAR LAVANDA 5L,1.0,24.99
REMOVEDOR TOP CASA CAMPO LAVANDA 500ML,1.0,24.99
LIMPADOR PET PET DENGO ELIMINADOR ODORES LAVANDA 2L,2.0,24.99
SABAO LIQUIDO BONZAO LIQ.5L,1.0,24.99
AMACIANTE DILUIDO STARLUX SOFT 5L,2.0,24.98
AMACIANTE DILUIDO SUMMER AZUL 2L,2.0,24.98
LIMPADOR PERFUMADO WAPLIKE EUCALIPTO 2L,3.0,24.97
LIMPADOR DE VIDRO CIF E ACRILICOS 500ML,5.0,24.95
LIMPADOR PERFUMADO UTIL AROMAS DA PRIMAVERA 500ML,5.0,24.95
SABAO EM PO LIMPISSIMA PREMIUM 1KG,5.0,24.95
DESINFETANTE MEMBERS MARK QUIMICA FLORAL 2L,1.0,24.9
LIMPADOR PET ODORFIM CANIL E GATIL FLORAL 2L,1.0,24.9
AGUA SANITARIA NAPY 2L,1.0,24.9
DESINFETANTE SCOTCH-BRITE PEROXIDO 500ML,1.0,24.9
LIMPADOR PERFUMADO NUTRILAR FLOR VIOLETA 1L,5.0,24.87
LIMPADOR PERFUMADO SUPREMA MANHA DE SOL 500ML,5.0,24.85
"DESINFETANTE LYSOL BR,MANHA RF,500ML",4.0,24.83
SBL OMO PROGRESS LIQ SUPER CONC GFA PL  630ML,2.0,24.78
DESINFETANTE SUPER GLOBO CITRUS 1L,4.0,24.76
SABAO EM PO TODO BOM COCO 500G,11.0,24.75
LIMPADOR PERFUMADO FACILLE LAVANDA 500ML,5.0,24.68
DESINFETANTE AYLAG 5L,2.0,24.58
ALVEJANTE BRILHANTE  S/CLORO UTILIZE FLORAL 750ML,2.0,24.58
LIMPADOR PERFUMADO BEM FAZ CALM 1L,3.0,24.57
AMACIANTE DILUIDO SONHO 2L,2.0,24.48
DESINFETANTE BRIUUS JASMIM 500ML,1.0,24.45
AMACIANTE DILUIDO SANISAFE MACIEZ 2L,5.0,24.45
AMACIANTE DILUIDO GRANBON BRISA DA MANHA 2L,5.0,24.45
LIMPADOR PET DALU ELIMINADOR DE ODORES CITRONELA 2L,2.0,24.38
LIMPADOR PERFUMADO KICASA JOIAS DA NATUREZA 500ML,5.0,24.31
LIMPADOR MULTIUSO ASCERTE FLORAL 500ML,8.0,24.28
DESINFETANTE RCD KAIAK 5L,1.0,24.25
LIMPADOR DE VIDRO KLARIANA REFIL 500ML,2.0,24.24
SABAO LIQUIDO SAO MARCOS FRESH 3L,2.0,24.18
SABAO LIQUIDO INCOLIMP COCO 3L,1.0,23.99
LIMPADOR PET PETBRILHO ELIMINA ODORES PINHO 2L,1.0,23.99
SABAO LIQUIDO SOFT BLUE 2L,1.0,23.99
DETERGENTE LIQUIDO RADIEX 1L,1.0,23.99
AMACIANTE CONCENTRADO DOWNY AGUA DE COCO 900ML,1.0,23.99
LIMPA BORDA PISCINA CLOR UP 1L,1.0,23.99
"AGUA SANITARIA REMMUS ,1L",1.0,23.99
TIRA MANCHA SANIPLUS P/ROUPAS COLORIDAS MULTIUSO 450G,1.0,23.99
DESINFETANTE UFE CITRICA 1L,2.0,23.98
AMACIANTE DILUIDO ALICE PURE PURPLE ROXO 3L,2.0,23.98
LIMPADOR ESSENCIA BELAROMA PITANGA NEGRA 140ML,2.0,23.98
TIRA MANCHA OMO EM PO S/CLORO ROUPAS COLORIDAS 420G,3.0,23.97
AMACIANTE DILUIDO LUCIA FLORAL 2L,3.0,23.97
LIMPADOR MULTIUSO CASA DE MAE ORIGINAL 500ML,4.0,23.96
DETERGENTE LIQUIDO BELO BRILHO LIMAO 2L,4.0,23.96
DESINFETANTE SELECT LAVANDA 2L,4.0,23.96
DESINFETANTE VEJA LIMP PROFUNDA LAVANDA 500ML,2.0,23.96
CLORO ROSSI 1L,4.0,23.96
DETERGENTE LIQUIDO FONTE LIMPA MACA 2L,4.0,23.96
AMACIANTE CONCENTRADO FOFO  ORQUIDEAS 500ML,4.0,23.96
LIMPADOR ESSENCIA MARINA TALCO 140ML,3.0,23.94
DESINFETANTE VOREL CITRUS 6X2L,1.0,23.94
DESINFETANTE BUFALO PINHO LAVANDA 6X2L,1.0,23.94
DESINFETANTE BOM USO LAVANDA 500ML,8.0,23.92
SABAO EM PO HIPER PLUS ALFAZEMA 500G,8.0,23.92
LIMPEZA PESADA YPE ORIGINAL PREMIUM LV500ML PG350ML 500ML,7.0,23.92
AMACIANTE DILUIDO ATTIVO SOFT AZUL 5L,1.0,23.9
DETERGENTE LIQUIDO NOVO LAR 5L,1.0,23.9
"AMACIANTE DILUIDO SUAVE PLUMA COQUETEL 1,75L",3.0,23.86
DETERGENTE LIQUIDO SAO MARCOS MACA 500ML,15.0,23.85
DESINFETANTE LIMPA MAIS KAYAK 500ML,12.0,23.84
DETERGENTE LIQUIDO LISA CLEAR 500ML,13.0,23.83
DESINFETANTE LIMPA BEM TRADICIONAL 2L,3.0,23.81
LIMPADOR ESSENCIA CONCENTRADA CASAFLOR MARINE 12X120ML,2.0,23.8
LAVA ROUPAS OMO ROUPAS DELICA 900ML DETOX,1.0,23.79
AMACIANTE DILUIDO ESSENCIAL CARICIA 5L,2.0,23.76
AMACIANTE CONCENTRADO TOQUE DE CARINHO DETOX VEGANO 500ML,2.0,23.74
LIMPADOR MULTIUSO BELGA 500ML,7.0,23.73
LIMPADOR MULTIUSO POLY MIX TRADICIONAL 500ML,8.0,23.67
"AMACIANTE DILUIDO POLITRIZ DESFILE DA PRIMAVERA 1,75L",4.0,23.64
DETERGENTE LIQUIDO SUPER BRILHO LIMAO 500ML,23.0,23.63
DETERGENTE LIQUIDO RISO LIMAO 500ML,4.0,23.62
AMACIANTE CONCENTRADO BARBAREX  BLUE 500ML,3.0,23.56
AMACIANTE CONCENTRADO SONHO LAVANDA SACHE 500ML,3.0,23.55
CLORO IMBRASQUIM 1L,3.0,23.55
DESINFETANTE ALE LAVANDA 1L,8.0,23.51
LIMPADOR PET STARLUX ELIMINADOR DE ODORES TRADICIONAL 2L,1.0,23.49
DESINFETANTE DLM TALCO 1L,6.0,23.46
DESINFETANTE SOLARQUIM PINHO 500ML,8.0,23.45
AGUA SANITARIA 100 CENTO LIMP 1L,6.0,23.44
DESINFETANTE DICLORO LAVANDA 2L,3.0,23.44
DESINFETANTE KEDNA PINHO E LIMAO 2L,3.0,23.38
LIMPADOR PERFUMADO ARCOVERDE HERBAL 1800ML,3.0,23.37
DESINFETANTE LIMPA MAIS FREE 500ML,12.0,23.37
AMACIANTE DILUIDO JUCURUTU 2L,3.0,23.36
CLORO CLEANTECH BLIMP 5LTS,5.0,23.35
AMACIANTE DILUIDO TOQUE DE CARINHO TERNURA 2L,3.0,23.23
DESINFETANTE CASA DE MAE MARINE 500ML,6.0,23.2
KIT CIA DO PET XIXI PODE XIXI NÃO PODE 20ML+500ML,1.0,23.19
DESINFETANTE LIMPA TUDO TALCO 2L,4.0,23.16
DETERGENTE LIQUIDO SELUQ CRISTAL 2L,4.0,23.16
LIMPADOR MULTIUSO LEVE BRISA LARANJA 500ML,6.0,23.04
SABAO EM PO GUNE FORCA AZUL 1.6KG,2.0,23.0
AMACIANTE DILUIDO DONA CLARA CLASSICO 5L,1.0,22.99
CLORO GENCO LIMPA BORDAS 1L,1.0,22.99
TIRA MANCHA OMO PO KIT ROUP BRANC+COLORIDAS REF ECON 2X380G,1.0,22.99
LIMPADOR PERFUMADO CENAP MARINE 2L,1.0,22.99
SABAO LIQUIDO HOMMO DETERGENTE 5L,1.0,22.99
KIT LADY E MAYA XIXI SIM XIXI NAO 530ML,1.0,22.99
SABAO LIQUIDO AQUAFAST COCO 1L,2.0,22.98
DESINFETANTE MONTE LAGOS FLORAL 5L,1.0,22.98
DESINFETANTE TRIEX ESSENCIA PERFUMADA PINHO 120ML,3.0,22.97
DESINFETANTE TREVO PINHO 500ML,8.0,22.96
LIMPADOR PERFUMADO BEM FAZ WOOD 500ML,6.0,22.94
TIRA MANCHA OMO EM GEL EXTRA PODER ROUPAS COLORIDAS 750ML,1.0,22.9
LIMPADOR ESSENCIA BELAROMA CAMPESTRE 140ML,2.0,22.89
AMACIANTE DILUIDO VIDA NOVA BLUE 2L,3.0,22.89
DESINFETANTE SOLARQUIM LIMAO 2L,3.0,22.88
DESINFETANTE CLEAN DAY PINHO 2L,3.0,22.75
LIMPADOR PERFUMADO VEJA PETALAS DE FLORES 500ML,5.0,22.75
DESINFETANTE EUCANOL PRIMAVERA 1L,7.0,22.68
DESINFETANTE BRILHOLAC PINHO GEL LAVANDA C/BENJOIN 500G,4.0,22.68
AMACIANTE CONCENTRADO COMFORT  PROTECAO MICELAR 1L,1.0,22.65
LIMPEZA PESADA AJAX FRESH BLUE CM 12X500ML,0.1667,22.65
DESINFETANTE ARAUJO MIL FLORES 2L,3.0,22.63
TIRA MANCHA ANIL IMPERIAL COLMAN PEDRA 10X9G,1.0,22.59
LIMPADOR PERFUMADO CIF ENERGIZANTE 900ML,2.0,22.58
LIMPADOR PERFUMADO VEJA PERFUMES LAVANDA 10% DESC 500ML,4.0,22.56
SABAO LIQUIDO BRINLAR 2L,1.0,22.5
DESINFETANTE BLIMP FLORAL 1L,5.0,22.5
LIMPADOR PERFUMADO UAU FLORES VERMELHAS E SEDUCAO 500ML,5.0,22.5
ESSENCIA PLURI PITANGA 10ML,1.0,22.5
DESINFETANTE TOP LIMPO KAIAK 500ML,6.0,22.49
DESINFETANTE USELIMP PINHO 2L,3.0,22.47
DESINFETANTE BREEZE REVOLUTION EUCALIPTO 2L,3.0,22.47
DESINFETANTE GLOBO ORVALHO 1L,5.0,22.45
LIMPADOR PERFUMADO VEJA PERFUMES LAVANDA 24X500ML,0.1666,22.4
AMACIANTE DILUIDO IAPO TRADICIONAL 500ML,6.0,22.38
AMACIANTE DILUIDO CLASSIC BOUQUET DE ROSAS 2L,3.0,22.37
DESINFETANTE PIQ TRADICIONAL 2L,4.0,22.36
DESINFETANTE LIMPA BEM FLORAL 500ML,15.0,22.35
DESINFETANTE BRILHEX CITRONELA 1L,4.0,22.34
SABAO EM PO SURF ROSAS E FLOR DE LIS 2.4KG,1.0,22.33
DETERGENTE LIQUIDO DESOLIMP COCO 2L,3.0,22.29
LIMPADOR ESSENCIA MARIA BACANA LAVANDA 100ML,3.0,22.24
DESINFETANTE LISA EUCALIPTO 500ML,9.0,22.11
DETERGENTE LIQUIDO DESOLIMP MACA 2L,3.0,22.08
LIMPADOR PET BELLOKAO ELIMINADOR DE ODORES LIMA LIMAO 2L,1.0,22.07
DETERGENTE LIQUIDO BOM USO NEUTRO 500ML,8.0,22.06
DESINFETANTE FRANCOL FLOR DA NOITE 2L,3.0,22.05
DET PO INVICTO SUPERACAO SC 1000 GR,3.0,22.05
DESINFETANTE FRANCOL QUARTO DE BEBE 2L,3.0,22.05
AMACIANTE DILUIDO BARRIGA VERDE 2L,2.0,22.0
DESINFETANTE BRILHANTE PINHO ORIGINAL 500ML,2.0,22.0
DESINFETANTE BARRIGA VERDE AROMATIZANTE TALCO 5L,1.0,22.0
AMACIANTE DILUIDO TOQUE DE CARINHO AZUL 5L,1.0,21.99
DETERGENTE LIQUIDO QUIMITOL SUPERTOL 1L,2.0,21.99
TIRA MANCHA OMO EM PO ROUPAS COLORIDAS 420G,1.0,21.99
TIRA MANCHA SAIF PRE-LAVAGEM EM REFIL 500ML,2.0,21.98
LIMPADOR PERFUMADO BRILHEX PRIMAVERA 500ML,2.0,21.98
LIMPADOR PERFUMADO BRILHEX INVERNO 500ML,2.0,21.98
LIMPADOR PERFUMADO LIMPEBEM REQUINTE 1L,3.0,21.97
DESINFETANTE PINHO SOL CITRUS EUCALIPTO 500ML,3.0,21.97
DESINFETANTE MEU AROMA LAVANDA 2L,4.0,21.96
DESINFETANTE MEU AROMA LUX 2L,4.0,21.96
DESINFETANTE MEU AROMA VINOLIA 2L,4.0,21.96
DESINFETANTE TAQLIMPO PINHO 5L,1.0,21.9
LIMPADOR PET DOG SHOW ELIMINADOR DE ODORES LAVANDA 2L,1.0,21.9
DETERGENTE LIQUIDO DESOLIMP LIMAO 2L,3.0,21.87
DESINFETANTE ARAUJO FLORAL 2L,3.0,21.87
SBPO BRILHANTE BRANCAS E COLORIDAS FRESH 500G,3.0,21.87
DESINFETANTE BRILUX MARINE LEITOSO 500ML,5.0,21.85
DETERGENTE LIQUIDO NIDA MACA 500ML,8.0,21.84
DETERGENTE LIQUIDO DESOLIMP NEUTRO 2L,3.0,21.79
CLORO INDUPROL 1L,3.0,21.75
ALVEJANTE AMAZON H2O MINI BASTAO 18G,5.0,21.69
XIXI NAO PODE 500 ML,1.0,21.69
SABAO EM PO IAPO LAVANDA SH 500G,11.0,21.65
DESINFETANTE KIGELEIA ZIKS VIOL 2L,1.0,21.6
AMACIANTE DILUIDO ACONCHEGO AZUL 2L,4.0,21.58
AMACIANTE DILUIDO TELEFRANGO PINK 2L,3.0,21.57
LIMPADOR PERFUMADO BRILHO PRATICO IGUATEMI 2L,3.0,21.57
SBPO OMO MULT PODER ACELERADOR CX PP 1000G 100G GTS 1100G,2.0,21.49
AMACIANTE DILUIDO MIL AZUL 5L,1.0,21.49
AMACIANTE DE ROUPA MIL ROSA 5L,1.0,21.49
DESINFETANTE KI BRILHO FLOR DO CAMPO 1L,5.0,21.49
EDUCADOR SANITARIO XO GATO GRANULADO 300G,1.0,21.49
LIMPADOR MULTIUSO LIMPA TUDO 500ML,1.0,21.49
TIRA MANCHA VANISH PO BRANQ OXI ACTION CRYSTAL WHITE SCH 30G,15.0,21.45
DESENGORDURANTE EASY OFF 500ML PULV,2.0,21.38
DETERGENTE LIQUIDO BRILHUS NEUTRO 2L,3.0,21.37
DESINFETANTE REAL CAPIM LIMAO 2L,3.0,21.27
DESINFETANTE OMO PODER HERBAL 1L,2.0,21.27
SABAO EM PO IAPO TRADICIONAL 1KG,6.0,21.24
LIMPADOR MULTIUSO MARILUX TRADICIONAL 500ML,6.0,21.24
"AMACIANTE DILUIDO MON BIJOU ENCANTOS DA NATUREZA LV2L PG1,8L",2.0,21.18
DESINFETANTE REAL KAIAK 1L,7.0,21.17
DESINFETANTE REAL TALCO 1L,7.0,21.16
DETERGENTE LIQUIDO ALE COCO 500ML,12.0,21.14
LIMPADOR PERFUMADO NUTRILAR FLOR TULIPA 1L,4.0,21.0
LIMPADOR DE VIDRO CASA E PERFUME GATILHO 500ML,1.0,21.0
SABAO LIQUIDO IMPERIAL PLUS CONCENTRADO 1L,1.0,20.99
LIMPADOR PERFUMADO BRIL ODOR MARINE 2L,2.0,20.98
LIMPADOR PERFUMADO VEJA PERFUMES LAVANDA 20% DESC 1L,2.0,20.98
AMACIANTE DILUIDO CANDEIAS AZUL 2L,2.0,20.98
LIMPADOR PERFUMADO STILL LAVANDA 1L,3.0,20.97
AGUA SANITARIA CLORITO MINA 2L,3.0,20.97
DESINFETANTE POPPS PINHO 2L,3.0,20.97
LIMPADOR MULTIUSO ACAO MAX CITRUS 1L,3.0,20.97
AMACIANTE DILUIDO BRIIZ AZUL 2L,3.0,20.97
LIMPADOR PERFUMADO UTIL FLORES DO CAMPO 2L,2.0,20.97
AMACIANTE DILUIDO ROXAS 2L,3.0,20.97
LIMPADOR PERFUMADO VEJA PERFUMES CAMPO E AR PURO 500ML,3.0,20.97
DESINFETANTE MAXXI PINHO 2L,3.0,20.97
AMACIANTE DILUIDO BRIIZ VIOLETA 2L,3.0,20.97
ALVEJANTE ECONOMICO PERFUMADO CITRUS 2L,3.0,20.97
AGUA SANITARIA TECLIMP 2L,6.0,20.94
DESINFETANTE BRINLAR GEOVANA BABY 2L,2.0,20.94
DESINFETANTE BOM USO KAIAK 500ML,7.0,20.93
DESINFETANTE PRIMAVERA PALMOLIVE 1L,7.0,20.93
CLORO SETIMO CEU GF 1L,7.0,20.93
DESINFETANTE STARLUX EUCALIPTO 1L,7.0,20.93
DESINFETANTE LIMP LAR KARITE 2L,3.0,20.87
DESINFETANTE LUME LAVANDA 1L,5.0,20.85
AGUA SANITARIA LIMPA MAIS 12X1L,1.0,20.85
DESINFETANTE BELO BRILHO FLORAL 2L,4.0,20.8
SABAO LIQUIDO ACE ACAO INSTANTANEA 400ML,11.0,20.8
SABAO EM PO GAMA LOPES FLORES 500G,9.0,20.78
LIMPADOR ESSENCIA PANDA CITRONELA 140ML,2.0,20.78
SABAO LIQUIDO LIMP LAR COCO 1L,3.0,20.77
LIMPADOR PERFUMADO SUPER GLOBO CITRICO 1L,3.0,20.76
DESINFETANTE POLITRIZ LAVANDA 5L,3.0,20.76
DESINFETANTE DESOMAX D300 2L,4.0,20.76
DETERGENTE LIQUIDO JAPIIM NEUTRO 500ML,10.0,20.7
DESINFETANTE OMO PINHO 1L,2.0,20.68
SABAO EM PO GAMA LOPES COCO 500G,9.0,20.61
LIMPADOR MULTIUSO ESFREBOM SUPERFICIES LAVANDA 3 EM 1 20UN,4.0,20.6
DESINFETANTE REAL FLORAL 2L,4.0,20.48
LIMPEZA PESADA 3AAA DESENTUPIDOR 300G,3.0,20.47
DESINFETANTE ALE LIMAO 1L,7.0,20.47
"DESINFETANTE POLITRIZ CLASSIC 1,75L",4.0,20.46
LIMPADOR MULTIUSO AJAX FRUTAS VERMELHAS SQZ 500ML,4.0,20.44
DETERGENTE LIQUIDO DEOLINE LIMAO 500ML,8.0,20.36
AMACIANTE DILUIDO SONHO AZUL PROFUNDO REFIL 1L,3.0,20.28
LIMPADOR DE VIDRO AROMA CAR NEBLINA 100ML,2.0,20.24
LIMPADOR PERFUMADO ANTAR EUCALIPTO 2L,3.0,20.22
DETERGENTE LIQUIDO LIMPA TUDO NEUTRO 5L,1.0,20.19
DETERGENTE LIQUIDO LIMPA TUDO 5L MACA,1.0,20.19
LIMPADOR ESSENCIA BELLO AROMA ERVA DOCE 140ML,2.0,20.18
DESINFETANTE BOM USO EUCALIPTO 500ML,7.0,20.13
AMACIANTE DILUIDO AMACITEL TOQUE POESIA 5L,2.0,20.05
DESINFETANTE DESOMAX EUCALIPTO 5L,1.0,19.99
"DET PO OMO 1,8KG SPORTS",1.0,19.99
SABAO LIQUIDO AGEX COCO 5L,1.0,19.99
LIMPADOR MULTIUSO HIPERCLEAN LENCO AROMAS DE PARIS 12UN,1.0,19.99
DESINFETANTE UTIL PINHO TALCO 5L,1.0,19.99
"LIMPADOR PET CASAFLOR ELIMINADOR DE ODORES HERBAL 6X1,75L",1.0,19.99
ALVEJANTE MAX USO SEM CLORO 2L,1.0,19.99
DESINFETANTE SO BRILHO FLORAL 2L,1.0,19.99
DETERGENTE LIQUIDO GEO ESPUMA 500ML,1.0,19.99
DETERGENTE LIQUIDO UZZI CONSENTRADO DL 5L,1.0,19.99
AMACIANTE CONCENTRADO FOFO CHEIRINHO BEBE 1L,1.0,19.99
SABAO LIQUIDO FLOM SENSITIVE HIPOALERGENICO 500ML,2.0,19.98
CLORO ALGO MAIS  PET 1L,2.0,19.98
DESINFETANTE USELIMP EUCALIPTO 5L,2.0,19.98
SABAO LIQUIDO TOQUE DE CARINHO GLICERINA 1L,2.0,19.98
ALVEJANTE EXIGENTE SEM CLORO 500ML,2.0,19.98
DESINFETANTE USELIMP FLORAL 5L,2.0,19.98
SABAO LIQUIDO REAX BABY 500ML,1.0,19.98
LIMPEZA PESADA GUAIRACA DESINCRUSTANTE 970ML,2.0,19.98
DESINFETANTE USELIMP PINHO 5L,2.0,19.98
LIMPEZA PESADA ALVEX ACONCHEGO 500ML,3.0,19.97
SABAO LIQUIDO PRO PISO SUPER UTIL 1L,2.0,19.96
AMACIANTE DILUIDO COMFORT  DIA A DIA A FRASCO 2L,4.0,19.96
LIMPADOR PERFUMADO R MAX EUCALIPTO 2L,4.0,19.96
DETERGENTE LIQUIDO NATURATTE LIMAO 1L,4.0,19.96
DESINFETANTE ACONCHEGO TRADICIONAL 2L,4.0,19.96
AGUA SANITARIA PURISSIMA CLORO ATIVO 2LT,5.0,19.95
LIMPADOR DE VIDRO PERFECTO TRADICIONAL 500ML,5.0,19.95
SABAO LIQUIDO ROUPA E CARINHO ROUPA 500ML,2.0,19.94
DESINFETANTE BRINLAR EUCALIPTO 2L,2.0,19.9
DESINFETANTE BRILUX TRANSLUCIDO LAVANDA 12X500ML,4.0,19.9
DESINFETANTE MIL LAVANDA 5L,1.0,19.9
LIMPADOR MULTIUSO CONDE TRADICIONAL 500ML,10.0,19.9
LIMPADOR MULTIUSO CIF SUPER BRILHO 300ML,1.0,19.9
AMACIANTE DILUIDO BABY SOFT TOQUE ENVOLVENTE 5L,1.0,19.89
DESINFETANTE MONTE LAGOS JASMIM 500ML,5.0,19.85
DETERGENTE LIQUIDO CUSTODIO MACA 500ML,7.0,19.83
DESINFETANTE PANTER MARINE 2L,2.0,19.8
ALVEJANTE VANISH PO S/CLORO CRYSTAL WHITE 230G,2.0,19.8
LIMPADOR MULTIUSO AGIFACIL PRO TRADICIONAL 500ML,4.0,19.56
DESINFETANTE ABA PLUS IGUATEMI 1L,6.0,19.52
LIMPADOR MULTIUSO VEJA POWER FUSION LIMAO KIT 2X500ML,2.0,19.5
DESINFETANTE PRECIATO LAVANDA 2L,3.0,19.5
AMACIANTE DILUIDO JAGUAR 5L,1.0,19.49
DESINFETANTE EUCANOL EUCALIPTO 2L,3.0,19.49
DESINFETANTE COALA FLORAL 140ML,1.0,19.49
DESINFETANTE BRIIZ NATUREZA 2L,3.0,19.47
LIMPADOR ESSENCIA NATUSELL TUTTY FRUTTY 140ML,2.0,19.47
AMACIANTE DILUIDO CAROLINA BABY TALCO 2L,3.0,19.47
LIMPADOR DE VIDRO BY KIM CRISTAL REFIL 500ML,3.0,19.46
SABAO EM PO ECONOMICO TRADICIONAL 500G,6.0,19.44
DESINFETANTE DESOLIMP BRISA 2L,3.0,19.43
DETERGENTE LIQUIDO R MAX NEUTRO 2L,3.0,19.38
AMACIANTE DILUIDO IAPO TRADICIONAL 2L,2.0,19.38
LIMPADOR ESSENCIA CONC LIMP UP HERBAL ULTRA 120ML,3.0,19.37
LIMPADOR DE VIDRO ZAP CLEAN COM ALCOOL SQUEEZE 500ML,3.0,19.37
SABAO EM PO PRINCESA DUVALE FLOR MARACUJA 500G,7.0,19.25
REMOVEDOR FERRUGEM NOVA  500ML,1.0,19.25
DESINFETANTE RADIANTE JASMIM 12X500ML,1.0,19.2
AMACIANTE CONCENTRADO ARES  ESSENCE PINK 500ML,3.0,19.11
"LAVA ROUPAS PO COMFORT 1,6KG HYDRA SERUM",1.0,18.99
AGUA SANITARIA BRASQUIL LIMP MAIS 5L,1.0,18.99
CLORO LIMPBRAS GL 5L,1.0,18.99
ALGICIDA MANUTENCAO NEOCLOR 1L,1.0,18.99
DESINFETANTE PET PET CARE TALCO 2L,1.0,18.99
LIMPADOR PET AFETO DOG NEUTRALIZADOR ODOR TRADICIONAL 2L,1.0,18.99
AMACIANTE CONCENTRADO COMFORT  OLEOS ESSENCIAIS  500ML,1.0,18.99
TIRA MANCHA VANISH PO S/CLORO PODER O2 120G,2.0,18.98
DESINFETANTE OMO LAVANDA 1L,2.0,18.98
LIMPADOR PERFUMADO ZOMAX FLOR DO CAMPO 1L,2.0,18.98
DETERGENTE LIQUIDO BIANCOLL NATURAL 1L,2.0,18.98
LIMPADOR PERFUMADO AJAX FUSAO PERFEITA AMORA E ERVAS 500ML,3.0,18.97
DESINFETANTE STORK PERF EUCALIPTO 2L,3.0,18.97
DESENGORDURANTE JUCURUTU 1LT PLUS,2.0,18.96
DESINFETANTE AQUAFAST ENERGIA 5L,1.0,18.9
ALA LIQ JAS ORIENT F.LOTUS 3L,1.0,18.9
LIMPADOR PET LUKY DOG ELIMINADOR DE ODORES LAVANDA 2L,1.0,18.9
DETERGENTE LIQUIDO IAPO LIMAO 5L,1.0,18.9
LIMPADOR MULTIUSO FEEL CLEAN HOME MULTISSUPERFICIES 30UN,1.0,18.9
AMACIANTE DILUIDO YPE ACONCHEGO SC REFIL 1L,3.0,18.87
LIMPADOR ESSENCIA AROMATEC BAMBOO 120ML,3.0,18.87
LIMPADOR PERFUMADO BOM Q LIMPA DAMA DA NOITE 2L,3.0,18.85
SABAO EM PO BEM TR VI  VERAO  SHC  500G,6.0,18.85
DESINFETANTE ALE MARINE 500ML,8.0,18.82
DESINFETANTE BABY BETTY DAMA DA NOITE 2L,19.0,18.81
DESINFETANTE LIMPA TUDO LAVANDA 2L,3.0,18.79
DETERGENTE LIQUIDO LISA MACA 500ML,9.0,18.65
AMACIANTE CONCENTRADO PUFF FLORES PERFUMADAS 500ML,2.0,18.63
DESINFETANTE RCD EUCALIPTO 2L,2.0,18.6
ALVEJANTE VANISH GEL S/CLORO PODER O2 CONCENTRADO 450ML,1.0,18.5
SABAO LIQUIDO ACE ACAO INSTANTANEA 1L,2.0,18.5
ALVEJANTE MEKAL SEM CLORO 2L,1.0,18.49
LIMPEZA PESADA FORT KIM LIMPA PEDRAS 2L,1.0,18.49
DESENGORDURANTE ALLCHEM 500ML,1.0,18.49
AGUA SANITARIA STILO 1L,5.0,18.45
AMACIANTE DILUIDO ASA LESTE TERNURA 2L,2.0,18.38
LIMPADOR PERFUMADO MAYOR LOVE 1L,2.0,18.29
AMACIANTE DILUIDO GOTA FORTE PINK 2L,2.0,18.28
LIMPADOR MULTIUSO MINUANO ANTIBAC LAVANDA 500ML,3.0,18.27
LIMPADOR PERFUMADO BEM FAZ HAPPY 1L,2.0,18.24
LIMPADOR MULTIUSO BOM USO FLORAL 500ML,5.0,18.15
DESINFETANTE PRINCESA EUCALIPTO 2L,4.0,18.13
DESINFETANTE OMO MULTIUSO ORIGINAL 500ML,3.0,18.08
DESINFETANTE GLOBO TALCO 1L,4.0,18.06
DESINFETANTE TAQLIMPO EUCALIPTO 5L,1.0,18.0
DETERGENTE LIQUIDO LIMPEMAX LIMAO 5L,1.0,17.99
DETERGENTE LIQUIDO VIDA NOVA MACA 5L,1.0,17.99
LIMPADOR MULTIUSO CIF EVITA MOFO 500ML,1.0,17.99
AGUA SANITARIA LIMPA MAIS DETERGENTE CLORADO 5L,1.0,17.99
AMACIANTE DILUIDO AQUAFAST ALEGRIA DE PRIMAVERA 5L,1.0,17.99
DESINF.NOVAL 5LT,1.0,17.99
AMACIANTE CONCENTRADO YPE ALQUIMIA ENCANTO SC REFIL 1L,1.0,17.99
DESENGORDURANTE BRINLAR 2L,1.0,17.99
AMACIANTE DILUIDO TOP 10 PERF DAS ROSAS 5L,1.0,17.99
DETERGENTE LIQUIDO REAL NEUTRO 5L,1.0,17.99
LIMPADOR MULTIUSO CIF ELIM ODORES GTL 500ML,1.0,17.99
DESINFETANTE HIPER LIMPO HERBAL 5L,2.0,17.98
LIMPADOR DE VIDRO INCOLIMP GATILHO 500ML,2.0,17.98
DETERGENTE LIQUIDO CIF HIGIENIZADOR CONCENTRADO ANTIBAC 420G,2.0,17.98
REMOVEDOR SANOL LAVANDA 12X500ML,2.0,17.98
DESINFETANTE VOFSI LAVANDA 5L,2.0,17.98
DETERGENTE LIQUIDO GOTA LIMPA BERGAMOTA 1L,2.0,17.98
AMACIANTE DILUIDO BABY SOFT TOQUE DE ALEGRIA 5L,1.0,17.98
LIMPEZA PESADA UAU CITRUS LV500ML PG400ML 500ML,2.0,17.98
LIMPADOR PERFUMADO GOTA LIMPA CITRONELA 1L,2.0,17.98
LIMPADOR DE VIDRO CLASSE A 500ML,2.0,17.98
DETERGENTE LIQUIDO IAPO LIMAO 2L,2.0,17.98
SABAO LIQUIDO DONA CLARA REFIL SUAVE 1L,3.0,17.97
AGUA SANITARIA IMBRASQUIM 1L,3.0,17.97
SABAO EM PO SUPER VALOR COCO 500G,3.0,17.97
DETERGENTE LIQUIDO SETIMA GERACAO CITRUS 420G,3.0,17.97
"SABAO EM PO ESPUMIL COCO 10X1,6KG",3.0,17.97
DESINFETANTE CLASSIC JASMIM 2L,3.0,17.97
DESINFETANTE HIPPER FLORAL 2L,3.0,17.97
AMACIANTE DILUIDO SOF CLEAR 2L,3.0,17.97
DESINFETANTE CANDEIAS CITRUS 1L,3.0,17.97
ALVEJANTE SEMORIN SEM CLORO OXY2 POWER 500ML,3.0,17.97
AMACIANTE DILUIDO CAROLINA FLORAL 2L,3.0,17.97
DESINFETANTE REAL PINHO 2L,3.0,17.97
DESINFETANTE SELECT JASMIM 2L,3.0,17.97
DESINFETANTE LIMP LAR ALFAZEMA 2L,3.0,17.97
DESINFETANTE JOB MADEIRAS NOBRES 100ML,3.0,17.97
DESINFETANTE MARANATA VIOLETA 2L,3.0,17.97
LIMPADOR PERFUMADO BEM FAZ FRESH 500ML,4.0,17.96
AGUA SANITARIA VALENCA 1L,4.0,17.96
SABAO LIQUIDO BABY SOFT R.DELIC COCO 1L,1.0,17.95
DETERGENTE LIQUIDO LIMPOL ERVA DOCE 500ML,6.0,17.94
AMACIANTE DILUIDO MARGS AZUL 2L,3.0,17.94
DESINFETANTE OMO PISO LAVANDA 450ML,3.0,17.93
AMACIANTE DILUIDO ALPES CARINHO 2L,2.0,17.9
DESINFETANTE LAVANDEX LAVANDA 5L,1.0,17.9
LIMPADOR ESSENCIA EUCAROMA LAVANDA 100ML,7.0,17.88
SABAO LIQUIDO SOLARQUIM COCO FC 2L,1.0,17.88
DETERGENTE LIQUIDO CUSTODIO NEUTRO 500ML,7.0,17.83
LIMPADOR ESSENCIA LIMP UP FLORES DO CAMPO 140ML,2.0,17.8
SABAO EM PO YPE PREMIUM OXIGENIO ATIVO 2KG,1.0,17.8
LIMPADOR ESSENCIA LIMP UP VINOLIA 120ML,2.0,17.77
LIMPADOR DE VIDRO UNICA GATILHO 540ML,2.0,17.75
DESINFETANTE LISA FLORAL 2L,2.0,17.58
SABAO EM PO OMO PURO CUIDADO 400G,3.0,17.58
DESINFETANTE GLOBO SAN EUCALIPTO 2L,3.0,17.57
AGUA SANITARIA KI BRILHO SUPER BRANCO 1L,9.0,17.55
CLORO VALL 1LT,5.0,17.5
DESINFETANTE DONA CLARA PINHO 5L,1.0,17.49
LAVA ROUPAS LIQ SETIMA GERACAO LIM PODEROSA CITRUS GF 1000ML,1.0,17.49
DESENGORDURANTE UTILAR REFIL 500ML,2.0,17.48
DESINFETANTE YPE PINHO ACTIVE 500ML,5.0,17.45
DESINFETANTE LIMP LAR PALMOLIX 2L,3.0,17.43
DETERGENTE LIQUIDO SELUQ LIMAO 2L,3.0,17.37
AGUA SANITARIA RIO BAHIA GF 1L,7.0,17.34
AMACIANTE DILUIDO CHEIRO DO LAR 1L,4.0,17.2
LIMPADOR DE VIDRO BYT S TRADICIONAL 500ML,3.0,17.19
AMACIANTE DILUIDO VALOR MAGIA 2L,2.0,17.18
AMACIANTE DILUIDO TOP LUX 1L,4.0,17.16
AGUA SANITARIA ITALAR 1L,7.0,17.15
DESINFETANTE ELLY PINHO 500ML,5.0,17.11
DETERGENTE LIQUIDO CRISTAL MACA 500ML,9.0,17.07
DESINFETANTE LUME MARINE 2L,3.0,17.07
AMACIANTE DILUIDO HERANCA MIL FLORES 5L,1.0,16.99
OMO DT PO + PURO CUIDADO 800GR,1.0,16.99
SABAO LIQUIDO BARRIGA VERDE TRADICIONAL 2L,1.0,16.99
SABAO LIQUIDO SANISAFE POWER FRESH 3L,1.0,16.99
DESINFETANTE BRILHO SOLAR TALCO LT 5L,1.0,16.99
DESINFETANTE BRILHO SOLAR FLOR SERRA LT 5L,1.0,16.99
AMACIANTE DILUIDO KLIP 5L,1.0,16.99
AMACIANTE DILUIDO URCA FLORAL 5L,1.0,16.99
REMOV TOP F.LAR 500M,1.0,16.99
LIMPADOR PERFUMADO CASA PERFUMADA ROSA EXTR DE BAMBU 2L,1.0,16.98
LIMPADOR PERFUMADO ZOMAX VIOLET 1L,2.0,16.98
CLORO  BELEZA PURA 2L,2.0,16.98
LIMPADOR PERFUMADO GIOCA PETAL DE CARINHO 900ML,2.0,16.98
LIMPADOR ESSENCIA SOLL BRILHANTE BABY 140ML,2.0,16.98
DESINFETANTE SELECT EUCALIPTO 2L,3.0,16.97
LIMPEZA PESADA DIA TR 500ML,2.0,16.94
DESINFETANTE UNICA FRESH 2L,2.0,16.9
DESENGORDURANTE BRILHANTE COZINHA COM CLORO 450ML,13.0,16.9
DESINFETANTE SANOL TALCO E CAMOMILA 500ML,3.0,16.89
LIMPADOR ESSENCIA WARLIKE TALCO 250ML,2.0,16.88
SABAO EM PO NUTRILAR LAVANDA ENCANTO 500G,4.0,16.82
LIMPADOR INSTANTANEO MULTUSO SOIN ZAP CLEAN REMOV FLORAL 900,1.0,16.8
DESINFETANTE LIMP LAR FOLHA VERDE 2L,3.0,16.8
AGUA SANITARIA LUAN 1L,6.0,16.8
ALVEJANTE CLASSIC SEM CLORO 2L,2.0,16.78
SABAO LIQUIDO TALIMPO TROPICAL 2L,2.0,16.78
SABAO EM PO BRANMIX COCO 500G,7.0,16.73
DETERGENTE LIQUIDO LIMPEZA FELIZ NEUTRO 500ML,8.0,16.72
DESINFETANTE OMO FRESCOR DA MONTANHA 450ML,3.0,16.65
DESINFETANTE UFENOL USO GERAL 750ML,1.0,16.59
LIMPADOR PET MIKDOG ELIMINADOR DE ODORES CITRONELA 2L,1.0,16.49
DETERGENTE LIQUIDO LIMPEMAX MACA 5L,1.0,16.49
AMACIANTE DILUIDO MON BIJOU BABY NANA NENEM 1L,1.0,16.49
AMACIANTE DILUIDO QBOA MACIEZ COM ALEGRIA 500ML,3.0,16.47
LIMPADOR ESSENCIA WARLIKE SHERAZADE 250ML,2.0,16.47
LIMPADOR MULTIUSO MAGIC 500ML,4.0,16.46
LIMPADOR DE VIDRO CLASSIC SQUEEZE 500ML,4.0,16.46
LIMPADOR ESSENCIA PANDA BAMBU 140ML,2.0,16.4
LIMPEZA PESADA HUNNEBECK LIMPA PEDRAS 900ML,1.0,16.39
DESINFETANTE KIMPOL PRIMAVERA 2L,3.0,16.38
LIMPADOR MULTIUSO VEJA TRADICIONAL SPRAY P400ML L500ML,3.0,16.35
DETERGENTE LIQUIDO INCOLIMP NEUTRO 500ML,8.0,16.32
DESINFETANTE EUCANOL FLORAL 1L,5.0,16.32
DESINFETANTE GLOBO EUCALIPTO 5L,1.0,16.29
DESINFETANTE UNICA ALGAS MARINHAS 2L,2.0,16.28
DESINFETANTE MARILUX VIOLETA 1L,4.0,16.28
CLORO START HIPOCLORITO DE SODIO 1L,3.0,16.27
AMACIANTE DILUIDO TEIU LAVANDA 1L,4.0,16.2
DESINFETANTE KIMPOL CAMPESTRE 2L,3.0,16.18
AMACIANTE DILUIDO BOM QLIMPA 1L,2.0,16.18
SABAO EM PO BARRA FRESH 1KG,2.0,16.18
DETERGENTE LIQUIDO BOM QLIMPA NEUTRO 5L,1.0,16.0
SABAO EM PO ESPUMIL SUPER COCO 500G,8.0,16.0
AGUA SANITARIA SUPERPRO 5L,1.0,15.99
REDUTOR DE PH LIQ SUALL PH MENOS 1L,1.0,15.99
"SABAO LIQUIDO BEM TE VI PERFUME DAS FLORES 1,8L",1.0,15.99
DESINFETANTE LIMP LAR C/ SABAO FLORAL 2L,1.0,15.99
DESINFETANTE BRILHO SOLAR EUCALI 5L,1.0,15.99
"ELIMINADOR DE ODORES CASAFLOR PET CITRICO 6X1,75L",1.0,15.99
LIMPADOR PERFUMADO CASAFLOR HARMONY 1L,2.0,15.99
DESINFETANTE SAMPA CLEAN LONGE DE CASA FRESH 30ML,1.0,15.99
AMACIANTE DILUIDO BRASQUIL TRADICIONAL 2L,1.0,15.99
DESINFETANTE START USO GERAL TUTTI FRUTTI 250ML,1.0,15.99
LIMPADOR ESSENCIA NOGUEIRA CAMPESTRE 250ML,1.0,15.98
DESINFETANTE BY KIM EUCALIPTO 2L,2.0,15.98
DESINFETANTE TOP LIMPO TALCO 2L,2.0,15.98
SABAO LIQUIDO DONA CLARA COCO 500ML,2.0,15.98
LIMPEZA PESADA UTIL LIMPA PEDRA 750ML,2.0,15.98
DESINFETANTE CLORAX 5L,2.0,15.98
SABAO LIQUIDO ACHOU OCEAN CLASSIC 2L,1.0,15.97
LIMPADOR PERFUMADO BRILHO NATURAL SILVESTRE 1L,4.0,15.96
DESINFETANTE OMO MULTIUSO HERBAL 500ML,3.0,15.9
LIMPADOR MULTIUSO MAXBIO FLOTADOR 1L,1.0,15.9
LIMPADOR PERFUMADO CIF HARMONIZANTE 900ML,1.0,15.89
AMACIANTE CONCENTRADO PUFF  BRISA TROPICAL 500ML,2.0,15.88
DESINFETANTE LIMP LAR VIOLETA 2L,3.0,15.87
SABAO LIQUIDO ESPUMIL COCO 2L,1.0,15.87
DESINFETANTE ACTUALY FLORAL 500ML,5.0,15.85
AMACIANTE DILUIDO ALE AZUL 1L,4.0,15.84
DESINFETANTE BAH VANILA 5L,1.0,15.8
DESINFETANTE TOP MIL FLORAL 500ML,8.0,15.8
DESINFETANTE EUCANOL BRISA 1L,5.0,15.79
AMAC. SOFT SMELL ROSA 1000ML,3.0,15.75
DETERGENTE LIQUIDO POP LIMP LIMAO 500ML,8.0,15.6
DESENGORDURANTE SEMORIN A SECO AERO 150ML,1.0,15.59
DESINFETANTE BRILUX MARINE TRANSLUCIDO 500ML,4.0,15.58
DETERGENTE LIQUIDO UZU CLEAN LIMAO 500ML,7.0,15.58
CLORO ILUSTRE ATIVO 2L,2.0,15.5
TIRA MANCHAS VANISH WHITE MAX PODER 2000ML,1.0,15.49
DESINFETANTE IDEAL EUCALIPTO 1L,5.0,15.45
LIMPADOR PERFUMADO NUTRILAR FLOR DE GARDENIA 1L,3.0,15.43
DESINFETANTE REMMUS PINHO 2L,2.0,15.4
SABAO LIQUIDO LIMPA MAIS MULTIUSO 1L,2.0,15.4
DESINFETANTE SOLIMP LIMAO 500ML,7.0,15.35
SABAO LIQUIDO UAU ACTIVE 1L,2.0,15.29
DETERGENTE LIQUIDO EUCANOL LIMAO 5L,1.0,15.29
DETERGENTE LIQUIDO EUCANOL MACA 5L,1.0,15.29
AMACIANTE CONCENTRADO COMFORT VIBRANTE 500ML,1.0,15.29
ALVEJANTE OMO S/CLORO TRADICIONAL 1L,1.0,15.29
AMACIANTE DILUIDO MAXLIM CONFORT 2L,2.0,15.28
DETERGENTE LIQUIDO SOLAIRE NEUTRO 500ML,11.0,15.19
LIMPADOR MULTIUSO VEJA POWER FUSION GAT LIMAO 500ML,1.0,15.19
DETERGENTE LIQUIDO GIRANDO SOL ACEROLA 500ML,6.0,15.04
DESINFETANTE ANTARES PINHO 2L,2.0,15.0
AGUA SANITARIA ACHOU 2L,2.0,15.0
LIMPADOR PERFUMADO CANDEIAS FLOR 1L,2.0,14.99
DETERGENTE LIQUIDO QUIMITOL SOLUTOL ALCALINO 1L,1.0,14.99
LIMPADOR ESSENCIA CONCENTRADA POLITRIZ PINHO 12X140ML 1680ML,1.0,14.99
AMACIANTE DILUIDO CAVALLI 5L,1.0,14.99
ALVEJANTE NELLY 2L,1.0,14.99
CLORO VALENCIA 5L,1.0,14.99
TIRA MANCHA QUALITA WHITE 450G,1.0,14.99
DESINFETANTE BONZAO CANELA 5L,1.0,14.99
DESINFETANTE REAL FRESCOR CITRICO 5L,1.0,14.99
SBPO OMO MULTIACAO TANQUINHO CM N/ IDENT CX PP 500G,1.0,14.99
SABAO LIQUIDO TOQUE DE CARINHO COCO 2L,1.0,14.99
SABAO LIQUIDO MULTFACIL SOFT GREEN 2L,1.0,14.99
REMOVEDOR VUKMIL 1L,1.0,14.99
SABAO LIQUIDO ROMA LIQ COCO 500ML,1.0,14.99
AMACIANTE CONCENTRADO PUFF PERFUMADO C/FLORES 1L,1.0,14.99
"AMACIANTE DILUIDO MON BIJOU MOMENTO DE PAIXAO 1,5L",2.0,14.98
DESINFETANTE SCARLIM FRESCOR DO CAMPO 2L,3.0,14.97
SABAO EM PO IMPERIAL TRADICIONAL 500G,3.0,14.97
SABAO LIQUIDO ABA PLUS 2L,3.0,14.97
LIMPADOR MULTIUSO URCA LAVANDA PG 400G LV 500G,3.0,14.97
DESINFETANTE BATUTA EUCALIPTO 10% DESC 1L,3.0,14.97
AGUA SANITARIA KBAO 1L,5.0,14.95
AMAC. ORIENTAL PAIXAO 1000ML,6.0,14.94
LIMPADOR MULTIUSO UAU KIT CLORO ATIVO/LAVANDA LV3PG2 3X500ML,1.0,14.93
LIMPADOR ESSENCIA LIPEX LAVANDA 120ML,1.0,14.9
LIMPADOR PET PROCAO ULTRA AROMA CITRUS 130ML,1.0,14.79
SABAO LIQUIDO FLOM COLOR PROTECT 900ML,1.0,14.79
DESINFETANTE DLM LIMPEZA KISS 1L,4.0,14.76
AMACIANTE DILUIDO CANDEIAS 500ML,4.0,14.76
LIMPADOR PERFUMADO CIF RELAXANTE 900ML,1.0,14.75
SBP SURF VIOLOLETA E MENTA 500GRS,5.0,14.74
DETERG PO OMO 900G ANTIBACT,1.0,14.72
SABAO EM PO BREEZE MULTIACAO 1KG,2.0,14.69
AMACIANTE CONCENTRADO GRANBON PREMIUM 2L,3.0,14.67
AMACIANTE DILUIDO GRANBON AMAZONIA 2L,3.0,14.67
"DETERG LIQ OMO PROG 1,05L 3,3L",1.0,14.59
SABAO LIQUIDO CARREFOUR EXPERT DELICATE FLOR 500ML,2.0,14.58
LIMPADOR MULTIUSO ESFREBOM SUPERFICIES LAVANDA 3 EM 1 35UN,1.0,14.55
AMACIANTE DILUIDO KEDNA LIRIOS DO CAMPO 500ML,5.0,14.55
LAVA ROUPAS LIQ OMO DELIC COCO 450ML,1.0,14.53
DESINFETANTE KALIPTO PINHO 2L,2.0,14.52
DETERGENTE LIQUIDO HIPER PLUS NEUTRO 500ML,6.0,14.52
LIMPADOR DE VIDRO PEROL BLUE 1L,1.0,14.5
DESINFETANTE DLM AROMATIZANTE PALMOLIVE 5L,1.0,14.49
LIMPADOR DE VIDRO BRILHANTE GATILHO REFIL 450ML,2.0,14.4
"AMACIANTE CONCENTRADO COMFORT ERVAS E LIRIOS 1,5L",2.0,14.39
LIMPADOR PERFUMADO BRILHO PRATICO PINHO 2L,2.0,14.38
DESENGORDURANTE CLASSE A 500ML,3.0,14.37
DETERGENTE LIQUIDO DLM LIMPEZA NEUTRO 1L,3.0,14.33
SABAO EM PO MINUANO FLORAL 900G,2.0,14.32
DESINFETANTE Q LIMPA TUDO LIMAO 2L,2.0,14.3
DESINFETANTE VEJA PINHO C/ 15% DESC 980ML,2.0,14.28
LIMPADOR MULTIUSO VALOR TRADIC 500ML,3.0,14.24
LIMPADOR PERFUMADO AQUAFAST FLORES CAMPESTRES 1L,2.0,14.09
DESINFETANTE CIF CREMOSO ULTRA HIGIENE 500ML,4.0,14.0
AGUA SANITARIA SANY MIX GALAO 5L,1.0,13.99
SABAO LIQ SURF 2L CUID COCO,1.0,13.99
LIMPADOR PET LION PET ELIMINADOR DE ODORES MARINE 2L,1.0,13.99
DESINFETANTE SCARLIM LAVANDA 5L,1.0,13.99
LIMPEZA PESADA AJAX USO GERAL FRESH CITRONELA 1L,1.0,13.99
SABAO EM PO MINUANO FLORAL MAXIMA PROTECAO CX 1.6KG,1.0,13.99
AMACIANTE DILUIDO MAZA TERNURA 5L,1.0,13.99
SABAO LIQUIDO HIGI BEBE 300ML,1.0,13.99
SABAO EM PO NOVO LAR NOVO 800G,2.0,13.98
ALVEJANTE CIRIO SEM CLORO 1L,2.0,13.98
DESINFETANTE SANOL LAVANDA EUCALIPTO 2L,2.0,13.98
AMACIANTE DILUIDO GASU FLORAL 2L,2.0,13.98
DESINFETANTE POPPS FLORAL 2L,2.0,13.98
DESINFETANTE POPPS ERVA DOCE 2L,2.0,13.98
DESINFETANTE POPPS MIL FLORES 2L,2.0,13.98
LIMPADOR PERFUMADO MIL FLORES BRISA MARINHA 1L,2.0,13.98
DESINFETANTE URCA LIMA LIMAO 2L,2.0,13.98
AMACIANTE DILUIDO TAQLIMPO CARICIA 2L,2.0,13.98
AMACIANTE DILUIDO MAZA ACONCHEGO 1L,2.0,13.98
AMACIANTE DILUIDO ALPES LARANJA 2L,2.0,13.98
AMACIANTE DILUIDO BRILHO SOLAR TOQUE DE ROSAS 2L,2.0,13.98
AMACIANTE DILUIDO DUBON AZUL 2L,2.0,13.98
AGUA SANITARIA DAVO 1L,5.0,13.95
AMACIANTE DILUIDO MAIS FACIL NATTURA 2L,2.0,13.94
DESINFETANTE TOP MIL EUCALIPTO 500ML,4.0,13.94
DETERGENTE LIQUIDO R MAX MACA 500ML,7.0,13.93
DETERGENTE LIQUIDO R MAX COCO 500ML,7.0,13.93
LIMPADOR PERFUMADO VEJA PERFUMES FRESCOR 1L,1.0,13.9
CLORO VALL 5LT,1.0,13.9
AMACIANTE DILUIDO MEGA AMARELO 5L,1.0,13.9
LIMPADOR MULTIUSO CIF L6P4 ANTIBAC 500ML,1.0,13.9
DESENGORDURANTE ZAP CLEAN LIMAO GATILHO 500ML,1.0,13.89
LIMPADOR PERFUMADO ACTIF HARMONIA 500ML,2.0,13.89
DESINFETANTE IDEAL JASMIM 2L,2.0,13.8
AGUA SANITARIA ARAUJO 1L,6.0,13.8
CLORO PRO WATER BRANCO 1L,2.0,13.78
AGUA SANITARIA NOVO LAR GF 2L,2.0,13.78
DESINFETANTE TREVO LAVANDA 500ML,5.0,13.75
AMACIANTE DILUIDO MILI MILI RESIDENCE 5L,1.0,13.7
AMACIANTE DILUIDO SOLARQUIM CLASSIC 2L,2.0,13.69
SABAO EM PO GOTA LIMPA EQUILIBRIO 2KG,1.0,13.6
ALVEJANTE SAIF SEM CLORO BRANQ FRASCO 500ML,2.0,13.58
LIMPADOR PERFUMADO VEJA SENSACOES LIMAO E REFRESCANCIA 1L,1.0,13.53
DETERG PO ALA FLORES BRANCA 500G,5.0,13.5
DETERGENTE LIQUIDO FONTE LIMPA NEUTRO 2L,3.0,13.5
SABAO LIQUIDO  RETIRO P MAOS LIMAO 500ML,3.0,13.5
LIMPADOR PERFUMADO BRILHO PRATICO JASMIM 2L,2.0,13.5
DETERGENTE LIQUIDO AGEX LIMAO 5L,1.0,13.49
AMACIANTE DILUIDO PROEZA NENEM 5L,1.0,13.49
SABAO EM PO APYCE MULTIACAO 500G,6.0,13.49
DESINFETANTE CANDEIAS FLORAL 1L,3.0,13.48
DESINFETANTE BUFALO TRADICIONAL 2L,2.0,13.48
DESINFETANTE ALVEJAX EUCALIPTO 1L,3.0,13.47
DETERGENTE LIQUIDO MAXLIM LIMAO 500ML,6.0,13.44
"DESINFETANTE LYSOL PUREZA ALGODAO 1,5L",1.0,13.39
DESINFETANTE LIMP LAR TUTTI FRUTTI 2L,2.0,13.39
SABAO LIQUIDO OLA DELICADAS ROUPAS CLARAS 500ML,1.0,13.39
SABAO LIQUIDO GLOBO 2L,1.0,13.35
DESINFETANTE LIMPIQ FLORAL 2L,2.0,13.28
DESINFETANTE KINTANA PINHO 500ML,4.0,13.21
LIMPADOR DE VIDRO GRAN BRILHO 300ML,1.0,13.2
LIMPADOR DE VIDRO KEBEK 500ML,1.0,13.19
AGUA SANITARIA CLARIS 1L,4.0,13.16
AMACIANTE DILUIDO BRILHO PRATICO 1L,3.0,13.15
AMACIANTE DILUIDO UNO LAR COCO 5L,1.0,13.07
DETERGENTE LIQUIDO SUPREMA GOLD NATURAL CLEAR 500ML,7.0,13.04
DESINFETANTE OMO LAVANDA BORRIFADOR 500ML,1.0,13.03
LIMPADOR DE VIDRO VALOR 500ML,2.0,13.0
DESINFETANTE EUCANOL LAVANDA 2L,2.0,13.0
AMACIANTE DILUIDO K BRILHO DE ROUPAS 500ML,4.0,13.0
DESINFETANTE CLEOSOL AUDAX USO GERAL 5L,1.0,12.99
SABAO LIQUIDO DONA CLARA COCO 1L,1.0,12.99
DESENGORDURANTE VEJA COZ LIMAO GAT 500ML + REFIL KIT 400ML,1.0,12.99
SABAO LIQUIDO SAO MARCOS LAVANDA 3L,1.0,12.99
DETERGENTE LIQUIDO TALIMPO LIMAO 2L,1.0,12.99
AMACIANTE DILUIDO IMBRASQUIM BABY 2L,1.0,12.99
TIRA MANCHA VANISH PO S/CLORO OXI ACTION CRYSTAL WHITE 350G,1.0,12.99
LIMPEZA PESADA ALVEX LIMPA CARPETES LAVANDA 460ML,1.0,12.99
SABAO LIQUIDO TANTO ANTIODOR FLORES DE LIMAO 1000ML,1.0,12.99
SABAO EM PO ARIEL OXI BARRAS 1KG,1.0,12.99
DESINFETANTE OMO FORCA DA NATUREZA FRASCO 1L,1.0,12.99
ALVEJANTE VANISH S/CLORO MULTI 150ML,1.0,12.99
LIMPADOR MULTIUSO POLITRIZ C/ALCOOL GATILHO 500ML,1.0,12.99
SABAO EM PO KLIP 2KG,1.0,12.99
DESINFETANTE URCA FLOR DE LAVANDA 5L,1.0,12.99
DETERGENTE LIQUIDO R MAX LIMAO 2L,2.0,12.98
TIRA MANCHA CLARIN EM PO ROUPAS COLORIDAS 450G,1.0,12.98
DESINFETANTE BRIIZ PRIMAVERA 2L,2.0,12.98
DESINFETANTE MOURA FLORAL 2L,2.0,12.98
DESINFETANTE FLORA CITRONELA 2L,2.0,12.98
AGUA SANITARIA SANY MIX GF 2L,3.0,12.97
AMACIANTE DILUIDO BABY SOFT INFINITY CARE DARK BLUE 3L,1.0,12.95
DESINFETANTE SUPER LIMPO LAVANDA 5L,1.0,12.9
AMACIANTE DILUIDO CATARINA 2L,1.0,12.9
DESINFETANTE KI JOIA LEITOSO FLORAL 5L,1.0,12.89
LIMPADOR ESSENCIA EUCAROMA FLORES 100ML,5.0,12.88
DESENGORDURANTE YE 500G,1.0,12.8
DESINFETANTE EUCANOL EUCALIPTO 5L,1.0,12.8
LIMPADOR MULTIUSO BEM FAZ NEUTRALIZA ODORES 500ML,2.0,12.78
"AMACIANTE DILUIDO MON BIJOU MOMENTO DE ACONCHEGO 1,5L",1.0,12.75
DESINFETANTE BATUTA ERVA DOCE 750ML,3.0,12.71
DESINFETANTE QBOA EUCALIPTO 2L,2.0,12.7
ALVEJANTE AVEFIORI SEM CLORO 2L,1.0,12.58
AGUA SANITARIA BRIL ODOR 2L,2.0,12.58
DETERGENTE LIQUIDO HIPPER CLEAN 500ML,5.0,12.5
LIMPADOR DE VIDRO SUPER LIMPO GATILHO 500ML,1.0,12.5
DESINFETANTE BRASQUIL FLORES 2L,1.0,12.5
AGUA SANITARIA FACILITA 5L,1.0,12.49
AMACIANTE DILUIDO LIMPA BEM GIRASSOL 2L,2.0,12.49
SBPO OMO PROGRESS CX PP                                900G,1.0,12.49
LIMPADOR PERFUMADO MR MUSCULO PINHO 500ML,3.0,12.49
SABAO LIQUIDO ODD LAVAGEM COMPLETA 1L,1.0,12.49
ALVEJANTE TOQUE DE CARINHO SEM CLORO SACHE ROSA 500ML,2.0,12.49
DETERGENTE LIQUIDO TUPA LIMAO 500ML,5.0,12.45
AMACIANTE DILUIDO MANHA DE SOL 2L,2.0,12.4
SABAO EM PO CAMPESTRE FLORES 500G,4.0,12.36
DESINFETANTE DESOLIMP STYLUS 2L,2.0,12.36
EDUCADOR SANITARIO DALU PIPI PODE 30ML,2.0,12.3
CLORO LIQ PROLAR FR 1LT,3.0,12.29
LIMPADOR MULTIUSO VEJA CAMPESTRE 750ML,2.0,12.27
DESINFETANTE JOB FLORAL 500ML,5.0,12.22
AMACIANTE DILUIDO ROUPAS MAPLE SUAVE 2L,2.0,12.09
SBP SURF UM DIA PARQUE 500 GRS.,4.0,12.0
DESINFETANTE ATOL LAVANDA 2L,1.0,11.99
TIRA MANCHA OMO EM GEL EXTRA PODER 500ML,1.0,11.99
LIMPADOR PERFUMADO BRILHEX OUTONO 500ML,1.0,11.99
LIMPADOR PERFUMADO VEJA PERFUMES AROMA SENSE BEM ESTAR 1L,1.0,11.99
LIMPADOR DE VIDRO LAVANDEX GATILHO 500ML,1.0,11.99
LIMPADOR ESSENCIA DONABELA CITRONELA 140ML,1.0,11.99
AMACIANTE DILUIDO CUIDADO BRANCO 2L,1.0,11.99
LIMPADOR PERFUMADO YPE AZUL TROPICAL 30% DESC 1L,1.0,11.99
AMACIANTE CONCENTRADO GOTA LIMPA NATURESSE COCO E ALG 12X1L,1.0,11.99
SABAO EM PO QUALIMP PRIMAVERA 1KG,2.0,11.99
DESINFETANTE GUIMARAES EUCALIPTO 2L,1.0,11.99
AMACIANTE DILUIDO CLEAN AZUL 2L,2.0,11.98
AMACIANTE DILUIDO ROSSI CONFORTO 2L,2.0,11.98
AMACIANTE DILUIDO PELOUCHE FLORAL 2L,2.0,11.98
DETERGENTE LIQUIDO BRILMAX LIMAO 500ML,2.0,11.98
DESINFETANTE BRILUX LIMAO 500ML,2.0,11.98
DESINFETANTE MARANATA EUCALIPTO 2L,2.0,11.98
DESINFETANTE DESOLIMP VALENCIA 2L,2.0,11.98
LIMPADOR PERFUMADO CASA PERFUMADA FLORES E FRUTAS 2L,1.0,11.98
DESINFETANTE BAH CITRUS 500ML,2.0,11.98
DET.ARIEL 12LAV630ML,1.0,11.98
LIMPADOR PERFUMADO SALUTAR LAVANDA 500ML,2.0,11.98
SABAO LIQUIDO TIXAN YPE ANTIBAC REFIL 12X900ML,1.0,11.97
DESINFETANTE HARPIC MULTIACAO 500ML,3.0,11.97
ALVEJANTE R MAX CORES 1L,3.0,11.97
DETERGENTE LIQUIDO ATRIUS CLEAR 1L,3.0,11.97
AMACIANTE CONCENTRADO ARES ESSENCE BLUE 500ML,3.0,11.97
DESINFETANTE STARLUX ERVA DOCE 1L,4.0,11.96
DETERGENTE LIQUIDO BETEL NEUTRO 500ML,6.0,11.94
DETERGENTE LIQUIDO R MAX LIMAO 500ML,6.0,11.94
LIMPADOR ESSENCIA MARIA BACANA CITRONELA 100ML,2.0,11.93
SABAO LIQUIDO VIOL 750ML,1.0,11.9
LIMPADOR ESSENCIA CONCENTRADA CASAFLOR EUCALIPTO 12X120ML,1.0,11.9
DETERGENTE LIQUIDO BRILHASSIM MACA 500ML,2.0,11.9
ALCALINIZANTE LABCON ALCALI 15ML,1.0,11.88
AGUA SANITARIA LIMPA BEM COLORIDA 1L,3.0,11.85
LIMPADOR DE VIDRO ROBER LUX 500ML,1.0,11.8
AMACIANTE CONCENTRADO COMFORT PROTECT CARE 500ML,1.0,11.79
DESINFETANTE ANTARES FLORAL 2L,2.0,11.78
AMACIANTE DILUIDO KAIANA CLASSIC 5L,1.0,11.69
LIMPADOR ESSENCIA CONC CASAFLOR LIMAO SICILIANO 12X120ML,1.0,11.69
LIMPADOR PERFUMADO CIF HARMONIZANTE 1.75L,1.0,11.59
LIMPADOR ESSENCIA ESSENCES FLORES DO CAMPO 120ML,1.0,11.59
DETERGENTE LIQUIDO INVICTO CLEAN 2L,3.0,11.55
LIMPEZA PESADA MINUANO VERDE 500ML,3.0,11.55
DESINFETANTE CACHOEIRA AZUL 1L,2.0,11.5
AMACIANTE DILUIDO SADA DA LIMPEZA AZUL 2L,2.0,11.5
TIRA MANCHA BRILHANTE EM PO S/CLORO UTILE FLORAL 420G,1.0,11.5
LIMPADOR MULTIUSO BEM FAZ DESENGORD COCO BICARB ALCOOL 500ML,2.0,11.49
DESINFETANTE UFE LAVANDA 1L,1.0,11.49
SABAO EM PO BEM TE VI PERFUME DAS FLORES 550G,1.0,11.49
LIMPADOR MULTIUSO CASA DE MAE HORTELA SALVIA 500ML,2.0,11.38
AGUA SANITARIA KIBONA 1L,3.0,11.37
LIMPADOR ESSENCIA CASTOR ALGODAO 140ML,1.0,11.35
LIMPADOR PERFUMADO BEM FAZ HAPPY 500ML,2.0,11.3
LIMPADOR MULTIUSO YPE SECAGEM RAPIDA PREMIUM 500ML,3.0,11.25
DESINFETANTE TREVO FLORES 500ML,4.0,11.24
AMACIANTE DILUIDO UNICA 2L,1.0,11.2
DESINFETANTE KIMPOL MATINAL 2L,2.0,11.19
AMACIANTE CONCENTRADO QBOA SEDUCAO 500ML,2.0,11.18
SABAO EM PO ESPUMIL FLORES 24X400G,1.0,11.18
DESINFETANTE BRILHUS CARAVELAS 2L,2.0,11.18
SABAO EM PO PONTAL COCO GRANULADO 500G,1.0,11.15
LIMPADOR PERFUMADO UAU PERFUMES FLOR CEREJEIRA 500ML,2.0,11.0
AMACIANTE YPE CONCENTRADO LILAC 500ML,1.0,10.99
AMACIANTE CONCENTRADO DOWNY AGUA DE COCO 450ML,1.0,10.99
AMACIANTE DILUIDO AGUIA AZUL 2L,1.0,10.99
SABAO EM PO TIXAN YPE PRIMAVERA 1KG,1.0,10.99
REMOVEDOR SUPER PROSANNE 1L,1.0,10.99
"LIMPADOR PERFUMADO CASAFLOR HARMONY 1,75L",1.0,10.99
LIMPADOR PERFUMADO BRILHOLAC COM ALCOOL CITRUS 1L,1.0,10.99
AMACIANTE DILUIDO MON BIJOU NATUREZA 6X2L,1.0,10.99
AGUA SANITARIA ROSSI 5L,1.0,10.99
LIMPEZA PESADA MON BIJOU LIMPA FERRO SQUEEZE 100ML,1.0,10.99
LIMPEZA PESADA AJAX FRESH CM 500ML,1.0,10.99
LIMPADOR PERFUMADO CIF ENERGIZANTE 450ML,2.0,10.99
LIMPADOR DE VIDRO BY KIM CRISTAL GATILHO 500ML,1.0,10.99
LIMPADOR MULTIUSO CIF PO 800G,1.0,10.99
LIMPADOR PERFUMADO URCA AMOR AMOR 500ML,2.0,10.98
LIMPADOR PERFUMADO SUPER GLOBO PAIXAO 500ML,2.0,10.98
AGUA SANITARIA BARRA 6X2L,2.0,10.98
DESINFETANTE CANDEIAS DAMA NOITE 500ML,3.0,10.98
DESINFETANTE DELIMPEX BRISA DO MAR 2L,2.0,10.98
DESINFETANTE SANTA CLARA HERBAL 5L,1.0,10.98
DESINFETANTE DELIMPEX FLORAL 2L,2.0,10.98
AMACIANTE DILUIDO SINTA MAIS CEU DE ALGODAO 2L,2.0,10.98
AMACIANTE DILUIDO SOFT SMELL FLORES DO CAMPO 1L,2.0,10.98
AMACIANTE URCA CONCENTRADO BRISA DA MANHA 500ML,2.0,10.96
SABAO LIQUIDO MARILUX FLORES DE HORTENCIA ADVANCED 3L,1.0,10.95
TIRA MANCHA CIRIO PRE-LAVAGEM 500ML,1.0,10.95
DETERGENTE LIQUIDO MAXLIM NEUTRO 500ML,5.0,10.85
DESINFETANTE VEJA LIMAO 480ML,2.0,10.83
DETERG.ARIEL LIQUIDO CONCENTRADO 630ML,1.0,10.8
DESINFETANTE ALE LAVANDA 500ML,6.0,10.7
DESINFETANTE LIMPMAX PINHO 2L,1.0,10.69
DESINFETANTE LIMP LAR BIOGRAFIA 2L,2.0,10.64
SABAO LIQUIDO DESOMAX 1L,1.0,10.59
LIMPADOR PERFUMADO MINUANO ROSA 500ML,3.0,10.59
AMACIANTE DILUIDO QBOA MACIEZ CARINHO AZUL 2L,1.0,10.59
CLORO LEVE LUX 1L,2.0,10.58
LIMPADOR PERFUMADO SHERON FRESH 2L,2.0,10.58
SABAO LIQUIDO TUFF COCO 500ML,1.0,10.58
TIRA MANCHAS TIXAN YPE LIQUIDO ROUPAS BRANCAS E COLOR 450ML,2.0,10.58
DESINFETANTE MINUANO LIMA LIMAO 500ML,3.0,10.57
AMACIANTE DILUIDO YPE AMOR 500ML,3.0,10.53
AGUA SANITARIA VALL 1L,3.0,10.5
AMACIANTE DILUIDO RESIDENCE SUNFLOWER AMARELO 2L,2.0,10.49
AMACIANTE CONCENTRADO MON BIJOU GLAMOUR TURQUESA 12X500ML,1.0,10.49
SABAO LIQUIDO ARES COCO 500ML,1.0,10.49
DESINFETANTE BLIMP EUCALIPTO 1L,3.0,10.48
SABAO EM PO UNNO MULTIACAO POWER ACTION 500G,3.0,10.47
AGUA SANITARIA DLM 2L,3.0,10.47
DESINFETANTE BELO BRILHO TALCO 2L,2.0,10.4
DESINFETANTE REAL JASMIM 5L,1.0,10.4
SABAO LIQUIDO MAX CLEAR 2 L,1.0,10.39
LIMPADOR PERFUMADO VEJA PERFUMES LAVANDA 500ML,2.0,10.32
AMACIANTE DILUIDO YPE ETERNO 500ML,5.0,10.25
DESINFETANTE LIMP LAR 6 ESTACOES 2L,2.0,10.16
DESINFETANTE LIMPMAX EUCALIPTO 2L,1.0,10.16
DETERGENTE LIQUIDO BELO BRILHO CRISTAL 500ML,5.0,10.13
DESINFETANTE REAL IGUATEMI 5L,1.0,10.1
AMACIANTE DILUIDO ESPUMIL TERNURA  1L,2.0,10.0
AMACIANTE DILUIDO MON BIJOU HARMONIA 1L,20.0,10.0
DESINFETANTE SACY LIMAO 500ML,4.0,10.0
LIMPEZA PESADA ZAP CLEAN DESENTUPIDOR 300G,1.0,9.99
AMACIANTE DILUIDO HERANCA ACONCHEGO 5L,1.0,9.99
"SABAO EM PO BELLA 1,6KG",1.0,9.99
AMACIANTE CONCENTRADO BELEM AZUL 2L,1.0,9.99
DESINFETANTE SUPER GLOBO FLORAL 2L,1.0,9.99
AMACIANTE DILUIDO ALPES DESCANSO 2L,1.0,9.99
AMACIANTE DILUIDO BARBAREX 2L,1.0,9.99
LIMPADOR MULTIUSO BARBAREX PACK 3X500ML,1.0,9.99
SABAO PO INVICTO 1KG COCO SACHE,1.0,9.99
LIMPADOR ESSENCIA NATUSELL FLORAL 140ML,1.0,9.99
AMACIANTE DILUIDO ASSIM SUAVE E ENVOLVENTE 2L,1.0,9.99
DESINFETANTE BRILHEX PINHOLLE 2L,1.0,9.99
AGUA SANITARIA SUPER PRO CLORO ATIV 5L,1.0,9.99
DESINFETANTE MEU LAR EUCALIPTO 1L,1.0,9.99
SBL ARIEL SOLUCAO TOTAL C/TQ DE AMACIANTE GF PL 1000ML,1.0,9.99
AGUA SANITARIA QFORT 2L,1.0,9.99
TIRA MANCHA BRILHANTE EM PO S/CLORO ANTIBAC 420G,1.0,9.99
AMACIANTE CONCENTRADO MASCIMO DRONY INTENSIDADE 500ML,1.0,9.99
"AMACIANTE DE ROUPAS PLUSH BABY 1,5L",1.0,9.99
LIMPADOR PET LE PETS ELIMINADOR ODORES CITRONELA 2L,1.0,9.99
DESINFETANTE HOTIFRUTUTILIS 300ML,1.0,9.99
DESINFETANTE SHERON FLOR DO CAMPO 2L,2.0,9.98
"ALVEJANTE VANISH S/CLORO MAX ACAO BACTERICIDA 1,3L",1.0,9.98
DESINFETANTE GUIMARAES MARINE 2L,1.0,9.98
"DESINFETANTE POLITRIZ CITRUS 1,75L",2.0,9.98
DESINFETANTE RC-19 500ML,2.0,9.98
AMACIANTE DILUIDO SUPER UTIL BRANCO NUVENS 2L,2.0,9.98
AMACIANTE DILUIDO BRAVO AZUL 2L,2.0,9.96
LIMPADOR PERFUMADO R MAX TALCO 1L,4.0,9.96
DESINFETANTE BRINLAR HERBAL 2LT,1.0,9.95
DETERGENTE LIQUIDO LAV MAIS COCO 500ML,5.0,9.95
AGUA SANITARIA MIL 1L,5.0,9.95
DESINFETANTE BRINLAR MANDARIM 2L,1.0,9.95
DESINFETANTE TALIMPO VINOL 2L,1.0,9.89
AMACIANTE DILUIDO ACONCHEGO ROSA 2L,2.0,9.88
SABAO LIQUIDO SONHO FRESH DUPLA ACAO REFIL 500ML,3.0,9.87
LIMPADOR PERFUMADO MAXLIM ELEGANCE 1L,2.0,9.84
AGUA SANITARIA LUAN 2L,2.0,9.8
ALVEJANTE VANTAGE PRE-LAVAGEM 500ML,1.0,9.79
DESINFETANTE CANDEIAS CITRUS 500ML,3.0,9.77
DESINFETANTE KINTANA EUCALIPTO 500ML,3.0,9.76
DESINFETANTE QUALITA LAVANDA 2L,1.0,9.75
LIMPADOR DE VIDRO PRATICE 3 EM 1 500ML,1.0,9.75
AGUA SANITARIA SEQUINEL 1L,3.0,9.75
DESINFETANTE GENIAL BOUQUET CITRUS 2L,1.0,9.75
AMACIANTE DE ROUPAS CONFORTO 500ML,3.0,9.75
SABAO EM PO ASSIM FLORAL BRANCAS E COLORIDAS CX 450G,2.0,9.64
LIMPADOR PERFUMADO RAJJA A BASE DE ALCOOL GEL 500G,1.0,9.59
AGUA SANITARIA CLAREX CIRIO 1L,2.0,9.58
AMACIANTE DILUIDO UTILAR TERNURA 2L,1.0,9.5
AMACIANTE DILUIDO YPE ENERGIA 2L,1.0,9.49
LIMPADOR ESSENCIA NATUSELL ALECRIM 140ML,1.0,9.49
DESINFETANTE BRASQUIL CITRUS 2L,1.0,9.49
DESINFETANTE BRASQUIL FLORAL 2L,1.0,9.49
LIMPADOR PERFUMADO FLORA FLORES DO CAMPO 1L,1.0,9.49
DESINFETANTE BRASQUIL LIPTO 2L,1.0,9.49
DESINFETANTE EUCANOL LAVANDA 1L,3.0,9.44
DETERGENTE LIQUIDO SUPREMA LIMAO 500ML,4.0,9.43
DESINFETANTE VOFSI PINHO 5L,1.0,9.4
SBPO BRILHANTE AUTOCONFIANÇA 1000G,1.0,9.39
SABAO EM PO NOVO REINO CEREJEIRA 500G,2.0,9.38
SABAO EM PO KLIP COCO SACHET 500G,2.0,9.38
DESINFETANTE PEQUI PINHO 2L,1.0,9.35
SABAO LIQUIDO ATRON LIQ 1L,2.0,9.3
DESINFETANTE ALE EUCALIPTO 1L,2.0,9.3
ALVEJANTE VANTAGE SEM CLORO REFIL 500ML,1.0,9.29
AMACIANTE REI TALCO 2L,2.0,9.18
LIMPADOR PERFUMADO YPE AZUL TROPICAL 30% DESC 500ML,2.0,9.14
SABAO EM PO LIMPA MAIS SACHE 1KG,2.0,9.09
DESINFETANTE REAL IGUATEMI 1L,3.0,9.06
AMACIANTE DILUIDO ATOL DELICADEZ DAS FLORES 500ML,3.0,9.03
DESINFETANTE BLIMP PINHO 1L,2.0,9.0
DESINFETANTE CLORAL ALE FLORAL 500ML,5.0,9.0
AMACIANTE DILUIDO NUTRILAR TERNURA 1L,2.0,9.0
REMOVEDOR SIM 900ML NATURAL,1.0,9.0
REMOVEDOR QODOR 500ML,1.0,8.99
AMACIANTE DILUIDO ZAVASKI ALOE VERA 2L,1.0,8.99
LIMPADOR PERFUMADO ACHOU LAVANDA 2L,1.0,8.99
LIMPADOR MULTIUSO ESFREBOM 500ML,1.0,8.99
DESINFETANTE AGEX MEU BEBE 5L,1.0,8.99
AMACIANTE DILUIDO ACHOU SEDUCAO 2L,1.0,8.99
LIMPADOR MULTIUSO LIMP LAR LIMAO 2L,1.0,8.99
LIMPADOR MULTIUSO ESFREBOM WIPES COZINHA CITRUS 3 EM 1 20UN,1.0,8.99
LIMPADOR PERFUMADO ACHOU FLORAL 2L,1.0,8.99
SABAO LIQUIDO BLUE 1L,1.0,8.99
LIMPADOR PERFUMADO BRILHOLAC ALCOOL CINTRO CAPIM E LIM 500ML,1.0,8.99
LIMPADOR ESSENCIA UTIL BAMBOO 150ML,1.0,8.99
AMACIANTE DILUIDO GIRANDO SOL NUAN TALCO 2L,1.0,8.99
AMACIANTE DILUIDO NUTRILAR TERNURA 2L,1.0,8.99
AMACIANTE DILUIDO GOTA FORTE AZUL 2L,1.0,8.99
LIMPADOR PET DURATTO ANIMALI LIMPA PISOS 750ML,1.0,8.98
LIMPADOR MULTIUSO BRAVO MULTIPISOS FLORAL 500ML,2.0,8.98
DESINFETANTE LIMPEMAX PALMOLYV 2L,2.0,8.98
DESINFETANTE DORIGON TALCO 500ML,3.0,8.97
DESINFETANTE STARLUX 1L,3.0,8.97
LIMPADOR DE VIDRO AMAZON H2O LIMPEZA VERDE 500ML,1.0,8.95
REMOV VARSOL ESSO 500ML,1.0,8.94
SABAO EM PO GIRANDO SOL FLORAL AZUL 1KG,2.0,8.94
"DESINFETANTE POLITRIZ ERVA DOCE 1,75L",1.0,8.9
CLORO DU REI FARDO 2 LTS,1.0,8.9
AGUA SANITARIA RCD 1L,2.0,8.9
LIMPADOR MULTIUSO ZAP CLEAN LIMAO SQUEEZE 500ML,3.0,8.89
LIMPADOR DE VIDRO HIPERCLEAN LENCO 20UN,1.0,8.8
"LAVA ROUPAS OMO LV1,6 PG1,4KG BAG LAVA PERFEITA",1.0,8.8
DESINFETANTE LISA LAVANDA 2L,1.0,8.79
SABAO EM PO GEO COCO ROUPAS FINAS ROSA 250G,1.0,8.79
DETERGENTE LIQUIDO TROIA LIMAO 2L,2.0,8.78
AMACIANTE DILUIDO BOM USO 2L,1.0,8.7
SABAO EM PO AMACITEL TOQUE POESIA 500G,2.0,8.64
SABAO LIQUIDO TAQLIMPO TOQUE DELICA CONCENTRADO 1L,1.0,8.56
DESINFETANTE KI BRILHO SENSACAO 1L,2.0,8.5
AMACIANTE DILUIDO BRISA ACONCHEGO 2L,1.0,8.5
DESINFETANTE BATUTA OCEANO 750ML,1.0,8.5
AMACIANTE URCA HERBAL 2L,1.0,8.49
LIMPADOR PERFUMADO GIOCA ENERGIA DAS FRUTAS 900ML,1.0,8.49
LIMPADOR ESSENCIA WARLIKE ALGAS MARINHAS 250ML,1.0,8.49
LIMPADOR ESSENCIA WARLIKE EUCALIPTO 250ML,1.0,8.49
SABAO EM PO PONTAL COCO 500G,1.0,8.49
DESINFETANTE LYSOFORM AMONIACO 500ML,1.0,8.49
AMACIANTE UNICA 2L,1.0,8.49
DESINFETANTE CLEAN VALE PINHO 2L,1.0,8.4
DESINFETANTE CLEAN VALE LAVANDA 2L,1.0,8.4
LIMPADOR PERFUMADO BEM FAZ ENERGY 500ML,2.0,8.4
LIMPEZA PESADA EXTRA BRILHO 1L,1.0,8.4
DESINFETANTE CLEAN VALE FLORAL 2L,1.0,8.4
TIRA MANCHA OMO S/CLORO ROUPAS COLORIDAS 450ML,1.0,8.39
ALVEJANTE CLORO VIDA START FRESH 2L,2.0,8.38
LIMPADOR MULTIUSO VEJA MULTI ACAO 4 EM 1 CITRUS 500ML,1.0,8.29
AGUA SANITARIA BRINLAR 2L,1.0,8.25
SABAO EM PO GEO COCO ROUPAS INFANTIS 250G,1.38,8.24
LIMPADOR ESSENCIA PANDA EUCALIPTO CONC 140ML,1.0,8.2
DESINFETANTE GUIMARAES ROSAS 2L,1.0,8.19
LIMPADOR MULTIUSO SHERON ORIGINAL 500ML,2.0,8.18
LIMPEZA PESADA BRILUX CONCENTRADO 500ML,1.7469999999999999,8.17
LIMPADOR MULTIUSO VIM CLORO EM GEL FLORAL 300ML,1.0,8.16
LIMPADOR PERFUMADO R MAX CARAVELAS 1L,3.0,8.07
LIMPADOR PERFUMADO BEM FAZ RELAX 500ML,2.0,8.03
AMACIANTE DILUIDO AMACITEL TOQUE POESIA AZUL 2L,1.0,7.99
LIMPADOR PERFUMADO VEJA PERFUMES AZUL CORAL 30% 1L,1.0,7.99
LIMP DESINFETANTE 2L EXT DE ERVAS,1.0,7.99
LIMPADOR PERFUMADO TOQ FLOOR FLOR DO CAMPO 1L,1.0,7.99
LIMPEZA PESADA ALVEX BRISA DO MAR 500ML,1.0,7.99
AMACIANTE DILUIDO MULTFACIL SOFT BLUE 2L,1.0,7.99
CLORO PURO POPPS 2L,1.0,7.99
DETERGENTE LIQUIDO FONTDAY CONC CHURRASCO 400ML,1.0,7.99
DESINFETANTE TOP LIMPO EUCALIPTO 2L,1.0,7.99
AMACIANTE DILUIDO K BRILHO 2L,1.0,7.99
LIMPADOR MULTIUSO UNI LIMP 500ML,1.0,7.99
DESINFETANTE BATUTA ERVA DOCE 2L,1.0,7.99
AMACIANTE DILUIDO GOTA LIMPA COCO 6X2L,1.0,7.99
AMACIANTE DILUIDO UAU ELEGANCE 2L,1.0,7.99
AMACIANTE IDEAL GOTA DE ORVALHO 5L,1.0,7.99
AMACIANTE DILUIDO NETZ AZUL 2L,1.0,7.99
DESINFETANTE DELIMPEX ALCOOL PERFUMADO BRISA 1L,1.0,7.99
SABAO LIQUIDO GOTA LIMPA INTIMAS E BIQUINIS 500ML,1.0,7.99
AMACIANTE DILUIDO TOP LIMPO VERDE 2L,1.0,7.99
LIMPADOR PERFUMADO VEJA PERFUMES FLOR SUAVE E CARINHO 1L,1.0,7.99
LIMPADOR PERFUMADO UTIL CHUVA DE FRESCOR 1L,1.0,7.99
DETERGENTE LIQUIDO PAMPY MACA 2L,1.0,7.99
SAB LIQ BIOBALM 200ML REFIL TOQUE DELICADO,1.0,7.99
AMACIANTE K BRILHO 2000ML,1.0,7.99
LIMPADOR MULTIUSO SUPER LAR PERFUMADO 2L,1.0,7.99
AMACIANTE DILUIDO CANDEIAS FLORES DO CAMPO 2L,1.0,7.99
SBPO BRILHANTE FRESH 1000G,1.0,7.99
DESINFETANTE INCOLIMP LAVANDA 500ML,2.0,7.98
DESINFETANTE PINHO TROP POWER FRESH 500ML,2.0,7.98
DESINFETANTE LIMPEMAX IGUATEMI 2L,2.0,7.98
DESINFETANTE BATUTA FLORAL 1L,2.0,7.98
DESINFETANTE MAGIC LAVANDA 1L,2.0,7.98
AMACIANTE DE ROUPAS BLIMP  500ML,2.0,7.98
AGUA SANITARIA SUPER BRANCO 1L,2.0,7.98
DESINFETANTE LIMPEMAX CAMPESTRE 2L,2.0,7.98
SABAO EM PO MINUANO MACIEZ FLORAL 1KG,2.0,7.96
CLORO DA CASA 1LT,2.0,7.96
DETERGENTE LIQUIDO LAV MAIS NEUTRO 500ML,4.0,7.96
DETERGENTE LIQUIDO VEJA CRISTAL 20% DESC 400ML,3.0,7.95
DESENGORDURANTE BRILHANTE COZINHA CASA FRASCO 500ML,1.0,7.95
D. LIQUIDO ARIEL POWER 630ML,1.0,7.95
SABAO EM PO URCA COCO 500G,1.0,7.9
DESINFETANTE KEDNA CITRUS 2L,1.0,7.89
DESINFETANTE KEDNA FLORAL 2L,1.0,7.89
LIMPEZA PESADA LIMPADUA PINHO GEL 500ML,1.0,7.85
TIRA MANCHA BRILUX BARRA BRANQUEADOR 75G,3.0,7.8
DESENGORDURANTE SANOL REFIL 500ML,1.0,7.8
DESINFETANTE LIMP LAR GLAID 2L,1.0,7.79
AMACIANTE DILUIDO DESOLIMP 1L SOFT,1.0,7.79
DETERGENTE LIQUIDO LIMPOL ALGAS CONCENTRADO 511G,3.0,7.77
DETERGENTE LIQUIDO NATURATTE NEUTRO 1L,2.0,7.76
SBL OMO DELICADAS ESCURAS C/GLIC GR PLAST 500ML,1.0,7.69
AGUA SANITARIA KADAN CLORO 12% 2L,1.0,7.69
AGUA SANITARIA MULTIFACIL FRASCO 2L,2.0,7.68
SABAO PO BRILHANTE LEVE 900 PAGU 1K,1.0,7.68
LIMPADOR MULTIUSO CLASSIC TRADICIONAL SUPER 3EM1 500ML,3.0,7.67
DESINFETANTE OMO PISO FLORAL 450ML,1.0,7.65
SABAO LIQUIDO PRINCESA FLORAL 500ML,2.0,7.64
LIMPADOR PERFUMADO VALOR ROXO SO NOS DOIS 1L,1.0,7.63
AMACIANTE DILUIDO CARICIA 2L,1.0,7.63
"DESINFETANTE BUFALO LAVANDA P1,8L L2L",1.0,7.61
DESINFETANTE DICLORO PINHO 2L,1.0,7.5
LAVA ROUPAS SPUMA 2L,1.0,7.49
SABAO EM PO YPE PREMIUM ECOLOGICO CX1KG,1.0,7.49
LIMPEZA PESADA ALVEX FRUIT 500ML,1.0,7.49
DESINFETANTE TREVO PINHO 2L,1.0,7.49
LIMPADOR PERFUMADO ZOMAX AMOR DE PRIMAVERA 1L,1.0,7.49
DESENGORDURANTE PRATICE 5 EM 1 BORRIFADOR 500ML,1.0,7.49
DESINFETANTE MINUANO MAX PROTECT CITRUS 500ML,2.0,7.48
LIMPEZA PESADA CIF GEL OXIG ATIVO ARTIC 500ML,3.0,7.47
"TIRA MANCHA VANISH S/CLORO CRYSTAL WHITE 1,5L",1.0,7.41
DETERGENTE LIQUIDO CAMPESTRE LIMAO 2L,1.0,7.4
LIMPADOR MULTIUSO SUPER GLOBO USO GERAL JARDIM 1L,1.0,7.39
DESINFETANTE INCOLIMP LIMAO 500ML,2.0,7.37
AGUA SANITARIA LISA 1L,5.0,7.35
CLORO FORTMAX 5 EM 1 500ML,2.0,7.29
DESINFETANTE VALOR PINHO 500ML,3.0,7.27
DESINFETANTE VIWACE PINHO 2L,1.0,7.25
CLORO OTIMA 1L,1.0,7.23
DESINFETANTE VEJA PINHO 980ML,1.0,7.19
DETERGENTE LIQUIDO BRILHUS LIMAO 2L,1.0,7.19
AMACIANTE DILUIDO SUPER CANDIDA CARINHO AZUL 2L,1.0,7.12
SBPO OMO TOQUE DE COMFORT/MULT ALOE VERA CM CX 1000G,1.0,7.1
DESINFETANTE KINTANA LAVANDA 500ML,2.0,7.0
DESINFETANTE DICLORO LAVANDA 500ML,2.0,7.0
DESINFETANTE LIMP LAR 2L,1.0,6.99
SABAO EM PO ALPES 1KG,1.0,6.99
DESINFETANTE BARBAREX ALGAS 6X2L,1.0,6.99
AMACIANTE DILUIDO EDILIMP TERNURA  2L,1.0,6.99
DETERGENTE LIQUIDO UZE CLEAN NEUTRO 2L,1.0,6.99
DESINFETANTE DEALL FLORAL 2L,1.0,6.99
AMACIANTE CONCENTRADO BRILHOLAC ENCANTO 500ML,1.0,6.99
AGUA SANITARIA LAVANDEX 2L,1.0,6.99
SABAO LIQUIDO LIMPA FACIL VERDE 1L,1.0,6.99
AMACIANTE DILUIDO LAVANDEX INTENSO 2L,1.0,6.99
SABAO LIQUIDO TOQUE DE CARINHO DETOX 500ML,1.0,6.99
SABAO EM PO SUPER BRANCO MULTIACAO 400G,1.0,6.99
LIMPADOR PERFUMADO KICASA TROUSSEAU 1L,1.0,6.99
LIMPADOR PERFUMADO ACTIF SEDUCAO 500ML,1.0,6.99
SABAO EM PO BLANC BR FASC 1KG,1.0,6.99
INVICTO SABAO PO SPORTS SC 1KG,1.0,6.99
LIMPADOR MULTIUSO POSITIVA LEVE REFIL 500ML,1.0,6.99
AMACIANTE DILUIDO AMY SENSACOES AMOR 2L,1.0,6.99
AMACIANTE DILUIDO MAGIA 2L,1.0,6.99
SABAO LIQUIDO TOQUE DE CARINHO CUIDADO TOTAL 500ML,1.0,6.99
AMACIANTE CONCENTRADO DONA CLARA NUVEM DE PERFUME 1L,1.0,6.99
AMACIANTE CONCENTRADO BRILHOLAC BEBE TERNURA 500ML,1.0,6.99
AMACIANTE DILUIDO BLUE UP FLORAL 2L,1.0,6.99
ALVEJANTE MINUANO PO PRE-LAVAGEM OXIGENIO ATIVO 500G,1.0,6.98
AGUA SANITARIA VALOR 1L,2.0,6.98
LIMPADOR MULTIUSO REAX MACA VERDE 500ML,1.0,6.98
LIMPADOR MULTIUSO BRILUX USO FACIL LAVANDA 500ML,1.0,6.9
DETERGENTE LIQUIDO GEL CARE CONCENTRADO ALOE VERA 2X512G,1.0,6.9
DESINFETANTE SOLARQUIM LAVANDA 2L,1.0,6.9
LIMPADOR PERFUMADO MAZA ROMANCE 1L,1.0,6.9
DESINFETANTE TROIA FLORAL 6X2L,1.0,6.9
AMACIANTE CONCENTRADO BY KIM SEDUCAO 500ML,1.0,6.79
DESINFETANTE CLEAN DAY CITRUS 2L,1.0,6.75
DETERGENTE LIQUIDO ATRON MACA 500ML,3.0,6.75
DESINFETANTE FLORA TALCO 2L,1.0,6.75
SBL LAVA ROUPA SURF ROSA FLOR LIS 1000ML,1.0,6.75
SBL SURF HORTÊNSIAS E FLORES BRANCAS REFIL ECONÔMICO 1L,1.0,6.7
AMACIANTE DILUIDO DLM BLUE 2L,1.0,6.69
AMACIANTE DILUIDO GIRANDO SOL CLASSIC FRESH 2L,1.0,6.69
AMACIANTE DILUIDO VAZ PEROLAS 2L,1.0,6.65
DESINFETANTE LIMPIQ EUCALIPTO 2L,1.0,6.64
DESINFETANTE ABA PLUS TALCO 1L,2.0,6.64
DETERGENTE LIQUIDO POLYMIX CRISTAL 500ML,1.0,6.59
AMACIANTE DILUIDO ATRON AZUL 1L,2.0,6.5
DESENGORDURANTE CIF LIMP LIMAO C/PULV 500ML,1.0,6.5
AMACIANTE PALTERM ELAS 160ML,13.0,6.5
DESINFETANTE BAH LAVANDA 500ML,1.0,6.5
LIMPADOR PERFUMADO VEJA PERFUMES SUAVE E CARINHO 1L,1.0,6.49
DESINFETANTE SOLUX FLORAL 2L,1.0,6.49
AGUA SANITARIA BIANCOLL 2L,1.0,6.49
DETERGENTE LIQUIDO MEKAL MACA 1L,1.0,6.49
SABAO LIQUIDO CLASSIC NATURE CLEAN 1L,1.0,6.49
LIMPADOR MULTIUSO LIMPBRAS 1L,1.0,6.49
AMACIANTE DILUIDO MARINA HARMONIA 2L,1.0,6.49
AMACIANTE DILUIDO REMMUS DELICADO 2L,1.0,6.49
AMACIANTE DILUIDO KLIP ERVA DOCE 2L,1.0,6.49
LIMPADOR MULTIUSO VEJA FLORAL 750ML,1.0,6.48
DESINFETANTE SUPER CLEAN PLUS JASMIM 500ML,2.0,6.48
LIMPADOR MULTIUSO BRILUX USO FACIL FLORAL 750ML,1.0,6.45
DETERGENTE LIQUIDO CLASSIC CLEAR 500ML,3.0,6.44
DETERGENTE LIQUIDO MAIS COCO 500ML,3.0,6.42
AMACIANTE DILUIDO ABA PLUS HOMO 2L,1.0,6.4
DESINFETANTE EDILIMP K&K 2L,1.0,6.39
LIMPADOR MULTIUSO MINUANO CAMPESTRE 500ML,2.0,6.38
AMAC.IDEALAX 2LT MAGIA,1.0,6.35
DETERGENTE LIQUIDO BEM BOM MACA 500ML,3.0,6.31
DESINFETANTE PRIMAVERA TALCO 1L,2.0,6.3
DESINFETANTE BY KIM HERBEL VERBENA 2L,1.0,6.29
DESINFETANTE QUASAR EUCALIPTO 2L,1.0,6.29
ALVEJANTE SUPER BRANCO 2L,1.0,6.25
AMACIANTE DILUIDO STARLUX 500ML,3.0,6.24
DETERGENTE LIQUIDO DAS NEVES CLEAN 500ML,3.0,6.23
DESINFETANTE VALOR EUCALIPTO 500ML,2.0,6.2
SABAO LIQUIDO YPE PREMIUM FRASCO 1L,1.0,6.2
LIMPADOR PERFUMADO MR MUSCULO LAVANDA 900ML,1.0,6.19
DESINFETANTE AROMA DO CAMPO 2L,1.0,6.19
DETERGENTE LIQUIDO SOLISAN CRISTAL 500ML,4.0,6.14
AGUA SANITARIA FLORA GF 1L,1.0,6.12
ALVEJANTE SUAVE PLUMA SEM CLORO 1L,1.0,6.1
AGUA SANITARIA UNIMIX 2L,1.0,6.0
SBP SURF BANHO DE BRANCURA 500 GRS.,2.0,6.0
DESINFETANTE MARANATA LAVANDA 2L,1.0,5.99
DESINFETANTE BLIMP PINH 2L,1.0,5.99
LIMPADOR MULTIUSO VEJA GOLD FLORAL SPRAY 500ML,1.0,5.99
LIMPADOR MULTIUSO KI JOIA CITRUS 500ML,1.0,5.99
AMACIANTE DILUIDO TALIMPO SOFT AZUL 1L,1.0,5.99
AMACIANTE CONCENTRADO BLUE UP 500ML,1.0,5.99
AMACIANTE DILUIDO POLWAX FLUFFY BABY 2L,1.0,5.99
DESINFETANTE FLORA EUCALIPTO 2L,1.0,5.99
"AMACIANTE DILUIDO SUAVE PLUMA FESTA DAS FLORES 1,75L",1.0,5.99
AMACIANTE CONCENTRADO ESPUMIL ADORAVEL FRESCOR 500ML,1.0,5.99
DESINFETANTE RELUZ SENSACAO 2L,1.0,5.99
AMACIANTE DILUIDO IDEAL ROSA 2L,1.0,5.99
AGUA SANITARIA O BOA 1L,1.0,5.99
AGUA SANITARIA LIMP 2L,1.0,5.99
DESINFETANTE ULTRALAR FLORAL 2L,1.0,5.99
DESENGORDURANTE SUPREMA GATILHO 500ML,1.0,5.99
"AMACIANTE DILUIDO SONHO SOFT ROSA 1,5L",1.0,5.99
DESINFETANTE AZULIM RELVA GEL 500ML,1.0,5.99
AGUA SANITARIA FURACAO 1L,1.0,5.99
DESINFETANTE LOOK LIMP KANOA 2L,1.0,5.99
LIMPADOR ESSENCIA MARIA BACANA FLORAL 100ML,1.0,5.99
AMACIANTE DILUIDO ROSSI FLORAL 2L,1.0,5.99
DESINFETANTE BATUTA LAVANDA 1L,1.0,5.98
AMACIANTE DILUIDO IAPO CARINHO 500ML,2.0,5.98
AGUA SANITARIA KEDNA 1L,2.0,5.98
AMACIANTE DILUIDO BIO-KRISS BLUE 500ML,2.0,5.98
AMACIANTE DILUIDO LAVANDEIRA SEDUÇÃO 500ML,2.0,5.98
SABAO EM PO UBERABA 1KG,1.0,5.98
DESINFETANTE RELUZ ESTILETUS 1L,3.0,5.97
DESINFETANTE CASAFLOR MARINE 1L,1.0,5.95
DESINFETANTE PINHO LUMI FLORAL 500ML,6.0,5.94
AGUA SANITARIA MARINA 6X2L,1.0,5.9
DESINFETANTE ANTARES SILVESTRE 2L,1.0,5.89
DESINFETANTE ANTARES JASMIM 2L,1.0,5.89
AMACIANTE DILUIDO LAVANDA 2L,1.0,5.85
DESINFETANTE LISA TRADICIONAL 2L,1.0,5.84
DESINFETANTE SUPER GLOBO LAVANDA 2L,1.0,5.8
AMACIANTE DILUIDO SUMMER ACONCHEGO 2L,1.0,5.79
DETERGENTE LIQUIDO EUCANOL MACA 500ML,3.0,5.79
DESINFETANTE COTTONY JASMIM 2L,1.0,5.69
"DESINFETANTE POLITRIZ HERBAL 1,75L",1.0,5.69
DESINFETANTE DUBON EVA AMARELO PALMOLIVE 2L,1.0,5.65
LAVA ROUPAS NC AROMAS 1L,1.0,5.59
LIMPADOR PERFUMADO ASTRAL PINHO 500ML,1.0,5.59
LIMPADOR PERFUMADO MR MUSCULO LAVANDA 1.8L,1.0,5.59
LIMPADOR PERFUMADO SHERON AROMA DO CAMPO 2L,1.0,5.59
AMACIANTE DILUIDO KOKINOS 2L,1.0,5.59
AMACIANTE DILUIDO MINUANO ENERGIA VIBRANTE 2L,1.0,5.58
DESINFETANTE DIVICLEAN LAVANDA 5L,2.0,5.58
LIMPADOR PERFUMADO YSO CONDOR TALCO 500ML,4.0,5.56
AMACIANTE DILUIDO CLAMAND BRISA MAR AZUL 2L,1.0,5.5
AMACIANTE DILUIDO CONCENTRADO CAMPESTRE TOQUE SUAVE 2L,1.0,5.5
SABAO EM PO TODOBOM LAVANDA 500G,2.0,5.5
AGUA SANITARIA ANCHIETA COM CLORO 1L,2.0,5.5
DESINFETANTE SCARLIM FLORES DE EUCALIPTO 2L,1.0,5.5
DESINFETANTE VIWACE FLORAL 2L,1.0,5.49
SABAO EM PO BONNY CLEAN FLORAL SC 1KG,1.0,5.49
LIMPADOR PERFUMADO ADELA EUCALIPTO 2L,1.0,5.49
AGUA SANITARIA DELIM 2L,1.0,5.49
DESINFETANTE BRILHEX LEITE DE ROSAS 1L,1.0,5.49
DESINFETANTE LIMPACT LAVANDA 2L,1.0,5.49
DESINFETANTE LIMPEMAX FLORAL 2L,1.0,5.45
DESINFETANTE BRILHEX LAVANDA 1L,1.0,5.45
DESINFETANTE LIMPA MAIS PINHO LIMAO 500ML,3.0,5.4
AGUA SANITARIA MULTIFACIL TRAD 1L,3.0,5.37
DETERGENTE LIQUIDO HIPPER COCO 500ML,2.0,5.3
LAVA ROUPAS PO COMFORT 400G HIDRA SERUM,1.0,5.29
DESINFETANTE NIDA LAVANDA E ALECRIM 500ML,1.0,5.29
LIMPADOR PERFUMADO PRATICE ELEGANCE 500ML,1.0,5.28
AMACIANTE DILUIDO MON BIJOU PRIMAVERA 500L,2.0,5.24
DESINFETANTE BELO BRILHO PRIMAVERA 2L,1.0,5.2
DETERGENTE LIQUIDO CLEAN VALE NEUTRO 500ML,2.0,5.2
DESINFETANTE MARANATA 2L,1.0,5.2
DESINFETANTE MILLE EUCALIPTO 2L,1.0,5.2
DESINFETANTE STARLUX AROMA DO CAMPO 2L,1.0,5.19
DESINFETANTE VOFSI S/PERFUME 2L,1.0,5.19
DESINFETANTE KALIPTO TALCO 2L,1.0,5.05
LIMPEZA PESADA YPE LEMON EXTREME 30% DESC 500ML,1.0,5.03
LIMP VEJA LIMPEZA PESADA ORIGINAL 24X500ML,1.0,5.0
LIMPADOR MULTIUSO MR MUSCULO CITRUS SQZ 500ML,1.0,5.0
DESINFETANTE ATTO CAMPESTRE 500ML,2.0,5.0
DESINFETANTE POLITRIZ MARINE 1L,1.0,5.0
LIMPADOR MULTIUSO VALOR CITRUS SPRAY 500ML,1.0,4.99
AMACIANTE DILUIDO NUP 2L,1.0,4.99
AMACIANTE DILUIDO FOFIX  PIMEVERA 2L,1.0,4.99
LIMPADOR PERFUMADO UTIL FLORES DO CAMPO 500ML,1.0,4.99
LIMPADOR MULTIUSO MR MUSCULO LAVANDA SQZ 500ML,1.0,4.99
LIMPADOR PERFUMADO SHERON LITORAL 2L,1.0,4.99
LIMPADOR PERFUMADO R MAX TALCO 2L,1.0,4.99
LIMPADOR PERFUMADO WARLIKE JASMIM 2L,1.0,4.99
SABAO EM PO ACE 750G,1.0,4.99
AMAC. FLOPPY SUNNY GFA PLAST 5000 ML,1.0,4.99
LIMPADOR PERFUMADO CASA DE MAE LAVANDA 500ML,1.0,4.99
AGUA SANITARIA KLARINHA 2L,1.0,4.99
LIMPADOR ESSENCIA NOGUEIRA ERVA DOCE 100ML,1.0,4.99
LIMPADOR DE VIDRO BY KIM COM ALCOOL GATILHO 500ML,1.0,4.99
AMACIANTE DILUIDO ACTUALY 2L,1.0,4.99
DESINFETANTE LIMP LAR LAR DAVENE 2L,1.0,4.99
DESINFETANTE OMO HERBAL 500ML,1.0,4.99
LIMPADOR PERFUMADO ESTRELA BAMBU 1L,1.0,4.99
LIMPADOR PERFUMADO CASAFLOR HARMONY 500ML,1.0,4.99
LIMPEZA PESADA QUALITA SEM CLORO FSCO 500ML,1.0,4.99
DESINFETANTE CAMPESTRE 1L,1.0,4.99
DESINFETANTE SELECT FLORAL 2L,1.0,4.99
SABAO EM PO BREEZE SACHE 500G,2.0,4.98
DETERGENTE LIQUIDO LIMPA BEM CRISTAL 500ML,3.0,4.95
SABAO PO INVICTO COCO 500G,1.0,4.95
DETERGENTE LIQUIDO LIMPA BEM NEUTRO 500ML,3.0,4.95
LIMPADOR MULTIUSO VEJA 4 EM 1 MACA VERDE 500ML,1.0,4.95
DESINFETANTE OMO PISOS LAVANDA 450ML,1.0,4.9
AGUA SANITARIA PRO WATER BRANCA 1L,1.0,4.89
DETERGENTE LIQUIDO SOLISAN COCO 500ML,3.0,4.89
LIMPADOR DE BANHEIRO YPE TIRA LIMO ATIVO GEL 520G,1.0,4.89
DESINFETANTE MINUANO TRADICIONAL 500ML,2.0,4.89
SABAO LIQUIDO BRILUX REFIL DILUIDO 500ML,1.0,4.85
SABAO LIQUIDO TRIEX BABY 1L,1.0,4.85
LIMPADOR DE VIDRO MAIS FAMILIA 500ML,1.0,4.8
LIMPADOR PERFUMADO GOTA LIMPA FRESH 500ML,1.0,4.79
DESINFETANTE BATUTA LAVANDA 750ML,1.0,4.79
SABAO EM PO BRANMIX FLORAL 500G,2.0,4.78
DESINFETANTE BRILUX EUCALIPTO 2L,1.0,4.75
LIMPADOR PERFUMADO CASA DE MAE ROSE 500ML,1.0,4.75
DETERGENTE LIQUIDO BELO BRILHO MACA 500ML,3.0,4.69
LIMPADOR MULTIUSO RISSILIM 3 EM 1 500ML,1.0,4.69
SABAO EM PO ASSIM TRIPLACAO ALGODAO CX 500G,1.0,4.69
AMACIANTE DILUIDO DESOLIMP AZUL 1L,1.0,4.65
SABAO EM PO GIRANDO SOL FLORAL 500G,1.0,4.59
AGUA SANITARIA DAVO 2L,1.0,4.59
DESINFETANTE ATINA 2L EUCALIPTO,1.0,4.59
DESINFETANTE ATUAL PINHO 500ML,2.0,4.58
AMACIANTE DILUIDO ECONOMICO ALOE VERA VERDE 500ML,2.0,4.58
LIMPADOR PERFUMADO MR MUSCULO LEMBRANCA DE INFANCIA 500ML,1.0,4.55
DETERGENTE LIQUIDO ATRON LIMAO 500ML,2.0,4.5
SABAO EM PO SURF CAMINHANDO SOBRE PETALAS 500G,2.0,4.5
SABAO EM PO UNOLAR LAVANDA SACHE 500G,1.0,4.5
DESINFETANTE SCARLIM ROSAS E JASMIM 2L,1.0,4.5
DETERGENTE LIQUIDO CUSTODIO LIMAO 500ML,2.0,4.5
DETERGENTE LIQUIDO ATRON COCO 500ML,2.0,4.5
DESINFETANTE KIMPOL FLORAL 2L,1.0,4.5
DESINFETANTE ALKA 2L,1.0,4.49
SABAO EM PO MINUANO ACAO PROFUNDA 500G,1.0,4.49
SBPO INVICTO MACIEZ CM FLORES DO CAM E ALOE VERA CXPP 1000 G,1.0,4.49
DESENGORDURANTE URCA 500ML,1.0,4.49
SABAO ARIEL 200 ML,1.0,4.49
LIMPADOR PERFUMADO BEM FAZ CALM 500ML,1.0,4.49
LIMPADOR DE VIDRO CASA E PERFUME SECAGEM RAPIDA REFIL 500ML,1.0,4.49
LIMPADOR DE VIDRO PRATICE  3 EM 1 REFIL 500ML,1.0,4.49
LIMPADOR MULTIUSO DONE ANTIBAC SQUEEZE 500ML,1.0,4.49
DESINFETANTE ALKA LAVANDA 2L,1.0,4.49
DETERGENTE LIQUIDO CLEAR FC 500ML,2.0,4.49
DESINFETANTE ORIENTAL EUCALIPTO 500ML,3.0,4.47
AGUA SANITARIA SAPUCAI 1L,2.0,4.38
CLORO PURO SANSAO 5L,1.0,4.3
LIMPADOR ESSENCIA MARIA BACANA TALCO 100ML,1.0,4.3
LIMPADOR MULTIUSO VEJA 4EM1 CITRUS REFIL 500ML,1.0,4.29
LIMPADOR MULTIUSO ZAP CLEAN LARANJA SQUEEZE 500ML,1.0,4.29
DESINF YSO CRISTAL EUCALIPTO 2L,1.0,4.29
DETERGENTE LIQUIDO ABA PLUS LIMAO 1L,1.0,4.19
DETERGENTE LIQUIDO ABA PLUS NEUTRO 1L,1.0,4.19
DESINFETANTE SCARLIM FLORAL 2L,1.0,4.19
DESINFETANTE QIT IGUATEMI 2L,1.0,4.19
DESINFETANTE INCOLIMP JASMIM 500ML,1.0,4.15
LAVA ROUPA LIQ  ARIEL POWER PODS 57X24 M,1.0,4.04
DESINFETANTE SCARLIM FLORES LAVANDA 2L,1.0,4.0
LIMPADOR PERFUMADO PLIN CAMPESTRE 2L,1.0,3.99
LIMPEZA PESADA PRATICE FLORAL 500ML,1.0,3.99
DESINFETANTE INCOLIMP PINHO 500ML,1.0,3.99
SABAO EM PO ASSIM TRIPLACAO CX 1KG,1.0,3.99
ALVEJANTE LAVEX CRUZADO 2L,1.0,3.99
SABAO LIQUIDO PLUSH INTIMAS 250ML,1.0,3.99
LIMPADOR PERFUMADO VEJA MARINE 500ML,1.0,3.99
LIMPADOR PERFUMADO CASAFLOR ENERGY 500ML,1.0,3.99
AMACIANTE CONCENTRADO DONA CLARA CLASSICO 500ML,1.0,3.99
AGUA SANITARIA TAMBORE 1L,1.0,3.99
AMACIANTE CONCENTRADO ESPUMIL PAIXAO INTENSA 2L,1.0,3.99
LIMPADOR PERFUMADO PLIN ROSA 2L,1.0,3.99
AMACIANTE DILUIDO ANCHIETA AZUL ESPECIAL 2L,1.0,3.99
LIMPADOR PERFUMADO MARINA LAVANDA E CAMOMILA 500ML,1.0,3.99
DESINFETANTE SKY FLORAL 2L,1.0,3.99
LIMPADOR MULTIUSO CIF EM PO CARTUCHO 400G,1.0,3.99
SABAO EM PO MAXISSO PITANGA 500G,2.0,3.98
SABAO EM PO SURF FORCA DA NATUREZA 500G,2.0,3.98
AGUA SANITARIA ARIA AMAZONIA PLUS 1L,2.0,3.98
LIMPADOR PERFUMADO MINUANO VERDE 500ML,1.0,3.95
DESINFETANTE URCA LIMAO 500ML,1.0,3.95
LIMPADOR DE VIDRO WORKER 500ML,1.0,3.94
DESINFETANTE TAPAJOS LAVANDA 500ML,1.0,3.91
DETERGENTE LIQUIDO EUCANOL NEUTRO 500ML,2.0,3.89
DETERGENTE LIQUIDO EUCANOL LIMAO 500ML,2.0,3.89
DESINFETANTE PANTER TRADICIONAL 500ML,1.0,3.85
DESINFETANTE LIMPA BEM TRADICIONAL 500ML,2.0,3.85
DESINFETANTE PRIMAVERA TALCO 2L,1.0,3.85
SABAO EM PO INVICTO 500G BRANCO TOTAL CAIXA,1.0,3.82
DESINFETANTE CANDEIAS MARINER 500ML,1.0,3.79
DETERGENTE LIQUIDO MULTI JOB CLEAR 500ML,2.0,3.78
LIMPADOR MULTIUSO LIMP PERFECT LIMPEZA PROFUNDA 600ML,1.0,3.75
AGUA SANITARIA SETIMO CEU GF 1L,1.0,3.75
SABAO EM PO BEM TE VI PERFUME DA NATUREZA 200G,3.0,3.74
ALVEJANTE ECONOMICO PERFUMADO LAVANDA 1L,1.0,3.69
AMACIANTE DILUIDO CANDEIAS AZUL 500ML,1.0,3.69
DESINFETANTE LIMPA MAIS GLAYD 500ML,2.0,3.64
ALVEJANTE TEIU 450ML,1.0,3.59
DESENGORDURANTE MAXXY LIMP 500ML,1.0,3.59
DETERGENTE LIQUIDO SUPER BRILHO LAVANDA 500ML,2.0,3.58
DESINFETANTE DICLORO FESTA DAS FLORES 500ML,1.0,3.5
DESINFETANTE RADIANTE ORVALHO 750ML,1.0,3.5
DESINFETANTE DICLORO KAIKE 500ML,1.0,3.5
DESINFETANTE BATUTA EUCALIPTO 750ML,1.0,3.5
DETERGENTE LIQUIDO CLASSIC NEUTRO 500ML,1.0,3.5
AGUA SANITARIA SUPER BOA GF 1L,1.0,3.49
DESINFETANTE QIT IGUATEMI 1L,1.0,3.49
LIMPADOR MULTIUSO SUPER GLOBO ALCOOL SQUEEZE 500ML,1.0,3.49
DESINFETANTE LIMPEMAX IGUATEMI 1L,1.0,3.49
DESINFETANTE POLITRIZ CLASSIC 500ML,1.0,3.49
DESINFETANTE ZAB EUCALIPTO 1L,1.0,3.49
DESINFETANTE KALIPTO TALCO 750ML,1.0,3.49
DESINFETANTE SUPER GLOBO CITRUS 500ML,1.0,3.49
SABAO EM PO SURF,1.0,3.48
LIMPADOR MULTIUSO BELGA LAVANDA 550ML,1.0,3.39
LIMPADOR MULTIUSO CLASSE A ORIGINAL 500ML,1.0,3.39
AGUA SANITARIA POLIBAO ORIGINAL 2L,2.0,3.38
AMACIANTE DILUIDO SONHO MAGIC 500ML,1.0,3.36
LIMPADOR DE VIDRO IMPERIAL PLUS 500ML,1.0,3.35
SBPO SURF BANHO DE BRANCURA SC PLAST 1000G,1.0,3.31
DETERGENTE LIQUIDO LIMPA BEM LIMAO 500ML,2.0,3.3
DETERGENTE LIQUIDO LIMPA BEM COCO 500ML,2.0,3.3
LIMPADOR PERFUMADO PRATICE ATRACTIVE 500ML,1.0,3.29
LIMPADOR PERFUMADO AJAX FESTA DAS FLORES VERMELHAS CM 500ML,1.0,3.29
SBP MINERVA FLORAL 500G,1.0,3.29
SABAO PO OMO CORES 500G,1.0,3.29
SABAO EM PO BRIL ODOR 500G,1.0,3.25
SBPO INVICTO FORCA TOTAL CX PP 500G,1.0,3.25
DESINFETANTE LAVANDEX PINHO 500ML,1.0,3.25
DESINFETANTE EUCANOL EUCALIPTO 1L,1.0,3.24
SABAO EM PO BEM TE VI SUPER BRANCO 200G,2.0,3.24
LIMPADOR MULTIUSO PRATICE LAVANDA SQUEEZE 500ML,1.0,3.19
AMACIANTE DILUIDO ARCO IRIS 500ML,1.0,3.14
SBL ARIEL SOLUCAO TOTAL CM N/IDENT PLAST  500ML,1.0,3.0
LAVA ROUPAS PO INVICTO 500G LAVANDA,1.0,3.0
DESINFETANTE LAVANDEX LAVANDA 500ML,1.0,2.99
DESINFETANTE BIO-KRISS EUCALIPTO 1L,1.0,2.99
SABAO EM PO TIXAN YPE PRIMAVERA 2X500G + AMACIANTE CONC 1L,1.0,2.99
SABAO EM PO BEM TR VI BANHO DE CHEIRO SHC  500G,1.0,2.99
SABAO EM PO ACE SC 500G,1.0,2.99
DETERGENTE LIQUIDO LISA NEUTRO 500ML,2.0,2.98
DETERGENTE LIQUIDO SUPER BRILHO NEUTRO 500ML,3.0,2.97
AMACIANTE DILUIDO NUTRILAR TERNURA  500ML,1.0,2.95
AMACIANTE PLUSH CARINHO 600ML,2.0,2.92
LIMPADOR MULTIUSO PRATICE CLASSICO SQUEEZE 500ML,1.0,2.85
AMACIANTE DILUIDO NUTRILAR CARICIA 500ML,1.0,2.85
LIMPADOR MULTIUSO DAFLOR 500ML,1.0,2.78
AGUA SANITARIA HIPER PLUS 1L,1.0,2.75
DESINFETANTE LIMPEMAX CAMPESTRE 1L,1.0,2.75
SABAO EM PO GUNE AZUL SACHE 400G,1.0,2.75
DESINFETANTE IGUAL LAVANDA 1L,1.0,2.71
DETERGENTE LIQUIDO BEL LIMPO NEUTRO 500ML,1.0,2.68
AMACIANTE DILUIDO TAQLIMPO SEDUCAO 2L,1.0,2.65
ALVEJANTE SOLIMPE HIPOCLORITO 2L,1.0,2.6
DETERGENTE LIQUIDO HIPER PLUS CRISTAL 500ML,1.0,2.59
DETERGENTE LIQUIDO ISABEL LIMAO 500ML,2.0,2.58
DETERGENTE LIQUIDO FONT LARANJA 500ML,1.0,2.5
AGUA SANITARIA TROIA AZUL 1L,1.0,2.5
DETERGENTE LIQUIDO MAXLIM MAR DO CARIBE 500ML,1.0,2.49
DESINFETANTE JANGADA 500ML,1.0,2.49
MULTIUSO LIMPEMAX 500 ML,1.0,2.49
SABAO LIQUIDO PRINCESA LAVANDA 500ML,1.0,2.45
ALVEJANTE CLOROMAX DE LAVANDA 1L,1.0,2.4
ALVEJANTE GOTA LIMPA FLORAL COM CLORO 1L,1.0,2.35
SABAO EM PO TROIA LAVANDA 500G,1.0,2.34
SBPO SURF BANHO DE BRANCURA CX PP 500 G,1.0,2.29
DETERGENTE LIQUIDO COMBATE MOR 500ML,1.0,2.25
AGUA SANITARIA GOTA LIMPA 1L,1.0,2.25
DESINFETANTE ATRON LAVANDA 500ML,1.0,2.19
AGUA SANITARIA LIMPA MAIS MULTI USO 1L,1.0,2.19
DETERGENTE LIQUIDO BEM BOM NEUTRO 500ML,1.0,2.11
DESINFETANTE CLEAN PLUS BRISA 750ML,1.0,2.1
DETERGENTE LIQUIDO MAXLIM MACA 500ML,1.0,2.09
SABAO PO BEM TE VI VERAO 200G,2.0,2.08
LIMPEZA PESADA VEJA ORIGINAL PERFUMADO SACHET REFIL 150ML,1.0,2.0
LIMPEZA PESADA UAU 3 EM 1 FLORES E FOLHAS 500ML,1.0,2.0
DESINFETANTE ATOL EUCALIPTO 750ML,1.0,2.0
AMACIANTE DILUIDO NUTRILAR TOQUE SUAVE 500ML,1.0,1.99
DETERGENTE LIQUIDO SUPER LAR MACA 500ML,1.0,1.99
AMACIANTE DILUIDO TEIU ROSAS AMOR 500ML,1.0,1.99
DETERGENTE LIQUIDO BRILHANTE CLEAR 500ML,1.0,1.95
DETERGENTE LIQUIDO ESFRELUX COCO 500ML,1.0,1.89
SABAO EM PO JARAGUA FLORES DO CAMPO 500G,1.0,1.89
DETERGENTE LIQUIDO TROIA NEUTRO 500ML,1.0,1.89
AMACIANTE DILUIDO MARILUX FLORAL 1L,1.0,1.89
LIMPADOR MULTIUSO QBOA 500ML,1.0,1.87
DESINFETANTE CANDURA CLORADO 1L,1.0,1.8
DETERGENTE LIQUIDO LIMPA TUDO MACA 500ML,1.0,1.75
AMACIANTE DILUIDO ORIENTAL TERNURA 500ML,1.0,1.75
DETERGENTE LIQUIDO FONTANA NEUTRO 500ML,1.0,1.7
DETERGENTE LIQUIDO DONA MARHIA NEUTRO 500ML,1.0,1.65
DETERGENTE LIQUIDO LIMPA BEM MACA 500ML,1.0,1.65
DETERGENTE LIQUIDO LIMPA BEM ERVA DOCE 500ML,1.0,1.65
DESINFETANTE PINHO SOL ORIGINAL 200 ML.,1.0,1.64
AGUA SANITARIA FLORAL 1L,1.0,1.55
DETERGENTE LIQUIDO ATOL CRISTAL 500ML,1.0,1.55
DETERGENTE LIQUIDO TRI-D LIMAO 500ML,1.0,1.49
DETERGENTE LIQUIDO ALE NEUTRO 500ML,1.0,1.49
AGUA SANITARIA ALE GF 1L,1.0,1.49
DESINFETANTE ARCHOTE 500ML,1.0,1.49
DESINFETANTE ATOL LIMAO 500ML,1.0,1.49
DETERGENTE LIQUIDO ASTOLLI COCO 500ML,1.0,1.45
AMACIANTE DILUIDO MON BIJOU BABY 500ML,1.0,1.41
SABAO EM PO ACE ANIL 500G,1.0,1.39
SABAO EM PO EVA PERFUMADO 500G,1.0,1.34
AGUA SANITARIA GUT LAR 1L,1.0,1.3
DETERGENTE LIQUIDO ALPES UVA 500ML,1.0,1.29
LIMPEZA PESADA PRATICE LIMAO 500ML,1.0,1.19
AGUA SANITARIA ZLAR 1L,1.0,1.19
AMACIANTE DILUIDO MON BIJOU PESSEGO 500ML,1.0,1.11
DESINFETANTE POLITRIZ FLORAL CONCENTRADO 220ML,1.0,0.88
SABAO PO BEM TE VI BANHO CHEIRO 200G,1.0,0.88
DETERGENTE LIQUIDO CB 500ML,26.0,0.26
DESINFETANTE LIMPA PISOS OMO BRISA DO OCEANO 450ML,4.0,0.04
LIMPADOR ESSENCIA CONCENTRADO COALA  ALGAS MARINHAS 120ML,136.0,-532.37
LIMPADOR ESSENCIA CONCENTRADO COALA CAPIM LIMAO 120ML,112.0,-1782.85
LIMPADOR ESSENCIA CONCENTRADO COALA CHA BRANCO 120ML,652.0,-13189.03
